{
  "type": "File",
  "start": 0,
  "end": 226,
  "loc": {
    "start": {
      "line": 1,
      "column": 0
    },
    "end": {
      "line": 14,
      "column": 0
    }
  },
  "program": {
    "type": "Program",
    "start": 0,
    "end": 226,
    "loc": {
      "start": {
        "line": 1,
        "column": 0
      },
      "end": {
        "line": 14,
        "column": 0
      }
    },
    "sourceType": "module",
    "body": [
      {
        "type": "ImportDeclaration",
        "start": 0,
        "end": 35,
        "loc": {
          "start": {
            "line": 1,
            "column": 0
          },
          "end": {
            "line": 1,
            "column": 35
          }
        },
        "specifiers": [
          {
            "type": "ImportDefaultSpecifier",
            "start": 7,
            "end": 14,
            "loc": {
              "start": {
                "line": 1,
                "column": 7
              },
              "end": {
                "line": 1,
                "column": 14
              }
            },
            "local": {
              "type": "Identifier",
              "start": 7,
              "end": 14,
              "loc": {
                "start": {
                  "line": 1,
                  "column": 7
                },
                "end": {
                  "line": 1,
                  "column": 14
                },
                "identifierName": "FileDoc"
              },
              "name": "FileDoc"
            }
          }
        ],
        "importKind": "value",
        "source": {
          "type": "StringLiteral",
          "start": 20,
          "end": 34,
          "loc": {
            "start": {
              "line": 1,
              "column": 20
            },
            "end": {
              "line": 1,
              "column": 34
            }
          },
          "extra": {
            "rawValue": "./FileDoc.js",
            "raw": "'./FileDoc.js'"
          },
          "value": "./FileDoc.js"
        },
        "trailingComments": [
          {
            "type": "CommentBlock",
            "value": "*\n * Doc class for test code file.\n ",
            "start": 37,
            "end": 77,
            "loc": {
              "start": {
                "line": 3,
                "column": 0
              },
              "end": {
                "line": 5,
                "column": 3
              }
            }
          }
        ]
      },
      {
        "type": "ExportDefaultDeclaration",
        "start": 78,
        "end": 225,
        "loc": {
          "start": {
            "line": 6,
            "column": 0
          },
          "end": {
            "line": 13,
            "column": 1
          }
        },
        "declaration": {
          "type": "ClassDeclaration",
          "start": 93,
          "end": 225,
          "loc": {
            "start": {
              "line": 6,
              "column": 15
            },
            "end": {
              "line": 13,
              "column": 1
            }
          },
          "id": {
            "type": "Identifier",
            "start": 99,
            "end": 110,
            "loc": {
              "start": {
                "line": 6,
                "column": 21
              },
              "end": {
                "line": 6,
                "column": 32
              },
              "identifierName": "TestFileDoc"
            },
            "name": "TestFileDoc",
            "leadingComments": null
          },
          "superClass": {
            "type": "Identifier",
            "start": 119,
            "end": 126,
            "loc": {
              "start": {
                "line": 6,
                "column": 41
              },
              "end": {
                "line": 6,
                "column": 48
              },
              "identifierName": "FileDoc"
            },
            "name": "FileDoc"
          },
          "body": {
            "type": "ClassBody",
            "start": 127,
            "end": 225,
            "loc": {
              "start": {
                "line": 7,
                "column": 0
              },
              "end": {
                "line": 13,
                "column": 1
              }
            },
            "body": [
              {
                "type": "ClassMethod",
                "start": 168,
                "end": 223,
                "loc": {
                  "start": {
                    "line": 9,
                    "column": 3
                  },
                  "end": {
                    "line": 12,
                    "column": 4
                  }
                },
                "computed": false,
                "key": {
                  "type": "Identifier",
                  "start": 168,
                  "end": 174,
                  "loc": {
                    "start": {
                      "line": 9,
                      "column": 3
                    },
                    "end": {
                      "line": 9,
                      "column": 9
                    },
                    "identifierName": "_$kind"
                  },
                  "name": "_$kind",
                  "leadingComments": null
                },
                "static": false,
                "kind": "method",
                "id": null,
                "generator": false,
                "expression": false,
                "async": false,
                "params": [],
                "body": {
                  "type": "BlockStatement",
                  "start": 180,
                  "end": 223,
                  "loc": {
                    "start": {
                      "line": 10,
                      "column": 3
                    },
                    "end": {
                      "line": 12,
                      "column": 4
                    }
                  },
                  "body": [
                    {
                      "type": "ExpressionStatement",
                      "start": 188,
                      "end": 218,
                      "loc": {
                        "start": {
                          "line": 11,
                          "column": 6
                        },
                        "end": {
                          "line": 11,
                          "column": 36
                        }
                      },
                      "expression": {
                        "type": "AssignmentExpression",
                        "start": 188,
                        "end": 217,
                        "loc": {
                          "start": {
                            "line": 11,
                            "column": 6
                          },
                          "end": {
                            "line": 11,
                            "column": 35
                          }
                        },
                        "operator": "=",
                        "left": {
                          "type": "MemberExpression",
                          "start": 188,
                          "end": 204,
                          "loc": {
                            "start": {
                              "line": 11,
                              "column": 6
                            },
                            "end": {
                              "line": 11,
                              "column": 22
                            }
                          },
                          "object": {
                            "type": "MemberExpression",
                            "start": 188,
                            "end": 199,
                            "loc": {
                              "start": {
                                "line": 11,
                                "column": 6
                              },
                              "end": {
                                "line": 11,
                                "column": 17
                              }
                            },
                            "object": {
                              "type": "ThisExpression",
                              "start": 188,
                              "end": 192,
                              "loc": {
                                "start": {
                                  "line": 11,
                                  "column": 6
                                },
                                "end": {
                                  "line": 11,
                                  "column": 10
                                }
                              }
                            },
                            "property": {
                              "type": "Identifier",
                              "start": 193,
                              "end": 199,
                              "loc": {
                                "start": {
                                  "line": 11,
                                  "column": 11
                                },
                                "end": {
                                  "line": 11,
                                  "column": 17
                                },
                                "identifierName": "_value"
                              },
                              "name": "_value"
                            },
                            "computed": false
                          },
                          "property": {
                            "type": "Identifier",
                            "start": 200,
                            "end": 204,
                            "loc": {
                              "start": {
                                "line": 11,
                                "column": 18
                              },
                              "end": {
                                "line": 11,
                                "column": 22
                              },
                              "identifierName": "kind"
                            },
                            "name": "kind"
                          },
                          "computed": false
                        },
                        "right": {
                          "type": "StringLiteral",
                          "start": 207,
                          "end": 217,
                          "loc": {
                            "start": {
                              "line": 11,
                              "column": 25
                            },
                            "end": {
                              "line": 11,
                              "column": 35
                            }
                          },
                          "extra": {
                            "rawValue": "testFile",
                            "raw": "'testFile'"
                          },
                          "value": "testFile"
                        }
                      }
                    }
                  ],
                  "directives": []
                },
                "leadingComments": [
                  {
                    "type": "CommentBlock",
                    "value": "* set ``testFile`` to kind. ",
                    "start": 132,
                    "end": 164,
                    "loc": {
                      "start": {
                        "line": 8,
                        "column": 3
                      },
                      "end": {
                        "line": 8,
                        "column": 35
                      }
                    }
                  }
                ]
              }
            ]
          },
          "leadingComments": [
            {
              "type": "CommentBlock",
              "value": "*\n * Doc class for test code file.\n ",
              "start": 37,
              "end": 77,
              "loc": {
                "start": {
                  "line": 3,
                  "column": 0
                },
                "end": {
                  "line": 5,
                  "column": 3
                }
              }
            }
          ],
          "trailingComments": []
        },
        "leadingComments": [
          {
            "type": "CommentBlock",
            "value": "*\n * Doc class for test code file.\n ",
            "start": 37,
            "end": 77,
            "loc": {
              "start": {
                "line": 3,
                "column": 0
              },
              "end": {
                "line": 5,
                "column": 3
              }
            }
          }
        ]
      }
    ],
    "directives": []
  },
  "comments": [
    {
      "type": "CommentBlock",
      "value": "*\n * Doc class for test code file.\n ",
      "start": 37,
      "end": 77,
      "loc": {
        "start": {
          "line": 3,
          "column": 0
        },
        "end": {
          "line": 5,
          "column": 3
        }
      }
    },
    {
      "type": "CommentBlock",
      "value": "* set ``testFile`` to kind. ",
      "start": 132,
      "end": 164,
      "loc": {
        "start": {
          "line": 8,
          "column": 3
        },
        "end": {
          "line": 8,
          "column": 35
        }
      }
    }
  ],
  "tokens": [
    {
      "type": {
        "label": "import",
        "keyword": "import",
        "beforeExpr": false,
        "startsExpr": false,
        "rightAssociative": false,
        "isLoop": false,
        "isAssign": false,
        "prefix": false,
        "postfix": false,
        "binop": null,
        "updateContext": null
      },
      "value": "import",
      "start": 0,
      "end": 6,
      "loc": {
        "start": {
          "line": 1,
          "column": 0
        },
        "end": {
          "line": 1,
          "column": 6
        }
      }
    },
    {
      "type": {
        "label": "name",
        "beforeExpr": false,
        "startsExpr": true,
        "rightAssociative": false,
        "isLoop": false,
        "isAssign": false,
        "prefix": false,
        "postfix": false,
        "binop": null
      },
      "value": "FileDoc",
      "start": 7,
      "end": 14,
      "loc": {
        "start": {
          "line": 1,
          "column": 7
        },
        "end": {
          "line": 1,
          "column": 14
        }
      }
    },
    {
      "type": {
        "label": "name",
        "beforeExpr": false,
        "startsExpr": true,
        "rightAssociative": false,
        "isLoop": false,
        "isAssign": false,
        "prefix": false,
        "postfix": false,
        "binop": null
      },
      "value": "from",
      "start": 15,
      "end": 19,
      "loc": {
        "start": {
          "line": 1,
          "column": 15
        },
        "end": {
          "line": 1,
          "column": 19
        }
      }
    },
    {
      "type": {
        "label": "string",
        "beforeExpr": false,
        "startsExpr": true,
        "rightAssociative": false,
        "isLoop": false,
        "isAssign": false,
        "prefix": false,
        "postfix": false,
        "binop": null,
        "updateContext": null
      },
      "value": "./FileDoc.js",
      "start": 20,
      "end": 34,
      "loc": {
        "start": {
          "line": 1,
          "column": 20
        },
        "end": {
          "line": 1,
          "column": 34
        }
      }
    },
    {
      "type": {
        "label": ";",
        "beforeExpr": true,
        "startsExpr": false,
        "rightAssociative": false,
        "isLoop": false,
        "isAssign": false,
        "prefix": false,
        "postfix": false,
        "binop": null,
        "updateContext": null
      },
      "start": 34,
      "end": 35,
      "loc": {
        "start": {
          "line": 1,
          "column": 34
        },
        "end": {
          "line": 1,
          "column": 35
        }
      }
    },
    {
      "type": "CommentBlock",
      "value": "*\n * Doc class for test code file.\n ",
      "start": 37,
      "end": 77,
      "loc": {
        "start": {
          "line": 3,
          "column": 0
        },
        "end": {
          "line": 5,
          "column": 3
        }
      }
    },
    {
      "type": {
        "label": "export",
        "keyword": "export",
        "beforeExpr": false,
        "startsExpr": false,
        "rightAssociative": false,
        "isLoop": false,
        "isAssign": false,
        "prefix": false,
        "postfix": false,
        "binop": null,
        "updateContext": null
      },
      "value": "export",
      "start": 78,
      "end": 84,
      "loc": {
        "start": {
          "line": 6,
          "column": 0
        },
        "end": {
          "line": 6,
          "column": 6
        }
      }
    },
    {
      "type": {
        "label": "default",
        "keyword": "default",
        "beforeExpr": true,
        "startsExpr": false,
        "rightAssociative": false,
        "isLoop": false,
        "isAssign": false,
        "prefix": false,
        "postfix": false,
        "binop": null,
        "updateContext": null
      },
      "value": "default",
      "start": 85,
      "end": 92,
      "loc": {
        "start": {
          "line": 6,
          "column": 7
        },
        "end": {
          "line": 6,
          "column": 14
        }
      }
    },
    {
      "type": {
        "label": "class",
        "keyword": "class",
        "beforeExpr": false,
        "startsExpr": false,
        "rightAssociative": false,
        "isLoop": false,
        "isAssign": false,
        "prefix": false,
        "postfix": false,
        "binop": null,
        "updateContext": null
      },
      "value": "class",
      "start": 93,
      "end": 98,
      "loc": {
        "start": {
          "line": 6,
          "column": 15
        },
        "end": {
          "line": 6,
          "column": 20
        }
      }
    },
    {
      "type": {
        "label": "name",
        "beforeExpr": false,
        "startsExpr": true,
        "rightAssociative": false,
        "isLoop": false,
        "isAssign": false,
        "prefix": false,
        "postfix": false,
        "binop": null
      },
      "value": "TestFileDoc",
      "start": 99,
      "end": 110,
      "loc": {
        "start": {
          "line": 6,
          "column": 21
        },
        "end": {
          "line": 6,
          "column": 32
        }
      }
    },
    {
      "type": {
        "label": "extends",
        "keyword": "extends",
        "beforeExpr": true,
        "startsExpr": false,
        "rightAssociative": false,
        "isLoop": false,
        "isAssign": false,
        "prefix": false,
        "postfix": false,
        "binop": null,
        "updateContext": null
      },
      "value": "extends",
      "start": 111,
      "end": 118,
      "loc": {
        "start": {
          "line": 6,
          "column": 33
        },
        "end": {
          "line": 6,
          "column": 40
        }
      }
    },
    {
      "type": {
        "label": "name",
        "beforeExpr": false,
        "startsExpr": true,
        "rightAssociative": false,
        "isLoop": false,
        "isAssign": false,
        "prefix": false,
        "postfix": false,
        "binop": null
      },
      "value": "FileDoc",
      "start": 119,
      "end": 126,
      "loc": {
        "start": {
          "line": 6,
          "column": 41
        },
        "end": {
          "line": 6,
          "column": 48
        }
      }
    },
    {
      "type": {
        "label": "{",
        "beforeExpr": true,
        "startsExpr": true,
        "rightAssociative": false,
        "isLoop": false,
        "isAssign": false,
        "prefix": false,
        "postfix": false,
        "binop": null
      },
      "start": 127,
      "end": 128,
      "loc": {
        "start": {
          "line": 7,
          "column": 0
        },
        "end": {
          "line": 7,
          "column": 1
        }
      }
    },
    {
      "type": "CommentBlock",
      "value": "* set ``testFile`` to kind. ",
      "start": 132,
      "end": 164,
      "loc": {
        "start": {
          "line": 8,
          "column": 3
        },
        "end": {
          "line": 8,
          "column": 35
        }
      }
    },
    {
      "type": {
        "label": "name",
        "beforeExpr": false,
        "startsExpr": true,
        "rightAssociative": false,
        "isLoop": false,
        "isAssign": false,
        "prefix": false,
        "postfix": false,
        "binop": null
      },
      "value": "_$kind",
      "start": 168,
      "end": 174,
      "loc": {
        "start": {
          "line": 9,
          "column": 3
        },
        "end": {
          "line": 9,
          "column": 9
        }
      }
    },
    {
      "type": {
        "label": "(",
        "beforeExpr": true,
        "startsExpr": true,
        "rightAssociative": false,
        "isLoop": false,
        "isAssign": false,
        "prefix": false,
        "postfix": false,
        "binop": null
      },
      "start": 174,
      "end": 175,
      "loc": {
        "start": {
          "line": 9,
          "column": 9
        },
        "end": {
          "line": 9,
          "column": 10
        }
      }
    },
    {
      "type": {
        "label": ")",
        "beforeExpr": false,
        "startsExpr": false,
        "rightAssociative": false,
        "isLoop": false,
        "isAssign": false,
        "prefix": false,
        "postfix": false,
        "binop": null
      },
      "start": 175,
      "end": 176,
      "loc": {
        "start": {
          "line": 9,
          "column": 10
        },
        "end": {
          "line": 9,
          "column": 11
        }
      }
    },
    {
      "type": {
        "label": "{",
        "beforeExpr": true,
        "startsExpr": true,
        "rightAssociative": false,
        "isLoop": false,
        "isAssign": false,
        "prefix": false,
        "postfix": false,
        "binop": null
      },
      "start": 180,
      "end": 181,
      "loc": {
        "start": {
          "line": 10,
          "column": 3
        },
        "end": {
          "line": 10,
          "column": 4
        }
      }
    },
    {
      "type": {
        "label": "this",
        "keyword": "this",
        "beforeExpr": false,
        "startsExpr": true,
        "rightAssociative": false,
        "isLoop": false,
        "isAssign": false,
        "prefix": false,
        "postfix": false,
        "binop": null,
        "updateContext": null
      },
      "value": "this",
      "start": 188,
      "end": 192,
      "loc": {
        "start": {
          "line": 11,
          "column": 6
        },
        "end": {
          "line": 11,
          "column": 10
        }
      }
    },
    {
      "type": {
        "label": ".",
        "beforeExpr": false,
        "startsExpr": false,
        "rightAssociative": false,
        "isLoop": false,
        "isAssign": false,
        "prefix": false,
        "postfix": false,
        "binop": null,
        "updateContext": null
      },
      "start": 192,
      "end": 193,
      "loc": {
        "start": {
          "line": 11,
          "column": 10
        },
        "end": {
          "line": 11,
          "column": 11
        }
      }
    },
    {
      "type": {
        "label": "name",
        "beforeExpr": false,
        "startsExpr": true,
        "rightAssociative": false,
        "isLoop": false,
        "isAssign": false,
        "prefix": false,
        "postfix": false,
        "binop": null
      },
      "value": "_value",
      "start": 193,
      "end": 199,
      "loc": {
        "start": {
          "line": 11,
          "column": 11
        },
        "end": {
          "line": 11,
          "column": 17
        }
      }
    },
    {
      "type": {
        "label": ".",
        "beforeExpr": false,
        "startsExpr": false,
        "rightAssociative": false,
        "isLoop": false,
        "isAssign": false,
        "prefix": false,
        "postfix": false,
        "binop": null,
        "updateContext": null
      },
      "start": 199,
      "end": 200,
      "loc": {
        "start": {
          "line": 11,
          "column": 17
        },
        "end": {
          "line": 11,
          "column": 18
        }
      }
    },
    {
      "type": {
        "label": "name",
        "beforeExpr": false,
        "startsExpr": true,
        "rightAssociative": false,
        "isLoop": false,
        "isAssign": false,
        "prefix": false,
        "postfix": false,
        "binop": null
      },
      "value": "kind",
      "start": 200,
      "end": 204,
      "loc": {
        "start": {
          "line": 11,
          "column": 18
        },
        "end": {
          "line": 11,
          "column": 22
        }
      }
    },
    {
      "type": {
        "label": "=",
        "beforeExpr": true,
        "startsExpr": false,
        "rightAssociative": false,
        "isLoop": false,
        "isAssign": true,
        "prefix": false,
        "postfix": false,
        "binop": null,
        "updateContext": null
      },
      "value": "=",
      "start": 205,
      "end": 206,
      "loc": {
        "start": {
          "line": 11,
          "column": 23
        },
        "end": {
          "line": 11,
          "column": 24
        }
      }
    },
    {
      "type": {
        "label": "string",
        "beforeExpr": false,
        "startsExpr": true,
        "rightAssociative": false,
        "isLoop": false,
        "isAssign": false,
        "prefix": false,
        "postfix": false,
        "binop": null,
        "updateContext": null
      },
      "value": "testFile",
      "start": 207,
      "end": 217,
      "loc": {
        "start": {
          "line": 11,
          "column": 25
        },
        "end": {
          "line": 11,
          "column": 35
        }
      }
    },
    {
      "type": {
        "label": ";",
        "beforeExpr": true,
        "startsExpr": false,
        "rightAssociative": false,
        "isLoop": false,
        "isAssign": false,
        "prefix": false,
        "postfix": false,
        "binop": null,
        "updateContext": null
      },
      "start": 217,
      "end": 218,
      "loc": {
        "start": {
          "line": 11,
          "column": 35
        },
        "end": {
          "line": 11,
          "column": 36
        }
      }
    },
    {
      "type": {
        "label": "}",
        "beforeExpr": false,
        "startsExpr": false,
        "rightAssociative": false,
        "isLoop": false,
        "isAssign": false,
        "prefix": false,
        "postfix": false,
        "binop": null
      },
      "start": 222,
      "end": 223,
      "loc": {
        "start": {
          "line": 12,
          "column": 3
        },
        "end": {
          "line": 12,
          "column": 4
        }
      }
    },
    {
      "type": {
        "label": "}",
        "beforeExpr": false,
        "startsExpr": false,
        "rightAssociative": false,
        "isLoop": false,
        "isAssign": false,
        "prefix": false,
        "postfix": false,
        "binop": null
      },
      "start": 224,
      "end": 225,
      "loc": {
        "start": {
          "line": 13,
          "column": 0
        },
        "end": {
          "line": 13,
          "column": 1
        }
      }
    },
    {
      "type": {
        "label": "eof",
        "beforeExpr": false,
        "startsExpr": false,
        "rightAssociative": false,
        "isLoop": false,
        "isAssign": false,
        "prefix": false,
        "postfix": false,
        "binop": null,
        "updateContext": null
      },
      "start": 226,
      "end": 226,
      "loc": {
        "start": {
          "line": 14,
          "column": 0
        },
        "end": {
          "line": 14,
          "column": 0
        }
      }
    }
  ]
}