{
  "type": "File",
  "start": 0,
  "end": 587,
  "loc": {
    "start": {
      "line": 1,
      "column": 0
    },
    "end": {
      "line": 26,
      "column": 0
    }
  },
  "program": {
    "type": "Program",
    "start": 0,
    "end": 587,
    "loc": {
      "start": {
        "line": 1,
        "column": 0
      },
      "end": {
        "line": 26,
        "column": 0
      }
    },
    "sourceType": "module",
    "body": [
      {
        "type": "ImportDeclaration",
        "start": 0,
        "end": 24,
        "loc": {
          "start": {
            "line": 1,
            "column": 0
          },
          "end": {
            "line": 1,
            "column": 24
          }
        },
        "specifiers": [
          {
            "type": "ImportDefaultSpecifier",
            "start": 7,
            "end": 11,
            "loc": {
              "start": {
                "line": 1,
                "column": 7
              },
              "end": {
                "line": 1,
                "column": 11
              }
            },
            "local": {
              "type": "Identifier",
              "start": 7,
              "end": 11,
              "loc": {
                "start": {
                  "line": 1,
                  "column": 7
                },
                "end": {
                  "line": 1,
                  "column": 11
                },
                "identifierName": "path"
              },
              "name": "path"
            }
          }
        ],
        "source": {
          "type": "StringLiteral",
          "start": 17,
          "end": 23,
          "loc": {
            "start": {
              "line": 1,
              "column": 17
            },
            "end": {
              "line": 1,
              "column": 23
            }
          },
          "extra": {
            "rawValue": "path",
            "raw": "'path'"
          },
          "value": "path"
        }
      },
      {
        "type": "VariableDeclaration",
        "start": 26,
        "end": 49,
        "loc": {
          "start": {
            "line": 3,
            "column": 0
          },
          "end": {
            "line": 3,
            "column": 23
          }
        },
        "declarations": [
          {
            "type": "VariableDeclarator",
            "start": 32,
            "end": 48,
            "loc": {
              "start": {
                "line": 3,
                "column": 6
              },
              "end": {
                "line": 3,
                "column": 22
              }
            },
            "id": {
              "type": "Identifier",
              "start": 32,
              "end": 43,
              "loc": {
                "start": {
                  "line": 3,
                  "column": 6
                },
                "end": {
                  "line": 3,
                  "column": 17
                },
                "identifierName": "filePathMap"
              },
              "name": "filePathMap"
            },
            "init": {
              "type": "ObjectExpression",
              "start": 46,
              "end": 48,
              "loc": {
                "start": {
                  "line": 3,
                  "column": 20
                },
                "end": {
                  "line": 3,
                  "column": 22
                }
              },
              "properties": []
            }
          }
        ],
        "kind": "const",
        "trailingComments": [
          {
            "type": "CommentBlock",
            "value": "*\n * Identifier Naming Util class.\n ",
            "start": 51,
            "end": 91,
            "loc": {
              "start": {
                "line": 5,
                "column": 0
              },
              "end": {
                "line": 7,
                "column": 3
              }
            }
          }
        ]
      },
      {
        "type": "ExportDefaultDeclaration",
        "start": 92,
        "end": 586,
        "loc": {
          "start": {
            "line": 8,
            "column": 0
          },
          "end": {
            "line": 25,
            "column": 1
          }
        },
        "declaration": {
          "type": "ClassDeclaration",
          "start": 107,
          "end": 586,
          "loc": {
            "start": {
              "line": 8,
              "column": 15
            },
            "end": {
              "line": 25,
              "column": 1
            }
          },
          "id": {
            "type": "Identifier",
            "start": 113,
            "end": 123,
            "loc": {
              "start": {
                "line": 8,
                "column": 21
              },
              "end": {
                "line": 8,
                "column": 31
              },
              "identifierName": "NamingUtil"
            },
            "name": "NamingUtil",
            "leadingComments": null
          },
          "superClass": null,
          "body": {
            "type": "ClassBody",
            "start": 124,
            "end": 586,
            "loc": {
              "start": {
                "line": 8,
                "column": 32
              },
              "end": {
                "line": 25,
                "column": 1
              }
            },
            "body": [
              {
                "type": "ClassMethod",
                "start": 246,
                "end": 584,
                "loc": {
                  "start": {
                    "line": 14,
                    "column": 2
                  },
                  "end": {
                    "line": 24,
                    "column": 3
                  }
                },
                "computed": false,
                "key": {
                  "type": "Identifier",
                  "start": 253,
                  "end": 267,
                  "loc": {
                    "start": {
                      "line": 14,
                      "column": 9
                    },
                    "end": {
                      "line": 14,
                      "column": 23
                    },
                    "identifierName": "filePathToName"
                  },
                  "name": "filePathToName"
                },
                "static": true,
                "kind": "method",
                "id": null,
                "generator": false,
                "expression": false,
                "async": false,
                "params": [
                  {
                    "type": "Identifier",
                    "start": 268,
                    "end": 276,
                    "loc": {
                      "start": {
                        "line": 14,
                        "column": 24
                      },
                      "end": {
                        "line": 14,
                        "column": 32
                      },
                      "identifierName": "filePath"
                    },
                    "name": "filePath"
                  }
                ],
                "body": {
                  "type": "BlockStatement",
                  "start": 278,
                  "end": 584,
                  "loc": {
                    "start": {
                      "line": 14,
                      "column": 34
                    },
                    "end": {
                      "line": 24,
                      "column": 3
                    }
                  },
                  "body": [
                    {
                      "type": "VariableDeclaration",
                      "start": 284,
                      "end": 337,
                      "loc": {
                        "start": {
                          "line": 15,
                          "column": 4
                        },
                        "end": {
                          "line": 15,
                          "column": 57
                        }
                      },
                      "declarations": [
                        {
                          "type": "VariableDeclarator",
                          "start": 288,
                          "end": 336,
                          "loc": {
                            "start": {
                              "line": 15,
                              "column": 8
                            },
                            "end": {
                              "line": 15,
                              "column": 56
                            }
                          },
                          "id": {
                            "type": "Identifier",
                            "start": 288,
                            "end": 296,
                            "loc": {
                              "start": {
                                "line": 15,
                                "column": 8
                              },
                              "end": {
                                "line": 15,
                                "column": 16
                              },
                              "identifierName": "basename"
                            },
                            "name": "basename"
                          },
                          "init": {
                            "type": "MemberExpression",
                            "start": 299,
                            "end": 336,
                            "loc": {
                              "start": {
                                "line": 15,
                                "column": 19
                              },
                              "end": {
                                "line": 15,
                                "column": 56
                              }
                            },
                            "object": {
                              "type": "CallExpression",
                              "start": 299,
                              "end": 333,
                              "loc": {
                                "start": {
                                  "line": 15,
                                  "column": 19
                                },
                                "end": {
                                  "line": 15,
                                  "column": 53
                                }
                              },
                              "callee": {
                                "type": "MemberExpression",
                                "start": 299,
                                "end": 328,
                                "loc": {
                                  "start": {
                                    "line": 15,
                                    "column": 19
                                  },
                                  "end": {
                                    "line": 15,
                                    "column": 48
                                  }
                                },
                                "object": {
                                  "type": "CallExpression",
                                  "start": 299,
                                  "end": 322,
                                  "loc": {
                                    "start": {
                                      "line": 15,
                                      "column": 19
                                    },
                                    "end": {
                                      "line": 15,
                                      "column": 42
                                    }
                                  },
                                  "callee": {
                                    "type": "MemberExpression",
                                    "start": 299,
                                    "end": 312,
                                    "loc": {
                                      "start": {
                                        "line": 15,
                                        "column": 19
                                      },
                                      "end": {
                                        "line": 15,
                                        "column": 32
                                      }
                                    },
                                    "object": {
                                      "type": "Identifier",
                                      "start": 299,
                                      "end": 303,
                                      "loc": {
                                        "start": {
                                          "line": 15,
                                          "column": 19
                                        },
                                        "end": {
                                          "line": 15,
                                          "column": 23
                                        },
                                        "identifierName": "path"
                                      },
                                      "name": "path"
                                    },
                                    "property": {
                                      "type": "Identifier",
                                      "start": 304,
                                      "end": 312,
                                      "loc": {
                                        "start": {
                                          "line": 15,
                                          "column": 24
                                        },
                                        "end": {
                                          "line": 15,
                                          "column": 32
                                        },
                                        "identifierName": "basename"
                                      },
                                      "name": "basename"
                                    },
                                    "computed": false
                                  },
                                  "arguments": [
                                    {
                                      "type": "Identifier",
                                      "start": 313,
                                      "end": 321,
                                      "loc": {
                                        "start": {
                                          "line": 15,
                                          "column": 33
                                        },
                                        "end": {
                                          "line": 15,
                                          "column": 41
                                        },
                                        "identifierName": "filePath"
                                      },
                                      "name": "filePath"
                                    }
                                  ]
                                },
                                "property": {
                                  "type": "Identifier",
                                  "start": 323,
                                  "end": 328,
                                  "loc": {
                                    "start": {
                                      "line": 15,
                                      "column": 43
                                    },
                                    "end": {
                                      "line": 15,
                                      "column": 48
                                    },
                                    "identifierName": "split"
                                  },
                                  "name": "split"
                                },
                                "computed": false
                              },
                              "arguments": [
                                {
                                  "type": "StringLiteral",
                                  "start": 329,
                                  "end": 332,
                                  "loc": {
                                    "start": {
                                      "line": 15,
                                      "column": 49
                                    },
                                    "end": {
                                      "line": 15,
                                      "column": 52
                                    }
                                  },
                                  "extra": {
                                    "rawValue": ".",
                                    "raw": "'.'"
                                  },
                                  "value": "."
                                }
                              ]
                            },
                            "property": {
                              "type": "NumericLiteral",
                              "start": 334,
                              "end": 335,
                              "loc": {
                                "start": {
                                  "line": 15,
                                  "column": 54
                                },
                                "end": {
                                  "line": 15,
                                  "column": 55
                                }
                              },
                              "extra": {
                                "rawValue": 0,
                                "raw": "0"
                              },
                              "value": 0
                            },
                            "computed": true
                          }
                        }
                      ],
                      "kind": "let"
                    },
                    {
                      "type": "ExpressionStatement",
                      "start": 342,
                      "end": 393,
                      "loc": {
                        "start": {
                          "line": 16,
                          "column": 4
                        },
                        "end": {
                          "line": 16,
                          "column": 55
                        }
                      },
                      "expression": {
                        "type": "AssignmentExpression",
                        "start": 342,
                        "end": 392,
                        "loc": {
                          "start": {
                            "line": 16,
                            "column": 4
                          },
                          "end": {
                            "line": 16,
                            "column": 54
                          }
                        },
                        "operator": "=",
                        "left": {
                          "type": "Identifier",
                          "start": 342,
                          "end": 350,
                          "loc": {
                            "start": {
                              "line": 16,
                              "column": 4
                            },
                            "end": {
                              "line": 16,
                              "column": 12
                            },
                            "identifierName": "basename"
                          },
                          "name": "basename"
                        },
                        "right": {
                          "type": "CallExpression",
                          "start": 353,
                          "end": 392,
                          "loc": {
                            "start": {
                              "line": 16,
                              "column": 15
                            },
                            "end": {
                              "line": 16,
                              "column": 54
                            }
                          },
                          "callee": {
                            "type": "MemberExpression",
                            "start": 353,
                            "end": 369,
                            "loc": {
                              "start": {
                                "line": 16,
                                "column": 15
                              },
                              "end": {
                                "line": 16,
                                "column": 31
                              }
                            },
                            "object": {
                              "type": "Identifier",
                              "start": 353,
                              "end": 361,
                              "loc": {
                                "start": {
                                  "line": 16,
                                  "column": 15
                                },
                                "end": {
                                  "line": 16,
                                  "column": 23
                                },
                                "identifierName": "basename"
                              },
                              "name": "basename"
                            },
                            "property": {
                              "type": "Identifier",
                              "start": 362,
                              "end": 369,
                              "loc": {
                                "start": {
                                  "line": 16,
                                  "column": 24
                                },
                                "end": {
                                  "line": 16,
                                  "column": 31
                                },
                                "identifierName": "replace"
                              },
                              "name": "replace"
                            },
                            "computed": false
                          },
                          "arguments": [
                            {
                              "type": "RegExpLiteral",
                              "start": 370,
                              "end": 387,
                              "loc": {
                                "start": {
                                  "line": 16,
                                  "column": 32
                                },
                                "end": {
                                  "line": 16,
                                  "column": 49
                                }
                              },
                              "extra": {
                                "raw": "/[^a-zA-Z0-9_$]/g"
                              },
                              "pattern": "[^a-zA-Z0-9_$]",
                              "flags": "g"
                            },
                            {
                              "type": "StringLiteral",
                              "start": 389,
                              "end": 391,
                              "loc": {
                                "start": {
                                  "line": 16,
                                  "column": 51
                                },
                                "end": {
                                  "line": 16,
                                  "column": 53
                                }
                              },
                              "extra": {
                                "rawValue": "",
                                "raw": "''"
                              },
                              "value": ""
                            }
                          ]
                        }
                      }
                    },
                    {
                      "type": "ExpressionStatement",
                      "start": 399,
                      "end": 450,
                      "loc": {
                        "start": {
                          "line": 18,
                          "column": 4
                        },
                        "end": {
                          "line": 18,
                          "column": 55
                        }
                      },
                      "expression": {
                        "type": "AssignmentExpression",
                        "start": 399,
                        "end": 449,
                        "loc": {
                          "start": {
                            "line": 18,
                            "column": 4
                          },
                          "end": {
                            "line": 18,
                            "column": 54
                          }
                        },
                        "operator": "=",
                        "left": {
                          "type": "MemberExpression",
                          "start": 399,
                          "end": 420,
                          "loc": {
                            "start": {
                              "line": 18,
                              "column": 4
                            },
                            "end": {
                              "line": 18,
                              "column": 25
                            }
                          },
                          "object": {
                            "type": "Identifier",
                            "start": 399,
                            "end": 410,
                            "loc": {
                              "start": {
                                "line": 18,
                                "column": 4
                              },
                              "end": {
                                "line": 18,
                                "column": 15
                              },
                              "identifierName": "filePathMap"
                            },
                            "name": "filePathMap"
                          },
                          "property": {
                            "type": "Identifier",
                            "start": 411,
                            "end": 419,
                            "loc": {
                              "start": {
                                "line": 18,
                                "column": 16
                              },
                              "end": {
                                "line": 18,
                                "column": 24
                              },
                              "identifierName": "filePath"
                            },
                            "name": "filePath"
                          },
                          "computed": true
                        },
                        "right": {
                          "type": "LogicalExpression",
                          "start": 423,
                          "end": 449,
                          "loc": {
                            "start": {
                              "line": 18,
                              "column": 28
                            },
                            "end": {
                              "line": 18,
                              "column": 54
                            }
                          },
                          "left": {
                            "type": "MemberExpression",
                            "start": 423,
                            "end": 444,
                            "loc": {
                              "start": {
                                "line": 18,
                                "column": 28
                              },
                              "end": {
                                "line": 18,
                                "column": 49
                              }
                            },
                            "object": {
                              "type": "Identifier",
                              "start": 423,
                              "end": 434,
                              "loc": {
                                "start": {
                                  "line": 18,
                                  "column": 28
                                },
                                "end": {
                                  "line": 18,
                                  "column": 39
                                },
                                "identifierName": "filePathMap"
                              },
                              "name": "filePathMap"
                            },
                            "property": {
                              "type": "Identifier",
                              "start": 435,
                              "end": 443,
                              "loc": {
                                "start": {
                                  "line": 18,
                                  "column": 40
                                },
                                "end": {
                                  "line": 18,
                                  "column": 48
                                },
                                "identifierName": "filePath"
                              },
                              "name": "filePath"
                            },
                            "computed": true
                          },
                          "operator": "||",
                          "right": {
                            "type": "NumericLiteral",
                            "start": 448,
                            "end": 449,
                            "loc": {
                              "start": {
                                "line": 18,
                                "column": 53
                              },
                              "end": {
                                "line": 18,
                                "column": 54
                              }
                            },
                            "extra": {
                              "rawValue": 0,
                              "raw": "0"
                            },
                            "value": 0
                          }
                        }
                      }
                    },
                    {
                      "type": "VariableDeclaration",
                      "start": 455,
                      "end": 491,
                      "loc": {
                        "start": {
                          "line": 19,
                          "column": 4
                        },
                        "end": {
                          "line": 19,
                          "column": 40
                        }
                      },
                      "declarations": [
                        {
                          "type": "VariableDeclarator",
                          "start": 461,
                          "end": 490,
                          "loc": {
                            "start": {
                              "line": 19,
                              "column": 10
                            },
                            "end": {
                              "line": 19,
                              "column": 39
                            }
                          },
                          "id": {
                            "type": "Identifier",
                            "start": 461,
                            "end": 466,
                            "loc": {
                              "start": {
                                "line": 19,
                                "column": 10
                              },
                              "end": {
                                "line": 19,
                                "column": 15
                              },
                              "identifierName": "count"
                            },
                            "name": "count"
                          },
                          "init": {
                            "type": "MemberExpression",
                            "start": 469,
                            "end": 490,
                            "loc": {
                              "start": {
                                "line": 19,
                                "column": 18
                              },
                              "end": {
                                "line": 19,
                                "column": 39
                              }
                            },
                            "object": {
                              "type": "Identifier",
                              "start": 469,
                              "end": 480,
                              "loc": {
                                "start": {
                                  "line": 19,
                                  "column": 18
                                },
                                "end": {
                                  "line": 19,
                                  "column": 29
                                },
                                "identifierName": "filePathMap"
                              },
                              "name": "filePathMap"
                            },
                            "property": {
                              "type": "Identifier",
                              "start": 481,
                              "end": 489,
                              "loc": {
                                "start": {
                                  "line": 19,
                                  "column": 30
                                },
                                "end": {
                                  "line": 19,
                                  "column": 38
                                },
                                "identifierName": "filePath"
                              },
                              "name": "filePath"
                            },
                            "computed": true
                          }
                        }
                      ],
                      "kind": "const"
                    },
                    {
                      "type": "IfStatement",
                      "start": 496,
                      "end": 529,
                      "loc": {
                        "start": {
                          "line": 20,
                          "column": 4
                        },
                        "end": {
                          "line": 20,
                          "column": 37
                        }
                      },
                      "test": {
                        "type": "BinaryExpression",
                        "start": 500,
                        "end": 509,
                        "loc": {
                          "start": {
                            "line": 20,
                            "column": 8
                          },
                          "end": {
                            "line": 20,
                            "column": 17
                          }
                        },
                        "left": {
                          "type": "Identifier",
                          "start": 500,
                          "end": 505,
                          "loc": {
                            "start": {
                              "line": 20,
                              "column": 8
                            },
                            "end": {
                              "line": 20,
                              "column": 13
                            },
                            "identifierName": "count"
                          },
                          "name": "count"
                        },
                        "operator": ">",
                        "right": {
                          "type": "NumericLiteral",
                          "start": 508,
                          "end": 509,
                          "loc": {
                            "start": {
                              "line": 20,
                              "column": 16
                            },
                            "end": {
                              "line": 20,
                              "column": 17
                            }
                          },
                          "extra": {
                            "rawValue": 0,
                            "raw": "0"
                          },
                          "value": 0
                        }
                      },
                      "consequent": {
                        "type": "ExpressionStatement",
                        "start": 511,
                        "end": 529,
                        "loc": {
                          "start": {
                            "line": 20,
                            "column": 19
                          },
                          "end": {
                            "line": 20,
                            "column": 37
                          }
                        },
                        "expression": {
                          "type": "AssignmentExpression",
                          "start": 511,
                          "end": 528,
                          "loc": {
                            "start": {
                              "line": 20,
                              "column": 19
                            },
                            "end": {
                              "line": 20,
                              "column": 36
                            }
                          },
                          "operator": "+=",
                          "left": {
                            "type": "Identifier",
                            "start": 511,
                            "end": 519,
                            "loc": {
                              "start": {
                                "line": 20,
                                "column": 19
                              },
                              "end": {
                                "line": 20,
                                "column": 27
                              },
                              "identifierName": "basename"
                            },
                            "name": "basename"
                          },
                          "right": {
                            "type": "Identifier",
                            "start": 523,
                            "end": 528,
                            "loc": {
                              "start": {
                                "line": 20,
                                "column": 31
                              },
                              "end": {
                                "line": 20,
                                "column": 36
                              },
                              "identifierName": "count"
                            },
                            "name": "count"
                          }
                        }
                      },
                      "alternate": null
                    },
                    {
                      "type": "ExpressionStatement",
                      "start": 534,
                      "end": 558,
                      "loc": {
                        "start": {
                          "line": 21,
                          "column": 4
                        },
                        "end": {
                          "line": 21,
                          "column": 28
                        }
                      },
                      "expression": {
                        "type": "UpdateExpression",
                        "start": 534,
                        "end": 557,
                        "loc": {
                          "start": {
                            "line": 21,
                            "column": 4
                          },
                          "end": {
                            "line": 21,
                            "column": 27
                          }
                        },
                        "operator": "++",
                        "prefix": false,
                        "argument": {
                          "type": "MemberExpression",
                          "start": 534,
                          "end": 555,
                          "loc": {
                            "start": {
                              "line": 21,
                              "column": 4
                            },
                            "end": {
                              "line": 21,
                              "column": 25
                            }
                          },
                          "object": {
                            "type": "Identifier",
                            "start": 534,
                            "end": 545,
                            "loc": {
                              "start": {
                                "line": 21,
                                "column": 4
                              },
                              "end": {
                                "line": 21,
                                "column": 15
                              },
                              "identifierName": "filePathMap"
                            },
                            "name": "filePathMap"
                          },
                          "property": {
                            "type": "Identifier",
                            "start": 546,
                            "end": 554,
                            "loc": {
                              "start": {
                                "line": 21,
                                "column": 16
                              },
                              "end": {
                                "line": 21,
                                "column": 24
                              },
                              "identifierName": "filePath"
                            },
                            "name": "filePath"
                          },
                          "computed": true
                        }
                      }
                    },
                    {
                      "type": "ReturnStatement",
                      "start": 564,
                      "end": 580,
                      "loc": {
                        "start": {
                          "line": 23,
                          "column": 4
                        },
                        "end": {
                          "line": 23,
                          "column": 20
                        }
                      },
                      "argument": {
                        "type": "Identifier",
                        "start": 571,
                        "end": 579,
                        "loc": {
                          "start": {
                            "line": 23,
                            "column": 11
                          },
                          "end": {
                            "line": 23,
                            "column": 19
                          },
                          "identifierName": "basename"
                        },
                        "name": "basename"
                      }
                    }
                  ],
                  "directives": []
                },
                "leadingComments": [
                  {
                    "type": "CommentBlock",
                    "value": "*\n   * naming with file path.\n   * @param {string} filePath - target file path.\n   * @returns {string} name\n   ",
                    "start": 128,
                    "end": 243,
                    "loc": {
                      "start": {
                        "line": 9,
                        "column": 2
                      },
                      "end": {
                        "line": 13,
                        "column": 5
                      }
                    }
                  }
                ]
              }
            ]
          },
          "leadingComments": [
            {
              "type": "CommentBlock",
              "value": "*\n * Identifier Naming Util class.\n ",
              "start": 51,
              "end": 91,
              "loc": {
                "start": {
                  "line": 5,
                  "column": 0
                },
                "end": {
                  "line": 7,
                  "column": 3
                }
              }
            }
          ],
          "trailingComments": []
        },
        "leadingComments": [
          {
            "type": "CommentBlock",
            "value": "*\n * Identifier Naming Util class.\n ",
            "start": 51,
            "end": 91,
            "loc": {
              "start": {
                "line": 5,
                "column": 0
              },
              "end": {
                "line": 7,
                "column": 3
              }
            }
          }
        ]
      }
    ],
    "directives": []
  },
  "comments": [
    {
      "type": "CommentBlock",
      "value": "*\n * Identifier Naming Util class.\n ",
      "start": 51,
      "end": 91,
      "loc": {
        "start": {
          "line": 5,
          "column": 0
        },
        "end": {
          "line": 7,
          "column": 3
        }
      }
    },
    {
      "type": "CommentBlock",
      "value": "*\n   * naming with file path.\n   * @param {string} filePath - target file path.\n   * @returns {string} name\n   ",
      "start": 128,
      "end": 243,
      "loc": {
        "start": {
          "line": 9,
          "column": 2
        },
        "end": {
          "line": 13,
          "column": 5
        }
      }
    }
  ],
  "tokens": [
    {
      "type": {
        "label": "import",
        "keyword": "import",
        "beforeExpr": false,
        "startsExpr": false,
        "rightAssociative": false,
        "isLoop": false,
        "isAssign": false,
        "prefix": false,
        "postfix": false,
        "binop": null,
        "updateContext": null
      },
      "value": "import",
      "start": 0,
      "end": 6,
      "loc": {
        "start": {
          "line": 1,
          "column": 0
        },
        "end": {
          "line": 1,
          "column": 6
        }
      }
    },
    {
      "type": {
        "label": "name",
        "beforeExpr": false,
        "startsExpr": true,
        "rightAssociative": false,
        "isLoop": false,
        "isAssign": false,
        "prefix": false,
        "postfix": false,
        "binop": null
      },
      "value": "path",
      "start": 7,
      "end": 11,
      "loc": {
        "start": {
          "line": 1,
          "column": 7
        },
        "end": {
          "line": 1,
          "column": 11
        }
      }
    },
    {
      "type": {
        "label": "name",
        "beforeExpr": false,
        "startsExpr": true,
        "rightAssociative": false,
        "isLoop": false,
        "isAssign": false,
        "prefix": false,
        "postfix": false,
        "binop": null
      },
      "value": "from",
      "start": 12,
      "end": 16,
      "loc": {
        "start": {
          "line": 1,
          "column": 12
        },
        "end": {
          "line": 1,
          "column": 16
        }
      }
    },
    {
      "type": {
        "label": "string",
        "beforeExpr": false,
        "startsExpr": true,
        "rightAssociative": false,
        "isLoop": false,
        "isAssign": false,
        "prefix": false,
        "postfix": false,
        "binop": null,
        "updateContext": null
      },
      "value": "path",
      "start": 17,
      "end": 23,
      "loc": {
        "start": {
          "line": 1,
          "column": 17
        },
        "end": {
          "line": 1,
          "column": 23
        }
      }
    },
    {
      "type": {
        "label": ";",
        "beforeExpr": true,
        "startsExpr": false,
        "rightAssociative": false,
        "isLoop": false,
        "isAssign": false,
        "prefix": false,
        "postfix": false,
        "binop": null,
        "updateContext": null
      },
      "start": 23,
      "end": 24,
      "loc": {
        "start": {
          "line": 1,
          "column": 23
        },
        "end": {
          "line": 1,
          "column": 24
        }
      }
    },
    {
      "type": {
        "label": "const",
        "keyword": "const",
        "beforeExpr": false,
        "startsExpr": false,
        "rightAssociative": false,
        "isLoop": false,
        "isAssign": false,
        "prefix": false,
        "postfix": false,
        "binop": null,
        "updateContext": null
      },
      "value": "const",
      "start": 26,
      "end": 31,
      "loc": {
        "start": {
          "line": 3,
          "column": 0
        },
        "end": {
          "line": 3,
          "column": 5
        }
      }
    },
    {
      "type": {
        "label": "name",
        "beforeExpr": false,
        "startsExpr": true,
        "rightAssociative": false,
        "isLoop": false,
        "isAssign": false,
        "prefix": false,
        "postfix": false,
        "binop": null
      },
      "value": "filePathMap",
      "start": 32,
      "end": 43,
      "loc": {
        "start": {
          "line": 3,
          "column": 6
        },
        "end": {
          "line": 3,
          "column": 17
        }
      }
    },
    {
      "type": {
        "label": "=",
        "beforeExpr": true,
        "startsExpr": false,
        "rightAssociative": false,
        "isLoop": false,
        "isAssign": true,
        "prefix": false,
        "postfix": false,
        "binop": null,
        "updateContext": null
      },
      "value": "=",
      "start": 44,
      "end": 45,
      "loc": {
        "start": {
          "line": 3,
          "column": 18
        },
        "end": {
          "line": 3,
          "column": 19
        }
      }
    },
    {
      "type": {
        "label": "{",
        "beforeExpr": true,
        "startsExpr": true,
        "rightAssociative": false,
        "isLoop": false,
        "isAssign": false,
        "prefix": false,
        "postfix": false,
        "binop": null
      },
      "start": 46,
      "end": 47,
      "loc": {
        "start": {
          "line": 3,
          "column": 20
        },
        "end": {
          "line": 3,
          "column": 21
        }
      }
    },
    {
      "type": {
        "label": "}",
        "beforeExpr": false,
        "startsExpr": false,
        "rightAssociative": false,
        "isLoop": false,
        "isAssign": false,
        "prefix": false,
        "postfix": false,
        "binop": null
      },
      "start": 47,
      "end": 48,
      "loc": {
        "start": {
          "line": 3,
          "column": 21
        },
        "end": {
          "line": 3,
          "column": 22
        }
      }
    },
    {
      "type": {
        "label": ";",
        "beforeExpr": true,
        "startsExpr": false,
        "rightAssociative": false,
        "isLoop": false,
        "isAssign": false,
        "prefix": false,
        "postfix": false,
        "binop": null,
        "updateContext": null
      },
      "start": 48,
      "end": 49,
      "loc": {
        "start": {
          "line": 3,
          "column": 22
        },
        "end": {
          "line": 3,
          "column": 23
        }
      }
    },
    {
      "type": "CommentBlock",
      "value": "*\n * Identifier Naming Util class.\n ",
      "start": 51,
      "end": 91,
      "loc": {
        "start": {
          "line": 5,
          "column": 0
        },
        "end": {
          "line": 7,
          "column": 3
        }
      }
    },
    {
      "type": {
        "label": "export",
        "keyword": "export",
        "beforeExpr": false,
        "startsExpr": false,
        "rightAssociative": false,
        "isLoop": false,
        "isAssign": false,
        "prefix": false,
        "postfix": false,
        "binop": null,
        "updateContext": null
      },
      "value": "export",
      "start": 92,
      "end": 98,
      "loc": {
        "start": {
          "line": 8,
          "column": 0
        },
        "end": {
          "line": 8,
          "column": 6
        }
      }
    },
    {
      "type": {
        "label": "default",
        "keyword": "default",
        "beforeExpr": true,
        "startsExpr": false,
        "rightAssociative": false,
        "isLoop": false,
        "isAssign": false,
        "prefix": false,
        "postfix": false,
        "binop": null,
        "updateContext": null
      },
      "value": "default",
      "start": 99,
      "end": 106,
      "loc": {
        "start": {
          "line": 8,
          "column": 7
        },
        "end": {
          "line": 8,
          "column": 14
        }
      }
    },
    {
      "type": {
        "label": "class",
        "keyword": "class",
        "beforeExpr": false,
        "startsExpr": false,
        "rightAssociative": false,
        "isLoop": false,
        "isAssign": false,
        "prefix": false,
        "postfix": false,
        "binop": null,
        "updateContext": null
      },
      "value": "class",
      "start": 107,
      "end": 112,
      "loc": {
        "start": {
          "line": 8,
          "column": 15
        },
        "end": {
          "line": 8,
          "column": 20
        }
      }
    },
    {
      "type": {
        "label": "name",
        "beforeExpr": false,
        "startsExpr": true,
        "rightAssociative": false,
        "isLoop": false,
        "isAssign": false,
        "prefix": false,
        "postfix": false,
        "binop": null
      },
      "value": "NamingUtil",
      "start": 113,
      "end": 123,
      "loc": {
        "start": {
          "line": 8,
          "column": 21
        },
        "end": {
          "line": 8,
          "column": 31
        }
      }
    },
    {
      "type": {
        "label": "{",
        "beforeExpr": true,
        "startsExpr": true,
        "rightAssociative": false,
        "isLoop": false,
        "isAssign": false,
        "prefix": false,
        "postfix": false,
        "binop": null
      },
      "start": 124,
      "end": 125,
      "loc": {
        "start": {
          "line": 8,
          "column": 32
        },
        "end": {
          "line": 8,
          "column": 33
        }
      }
    },
    {
      "type": "CommentBlock",
      "value": "*\n   * naming with file path.\n   * @param {string} filePath - target file path.\n   * @returns {string} name\n   ",
      "start": 128,
      "end": 243,
      "loc": {
        "start": {
          "line": 9,
          "column": 2
        },
        "end": {
          "line": 13,
          "column": 5
        }
      }
    },
    {
      "type": {
        "label": "name",
        "beforeExpr": false,
        "startsExpr": true,
        "rightAssociative": false,
        "isLoop": false,
        "isAssign": false,
        "prefix": false,
        "postfix": false,
        "binop": null
      },
      "value": "static",
      "start": 246,
      "end": 252,
      "loc": {
        "start": {
          "line": 14,
          "column": 2
        },
        "end": {
          "line": 14,
          "column": 8
        }
      }
    },
    {
      "type": {
        "label": "name",
        "beforeExpr": false,
        "startsExpr": true,
        "rightAssociative": false,
        "isLoop": false,
        "isAssign": false,
        "prefix": false,
        "postfix": false,
        "binop": null
      },
      "value": "filePathToName",
      "start": 253,
      "end": 267,
      "loc": {
        "start": {
          "line": 14,
          "column": 9
        },
        "end": {
          "line": 14,
          "column": 23
        }
      }
    },
    {
      "type": {
        "label": "(",
        "beforeExpr": true,
        "startsExpr": true,
        "rightAssociative": false,
        "isLoop": false,
        "isAssign": false,
        "prefix": false,
        "postfix": false,
        "binop": null
      },
      "start": 267,
      "end": 268,
      "loc": {
        "start": {
          "line": 14,
          "column": 23
        },
        "end": {
          "line": 14,
          "column": 24
        }
      }
    },
    {
      "type": {
        "label": "name",
        "beforeExpr": false,
        "startsExpr": true,
        "rightAssociative": false,
        "isLoop": false,
        "isAssign": false,
        "prefix": false,
        "postfix": false,
        "binop": null
      },
      "value": "filePath",
      "start": 268,
      "end": 276,
      "loc": {
        "start": {
          "line": 14,
          "column": 24
        },
        "end": {
          "line": 14,
          "column": 32
        }
      }
    },
    {
      "type": {
        "label": ")",
        "beforeExpr": false,
        "startsExpr": false,
        "rightAssociative": false,
        "isLoop": false,
        "isAssign": false,
        "prefix": false,
        "postfix": false,
        "binop": null
      },
      "start": 276,
      "end": 277,
      "loc": {
        "start": {
          "line": 14,
          "column": 32
        },
        "end": {
          "line": 14,
          "column": 33
        }
      }
    },
    {
      "type": {
        "label": "{",
        "beforeExpr": true,
        "startsExpr": true,
        "rightAssociative": false,
        "isLoop": false,
        "isAssign": false,
        "prefix": false,
        "postfix": false,
        "binop": null
      },
      "start": 278,
      "end": 279,
      "loc": {
        "start": {
          "line": 14,
          "column": 34
        },
        "end": {
          "line": 14,
          "column": 35
        }
      }
    },
    {
      "type": {
        "label": "let",
        "keyword": "let",
        "beforeExpr": false,
        "startsExpr": false,
        "rightAssociative": false,
        "isLoop": false,
        "isAssign": false,
        "prefix": false,
        "postfix": false,
        "binop": null,
        "updateContext": null
      },
      "value": "let",
      "start": 284,
      "end": 287,
      "loc": {
        "start": {
          "line": 15,
          "column": 4
        },
        "end": {
          "line": 15,
          "column": 7
        }
      }
    },
    {
      "type": {
        "label": "name",
        "beforeExpr": false,
        "startsExpr": true,
        "rightAssociative": false,
        "isLoop": false,
        "isAssign": false,
        "prefix": false,
        "postfix": false,
        "binop": null
      },
      "value": "basename",
      "start": 288,
      "end": 296,
      "loc": {
        "start": {
          "line": 15,
          "column": 8
        },
        "end": {
          "line": 15,
          "column": 16
        }
      }
    },
    {
      "type": {
        "label": "=",
        "beforeExpr": true,
        "startsExpr": false,
        "rightAssociative": false,
        "isLoop": false,
        "isAssign": true,
        "prefix": false,
        "postfix": false,
        "binop": null,
        "updateContext": null
      },
      "value": "=",
      "start": 297,
      "end": 298,
      "loc": {
        "start": {
          "line": 15,
          "column": 17
        },
        "end": {
          "line": 15,
          "column": 18
        }
      }
    },
    {
      "type": {
        "label": "name",
        "beforeExpr": false,
        "startsExpr": true,
        "rightAssociative": false,
        "isLoop": false,
        "isAssign": false,
        "prefix": false,
        "postfix": false,
        "binop": null
      },
      "value": "path",
      "start": 299,
      "end": 303,
      "loc": {
        "start": {
          "line": 15,
          "column": 19
        },
        "end": {
          "line": 15,
          "column": 23
        }
      }
    },
    {
      "type": {
        "label": ".",
        "beforeExpr": false,
        "startsExpr": false,
        "rightAssociative": false,
        "isLoop": false,
        "isAssign": false,
        "prefix": false,
        "postfix": false,
        "binop": null,
        "updateContext": null
      },
      "start": 303,
      "end": 304,
      "loc": {
        "start": {
          "line": 15,
          "column": 23
        },
        "end": {
          "line": 15,
          "column": 24
        }
      }
    },
    {
      "type": {
        "label": "name",
        "beforeExpr": false,
        "startsExpr": true,
        "rightAssociative": false,
        "isLoop": false,
        "isAssign": false,
        "prefix": false,
        "postfix": false,
        "binop": null
      },
      "value": "basename",
      "start": 304,
      "end": 312,
      "loc": {
        "start": {
          "line": 15,
          "column": 24
        },
        "end": {
          "line": 15,
          "column": 32
        }
      }
    },
    {
      "type": {
        "label": "(",
        "beforeExpr": true,
        "startsExpr": true,
        "rightAssociative": false,
        "isLoop": false,
        "isAssign": false,
        "prefix": false,
        "postfix": false,
        "binop": null
      },
      "start": 312,
      "end": 313,
      "loc": {
        "start": {
          "line": 15,
          "column": 32
        },
        "end": {
          "line": 15,
          "column": 33
        }
      }
    },
    {
      "type": {
        "label": "name",
        "beforeExpr": false,
        "startsExpr": true,
        "rightAssociative": false,
        "isLoop": false,
        "isAssign": false,
        "prefix": false,
        "postfix": false,
        "binop": null
      },
      "value": "filePath",
      "start": 313,
      "end": 321,
      "loc": {
        "start": {
          "line": 15,
          "column": 33
        },
        "end": {
          "line": 15,
          "column": 41
        }
      }
    },
    {
      "type": {
        "label": ")",
        "beforeExpr": false,
        "startsExpr": false,
        "rightAssociative": false,
        "isLoop": false,
        "isAssign": false,
        "prefix": false,
        "postfix": false,
        "binop": null
      },
      "start": 321,
      "end": 322,
      "loc": {
        "start": {
          "line": 15,
          "column": 41
        },
        "end": {
          "line": 15,
          "column": 42
        }
      }
    },
    {
      "type": {
        "label": ".",
        "beforeExpr": false,
        "startsExpr": false,
        "rightAssociative": false,
        "isLoop": false,
        "isAssign": false,
        "prefix": false,
        "postfix": false,
        "binop": null,
        "updateContext": null
      },
      "start": 322,
      "end": 323,
      "loc": {
        "start": {
          "line": 15,
          "column": 42
        },
        "end": {
          "line": 15,
          "column": 43
        }
      }
    },
    {
      "type": {
        "label": "name",
        "beforeExpr": false,
        "startsExpr": true,
        "rightAssociative": false,
        "isLoop": false,
        "isAssign": false,
        "prefix": false,
        "postfix": false,
        "binop": null
      },
      "value": "split",
      "start": 323,
      "end": 328,
      "loc": {
        "start": {
          "line": 15,
          "column": 43
        },
        "end": {
          "line": 15,
          "column": 48
        }
      }
    },
    {
      "type": {
        "label": "(",
        "beforeExpr": true,
        "startsExpr": true,
        "rightAssociative": false,
        "isLoop": false,
        "isAssign": false,
        "prefix": false,
        "postfix": false,
        "binop": null
      },
      "start": 328,
      "end": 329,
      "loc": {
        "start": {
          "line": 15,
          "column": 48
        },
        "end": {
          "line": 15,
          "column": 49
        }
      }
    },
    {
      "type": {
        "label": "string",
        "beforeExpr": false,
        "startsExpr": true,
        "rightAssociative": false,
        "isLoop": false,
        "isAssign": false,
        "prefix": false,
        "postfix": false,
        "binop": null,
        "updateContext": null
      },
      "value": ".",
      "start": 329,
      "end": 332,
      "loc": {
        "start": {
          "line": 15,
          "column": 49
        },
        "end": {
          "line": 15,
          "column": 52
        }
      }
    },
    {
      "type": {
        "label": ")",
        "beforeExpr": false,
        "startsExpr": false,
        "rightAssociative": false,
        "isLoop": false,
        "isAssign": false,
        "prefix": false,
        "postfix": false,
        "binop": null
      },
      "start": 332,
      "end": 333,
      "loc": {
        "start": {
          "line": 15,
          "column": 52
        },
        "end": {
          "line": 15,
          "column": 53
        }
      }
    },
    {
      "type": {
        "label": "[",
        "beforeExpr": true,
        "startsExpr": true,
        "rightAssociative": false,
        "isLoop": false,
        "isAssign": false,
        "prefix": false,
        "postfix": false,
        "binop": null,
        "updateContext": null
      },
      "start": 333,
      "end": 334,
      "loc": {
        "start": {
          "line": 15,
          "column": 53
        },
        "end": {
          "line": 15,
          "column": 54
        }
      }
    },
    {
      "type": {
        "label": "num",
        "beforeExpr": false,
        "startsExpr": true,
        "rightAssociative": false,
        "isLoop": false,
        "isAssign": false,
        "prefix": false,
        "postfix": false,
        "binop": null,
        "updateContext": null
      },
      "value": 0,
      "start": 334,
      "end": 335,
      "loc": {
        "start": {
          "line": 15,
          "column": 54
        },
        "end": {
          "line": 15,
          "column": 55
        }
      }
    },
    {
      "type": {
        "label": "]",
        "beforeExpr": false,
        "startsExpr": false,
        "rightAssociative": false,
        "isLoop": false,
        "isAssign": false,
        "prefix": false,
        "postfix": false,
        "binop": null,
        "updateContext": null
      },
      "start": 335,
      "end": 336,
      "loc": {
        "start": {
          "line": 15,
          "column": 55
        },
        "end": {
          "line": 15,
          "column": 56
        }
      }
    },
    {
      "type": {
        "label": ";",
        "beforeExpr": true,
        "startsExpr": false,
        "rightAssociative": false,
        "isLoop": false,
        "isAssign": false,
        "prefix": false,
        "postfix": false,
        "binop": null,
        "updateContext": null
      },
      "start": 336,
      "end": 337,
      "loc": {
        "start": {
          "line": 15,
          "column": 56
        },
        "end": {
          "line": 15,
          "column": 57
        }
      }
    },
    {
      "type": {
        "label": "name",
        "beforeExpr": false,
        "startsExpr": true,
        "rightAssociative": false,
        "isLoop": false,
        "isAssign": false,
        "prefix": false,
        "postfix": false,
        "binop": null
      },
      "value": "basename",
      "start": 342,
      "end": 350,
      "loc": {
        "start": {
          "line": 16,
          "column": 4
        },
        "end": {
          "line": 16,
          "column": 12
        }
      }
    },
    {
      "type": {
        "label": "=",
        "beforeExpr": true,
        "startsExpr": false,
        "rightAssociative": false,
        "isLoop": false,
        "isAssign": true,
        "prefix": false,
        "postfix": false,
        "binop": null,
        "updateContext": null
      },
      "value": "=",
      "start": 351,
      "end": 352,
      "loc": {
        "start": {
          "line": 16,
          "column": 13
        },
        "end": {
          "line": 16,
          "column": 14
        }
      }
    },
    {
      "type": {
        "label": "name",
        "beforeExpr": false,
        "startsExpr": true,
        "rightAssociative": false,
        "isLoop": false,
        "isAssign": false,
        "prefix": false,
        "postfix": false,
        "binop": null
      },
      "value": "basename",
      "start": 353,
      "end": 361,
      "loc": {
        "start": {
          "line": 16,
          "column": 15
        },
        "end": {
          "line": 16,
          "column": 23
        }
      }
    },
    {
      "type": {
        "label": ".",
        "beforeExpr": false,
        "startsExpr": false,
        "rightAssociative": false,
        "isLoop": false,
        "isAssign": false,
        "prefix": false,
        "postfix": false,
        "binop": null,
        "updateContext": null
      },
      "start": 361,
      "end": 362,
      "loc": {
        "start": {
          "line": 16,
          "column": 23
        },
        "end": {
          "line": 16,
          "column": 24
        }
      }
    },
    {
      "type": {
        "label": "name",
        "beforeExpr": false,
        "startsExpr": true,
        "rightAssociative": false,
        "isLoop": false,
        "isAssign": false,
        "prefix": false,
        "postfix": false,
        "binop": null
      },
      "value": "replace",
      "start": 362,
      "end": 369,
      "loc": {
        "start": {
          "line": 16,
          "column": 24
        },
        "end": {
          "line": 16,
          "column": 31
        }
      }
    },
    {
      "type": {
        "label": "(",
        "beforeExpr": true,
        "startsExpr": true,
        "rightAssociative": false,
        "isLoop": false,
        "isAssign": false,
        "prefix": false,
        "postfix": false,
        "binop": null
      },
      "start": 369,
      "end": 370,
      "loc": {
        "start": {
          "line": 16,
          "column": 31
        },
        "end": {
          "line": 16,
          "column": 32
        }
      }
    },
    {
      "type": {
        "label": "regexp",
        "beforeExpr": false,
        "startsExpr": true,
        "rightAssociative": false,
        "isLoop": false,
        "isAssign": false,
        "prefix": false,
        "postfix": false,
        "binop": null,
        "updateContext": null
      },
      "value": {
        "pattern": "[^a-zA-Z0-9_$]",
        "flags": "g"
      },
      "start": 370,
      "end": 387,
      "loc": {
        "start": {
          "line": 16,
          "column": 32
        },
        "end": {
          "line": 16,
          "column": 49
        }
      }
    },
    {
      "type": {
        "label": ",",
        "beforeExpr": true,
        "startsExpr": false,
        "rightAssociative": false,
        "isLoop": false,
        "isAssign": false,
        "prefix": false,
        "postfix": false,
        "binop": null,
        "updateContext": null
      },
      "start": 387,
      "end": 388,
      "loc": {
        "start": {
          "line": 16,
          "column": 49
        },
        "end": {
          "line": 16,
          "column": 50
        }
      }
    },
    {
      "type": {
        "label": "string",
        "beforeExpr": false,
        "startsExpr": true,
        "rightAssociative": false,
        "isLoop": false,
        "isAssign": false,
        "prefix": false,
        "postfix": false,
        "binop": null,
        "updateContext": null
      },
      "value": "",
      "start": 389,
      "end": 391,
      "loc": {
        "start": {
          "line": 16,
          "column": 51
        },
        "end": {
          "line": 16,
          "column": 53
        }
      }
    },
    {
      "type": {
        "label": ")",
        "beforeExpr": false,
        "startsExpr": false,
        "rightAssociative": false,
        "isLoop": false,
        "isAssign": false,
        "prefix": false,
        "postfix": false,
        "binop": null
      },
      "start": 391,
      "end": 392,
      "loc": {
        "start": {
          "line": 16,
          "column": 53
        },
        "end": {
          "line": 16,
          "column": 54
        }
      }
    },
    {
      "type": {
        "label": ";",
        "beforeExpr": true,
        "startsExpr": false,
        "rightAssociative": false,
        "isLoop": false,
        "isAssign": false,
        "prefix": false,
        "postfix": false,
        "binop": null,
        "updateContext": null
      },
      "start": 392,
      "end": 393,
      "loc": {
        "start": {
          "line": 16,
          "column": 54
        },
        "end": {
          "line": 16,
          "column": 55
        }
      }
    },
    {
      "type": {
        "label": "name",
        "beforeExpr": false,
        "startsExpr": true,
        "rightAssociative": false,
        "isLoop": false,
        "isAssign": false,
        "prefix": false,
        "postfix": false,
        "binop": null
      },
      "value": "filePathMap",
      "start": 399,
      "end": 410,
      "loc": {
        "start": {
          "line": 18,
          "column": 4
        },
        "end": {
          "line": 18,
          "column": 15
        }
      }
    },
    {
      "type": {
        "label": "[",
        "beforeExpr": true,
        "startsExpr": true,
        "rightAssociative": false,
        "isLoop": false,
        "isAssign": false,
        "prefix": false,
        "postfix": false,
        "binop": null,
        "updateContext": null
      },
      "start": 410,
      "end": 411,
      "loc": {
        "start": {
          "line": 18,
          "column": 15
        },
        "end": {
          "line": 18,
          "column": 16
        }
      }
    },
    {
      "type": {
        "label": "name",
        "beforeExpr": false,
        "startsExpr": true,
        "rightAssociative": false,
        "isLoop": false,
        "isAssign": false,
        "prefix": false,
        "postfix": false,
        "binop": null
      },
      "value": "filePath",
      "start": 411,
      "end": 419,
      "loc": {
        "start": {
          "line": 18,
          "column": 16
        },
        "end": {
          "line": 18,
          "column": 24
        }
      }
    },
    {
      "type": {
        "label": "]",
        "beforeExpr": false,
        "startsExpr": false,
        "rightAssociative": false,
        "isLoop": false,
        "isAssign": false,
        "prefix": false,
        "postfix": false,
        "binop": null,
        "updateContext": null
      },
      "start": 419,
      "end": 420,
      "loc": {
        "start": {
          "line": 18,
          "column": 24
        },
        "end": {
          "line": 18,
          "column": 25
        }
      }
    },
    {
      "type": {
        "label": "=",
        "beforeExpr": true,
        "startsExpr": false,
        "rightAssociative": false,
        "isLoop": false,
        "isAssign": true,
        "prefix": false,
        "postfix": false,
        "binop": null,
        "updateContext": null
      },
      "value": "=",
      "start": 421,
      "end": 422,
      "loc": {
        "start": {
          "line": 18,
          "column": 26
        },
        "end": {
          "line": 18,
          "column": 27
        }
      }
    },
    {
      "type": {
        "label": "name",
        "beforeExpr": false,
        "startsExpr": true,
        "rightAssociative": false,
        "isLoop": false,
        "isAssign": false,
        "prefix": false,
        "postfix": false,
        "binop": null
      },
      "value": "filePathMap",
      "start": 423,
      "end": 434,
      "loc": {
        "start": {
          "line": 18,
          "column": 28
        },
        "end": {
          "line": 18,
          "column": 39
        }
      }
    },
    {
      "type": {
        "label": "[",
        "beforeExpr": true,
        "startsExpr": true,
        "rightAssociative": false,
        "isLoop": false,
        "isAssign": false,
        "prefix": false,
        "postfix": false,
        "binop": null,
        "updateContext": null
      },
      "start": 434,
      "end": 435,
      "loc": {
        "start": {
          "line": 18,
          "column": 39
        },
        "end": {
          "line": 18,
          "column": 40
        }
      }
    },
    {
      "type": {
        "label": "name",
        "beforeExpr": false,
        "startsExpr": true,
        "rightAssociative": false,
        "isLoop": false,
        "isAssign": false,
        "prefix": false,
        "postfix": false,
        "binop": null
      },
      "value": "filePath",
      "start": 435,
      "end": 443,
      "loc": {
        "start": {
          "line": 18,
          "column": 40
        },
        "end": {
          "line": 18,
          "column": 48
        }
      }
    },
    {
      "type": {
        "label": "]",
        "beforeExpr": false,
        "startsExpr": false,
        "rightAssociative": false,
        "isLoop": false,
        "isAssign": false,
        "prefix": false,
        "postfix": false,
        "binop": null,
        "updateContext": null
      },
      "start": 443,
      "end": 444,
      "loc": {
        "start": {
          "line": 18,
          "column": 48
        },
        "end": {
          "line": 18,
          "column": 49
        }
      }
    },
    {
      "type": {
        "label": "||",
        "beforeExpr": true,
        "startsExpr": false,
        "rightAssociative": false,
        "isLoop": false,
        "isAssign": false,
        "prefix": false,
        "postfix": false,
        "binop": 1,
        "updateContext": null
      },
      "value": "||",
      "start": 445,
      "end": 447,
      "loc": {
        "start": {
          "line": 18,
          "column": 50
        },
        "end": {
          "line": 18,
          "column": 52
        }
      }
    },
    {
      "type": {
        "label": "num",
        "beforeExpr": false,
        "startsExpr": true,
        "rightAssociative": false,
        "isLoop": false,
        "isAssign": false,
        "prefix": false,
        "postfix": false,
        "binop": null,
        "updateContext": null
      },
      "value": 0,
      "start": 448,
      "end": 449,
      "loc": {
        "start": {
          "line": 18,
          "column": 53
        },
        "end": {
          "line": 18,
          "column": 54
        }
      }
    },
    {
      "type": {
        "label": ";",
        "beforeExpr": true,
        "startsExpr": false,
        "rightAssociative": false,
        "isLoop": false,
        "isAssign": false,
        "prefix": false,
        "postfix": false,
        "binop": null,
        "updateContext": null
      },
      "start": 449,
      "end": 450,
      "loc": {
        "start": {
          "line": 18,
          "column": 54
        },
        "end": {
          "line": 18,
          "column": 55
        }
      }
    },
    {
      "type": {
        "label": "const",
        "keyword": "const",
        "beforeExpr": false,
        "startsExpr": false,
        "rightAssociative": false,
        "isLoop": false,
        "isAssign": false,
        "prefix": false,
        "postfix": false,
        "binop": null,
        "updateContext": null
      },
      "value": "const",
      "start": 455,
      "end": 460,
      "loc": {
        "start": {
          "line": 19,
          "column": 4
        },
        "end": {
          "line": 19,
          "column": 9
        }
      }
    },
    {
      "type": {
        "label": "name",
        "beforeExpr": false,
        "startsExpr": true,
        "rightAssociative": false,
        "isLoop": false,
        "isAssign": false,
        "prefix": false,
        "postfix": false,
        "binop": null
      },
      "value": "count",
      "start": 461,
      "end": 466,
      "loc": {
        "start": {
          "line": 19,
          "column": 10
        },
        "end": {
          "line": 19,
          "column": 15
        }
      }
    },
    {
      "type": {
        "label": "=",
        "beforeExpr": true,
        "startsExpr": false,
        "rightAssociative": false,
        "isLoop": false,
        "isAssign": true,
        "prefix": false,
        "postfix": false,
        "binop": null,
        "updateContext": null
      },
      "value": "=",
      "start": 467,
      "end": 468,
      "loc": {
        "start": {
          "line": 19,
          "column": 16
        },
        "end": {
          "line": 19,
          "column": 17
        }
      }
    },
    {
      "type": {
        "label": "name",
        "beforeExpr": false,
        "startsExpr": true,
        "rightAssociative": false,
        "isLoop": false,
        "isAssign": false,
        "prefix": false,
        "postfix": false,
        "binop": null
      },
      "value": "filePathMap",
      "start": 469,
      "end": 480,
      "loc": {
        "start": {
          "line": 19,
          "column": 18
        },
        "end": {
          "line": 19,
          "column": 29
        }
      }
    },
    {
      "type": {
        "label": "[",
        "beforeExpr": true,
        "startsExpr": true,
        "rightAssociative": false,
        "isLoop": false,
        "isAssign": false,
        "prefix": false,
        "postfix": false,
        "binop": null,
        "updateContext": null
      },
      "start": 480,
      "end": 481,
      "loc": {
        "start": {
          "line": 19,
          "column": 29
        },
        "end": {
          "line": 19,
          "column": 30
        }
      }
    },
    {
      "type": {
        "label": "name",
        "beforeExpr": false,
        "startsExpr": true,
        "rightAssociative": false,
        "isLoop": false,
        "isAssign": false,
        "prefix": false,
        "postfix": false,
        "binop": null
      },
      "value": "filePath",
      "start": 481,
      "end": 489,
      "loc": {
        "start": {
          "line": 19,
          "column": 30
        },
        "end": {
          "line": 19,
          "column": 38
        }
      }
    },
    {
      "type": {
        "label": "]",
        "beforeExpr": false,
        "startsExpr": false,
        "rightAssociative": false,
        "isLoop": false,
        "isAssign": false,
        "prefix": false,
        "postfix": false,
        "binop": null,
        "updateContext": null
      },
      "start": 489,
      "end": 490,
      "loc": {
        "start": {
          "line": 19,
          "column": 38
        },
        "end": {
          "line": 19,
          "column": 39
        }
      }
    },
    {
      "type": {
        "label": ";",
        "beforeExpr": true,
        "startsExpr": false,
        "rightAssociative": false,
        "isLoop": false,
        "isAssign": false,
        "prefix": false,
        "postfix": false,
        "binop": null,
        "updateContext": null
      },
      "start": 490,
      "end": 491,
      "loc": {
        "start": {
          "line": 19,
          "column": 39
        },
        "end": {
          "line": 19,
          "column": 40
        }
      }
    },
    {
      "type": {
        "label": "if",
        "keyword": "if",
        "beforeExpr": false,
        "startsExpr": false,
        "rightAssociative": false,
        "isLoop": false,
        "isAssign": false,
        "prefix": false,
        "postfix": false,
        "binop": null,
        "updateContext": null
      },
      "value": "if",
      "start": 496,
      "end": 498,
      "loc": {
        "start": {
          "line": 20,
          "column": 4
        },
        "end": {
          "line": 20,
          "column": 6
        }
      }
    },
    {
      "type": {
        "label": "(",
        "beforeExpr": true,
        "startsExpr": true,
        "rightAssociative": false,
        "isLoop": false,
        "isAssign": false,
        "prefix": false,
        "postfix": false,
        "binop": null
      },
      "start": 499,
      "end": 500,
      "loc": {
        "start": {
          "line": 20,
          "column": 7
        },
        "end": {
          "line": 20,
          "column": 8
        }
      }
    },
    {
      "type": {
        "label": "name",
        "beforeExpr": false,
        "startsExpr": true,
        "rightAssociative": false,
        "isLoop": false,
        "isAssign": false,
        "prefix": false,
        "postfix": false,
        "binop": null
      },
      "value": "count",
      "start": 500,
      "end": 505,
      "loc": {
        "start": {
          "line": 20,
          "column": 8
        },
        "end": {
          "line": 20,
          "column": 13
        }
      }
    },
    {
      "type": {
        "label": "</>",
        "beforeExpr": true,
        "startsExpr": false,
        "rightAssociative": false,
        "isLoop": false,
        "isAssign": false,
        "prefix": false,
        "postfix": false,
        "binop": 7,
        "updateContext": null
      },
      "value": ">",
      "start": 506,
      "end": 507,
      "loc": {
        "start": {
          "line": 20,
          "column": 14
        },
        "end": {
          "line": 20,
          "column": 15
        }
      }
    },
    {
      "type": {
        "label": "num",
        "beforeExpr": false,
        "startsExpr": true,
        "rightAssociative": false,
        "isLoop": false,
        "isAssign": false,
        "prefix": false,
        "postfix": false,
        "binop": null,
        "updateContext": null
      },
      "value": 0,
      "start": 508,
      "end": 509,
      "loc": {
        "start": {
          "line": 20,
          "column": 16
        },
        "end": {
          "line": 20,
          "column": 17
        }
      }
    },
    {
      "type": {
        "label": ")",
        "beforeExpr": false,
        "startsExpr": false,
        "rightAssociative": false,
        "isLoop": false,
        "isAssign": false,
        "prefix": false,
        "postfix": false,
        "binop": null
      },
      "start": 509,
      "end": 510,
      "loc": {
        "start": {
          "line": 20,
          "column": 17
        },
        "end": {
          "line": 20,
          "column": 18
        }
      }
    },
    {
      "type": {
        "label": "name",
        "beforeExpr": false,
        "startsExpr": true,
        "rightAssociative": false,
        "isLoop": false,
        "isAssign": false,
        "prefix": false,
        "postfix": false,
        "binop": null
      },
      "value": "basename",
      "start": 511,
      "end": 519,
      "loc": {
        "start": {
          "line": 20,
          "column": 19
        },
        "end": {
          "line": 20,
          "column": 27
        }
      }
    },
    {
      "type": {
        "label": "_=",
        "beforeExpr": true,
        "startsExpr": false,
        "rightAssociative": false,
        "isLoop": false,
        "isAssign": true,
        "prefix": false,
        "postfix": false,
        "binop": null,
        "updateContext": null
      },
      "value": "+=",
      "start": 520,
      "end": 522,
      "loc": {
        "start": {
          "line": 20,
          "column": 28
        },
        "end": {
          "line": 20,
          "column": 30
        }
      }
    },
    {
      "type": {
        "label": "name",
        "beforeExpr": false,
        "startsExpr": true,
        "rightAssociative": false,
        "isLoop": false,
        "isAssign": false,
        "prefix": false,
        "postfix": false,
        "binop": null
      },
      "value": "count",
      "start": 523,
      "end": 528,
      "loc": {
        "start": {
          "line": 20,
          "column": 31
        },
        "end": {
          "line": 20,
          "column": 36
        }
      }
    },
    {
      "type": {
        "label": ";",
        "beforeExpr": true,
        "startsExpr": false,
        "rightAssociative": false,
        "isLoop": false,
        "isAssign": false,
        "prefix": false,
        "postfix": false,
        "binop": null,
        "updateContext": null
      },
      "start": 528,
      "end": 529,
      "loc": {
        "start": {
          "line": 20,
          "column": 36
        },
        "end": {
          "line": 20,
          "column": 37
        }
      }
    },
    {
      "type": {
        "label": "name",
        "beforeExpr": false,
        "startsExpr": true,
        "rightAssociative": false,
        "isLoop": false,
        "isAssign": false,
        "prefix": false,
        "postfix": false,
        "binop": null
      },
      "value": "filePathMap",
      "start": 534,
      "end": 545,
      "loc": {
        "start": {
          "line": 21,
          "column": 4
        },
        "end": {
          "line": 21,
          "column": 15
        }
      }
    },
    {
      "type": {
        "label": "[",
        "beforeExpr": true,
        "startsExpr": true,
        "rightAssociative": false,
        "isLoop": false,
        "isAssign": false,
        "prefix": false,
        "postfix": false,
        "binop": null,
        "updateContext": null
      },
      "start": 545,
      "end": 546,
      "loc": {
        "start": {
          "line": 21,
          "column": 15
        },
        "end": {
          "line": 21,
          "column": 16
        }
      }
    },
    {
      "type": {
        "label": "name",
        "beforeExpr": false,
        "startsExpr": true,
        "rightAssociative": false,
        "isLoop": false,
        "isAssign": false,
        "prefix": false,
        "postfix": false,
        "binop": null
      },
      "value": "filePath",
      "start": 546,
      "end": 554,
      "loc": {
        "start": {
          "line": 21,
          "column": 16
        },
        "end": {
          "line": 21,
          "column": 24
        }
      }
    },
    {
      "type": {
        "label": "]",
        "beforeExpr": false,
        "startsExpr": false,
        "rightAssociative": false,
        "isLoop": false,
        "isAssign": false,
        "prefix": false,
        "postfix": false,
        "binop": null,
        "updateContext": null
      },
      "start": 554,
      "end": 555,
      "loc": {
        "start": {
          "line": 21,
          "column": 24
        },
        "end": {
          "line": 21,
          "column": 25
        }
      }
    },
    {
      "type": {
        "label": "++/--",
        "beforeExpr": false,
        "startsExpr": true,
        "rightAssociative": false,
        "isLoop": false,
        "isAssign": false,
        "prefix": true,
        "postfix": true,
        "binop": null
      },
      "value": "++",
      "start": 555,
      "end": 557,
      "loc": {
        "start": {
          "line": 21,
          "column": 25
        },
        "end": {
          "line": 21,
          "column": 27
        }
      }
    },
    {
      "type": {
        "label": ";",
        "beforeExpr": true,
        "startsExpr": false,
        "rightAssociative": false,
        "isLoop": false,
        "isAssign": false,
        "prefix": false,
        "postfix": false,
        "binop": null,
        "updateContext": null
      },
      "start": 557,
      "end": 558,
      "loc": {
        "start": {
          "line": 21,
          "column": 27
        },
        "end": {
          "line": 21,
          "column": 28
        }
      }
    },
    {
      "type": {
        "label": "return",
        "keyword": "return",
        "beforeExpr": true,
        "startsExpr": false,
        "rightAssociative": false,
        "isLoop": false,
        "isAssign": false,
        "prefix": false,
        "postfix": false,
        "binop": null,
        "updateContext": null
      },
      "value": "return",
      "start": 564,
      "end": 570,
      "loc": {
        "start": {
          "line": 23,
          "column": 4
        },
        "end": {
          "line": 23,
          "column": 10
        }
      }
    },
    {
      "type": {
        "label": "name",
        "beforeExpr": false,
        "startsExpr": true,
        "rightAssociative": false,
        "isLoop": false,
        "isAssign": false,
        "prefix": false,
        "postfix": false,
        "binop": null
      },
      "value": "basename",
      "start": 571,
      "end": 579,
      "loc": {
        "start": {
          "line": 23,
          "column": 11
        },
        "end": {
          "line": 23,
          "column": 19
        }
      }
    },
    {
      "type": {
        "label": ";",
        "beforeExpr": true,
        "startsExpr": false,
        "rightAssociative": false,
        "isLoop": false,
        "isAssign": false,
        "prefix": false,
        "postfix": false,
        "binop": null,
        "updateContext": null
      },
      "start": 579,
      "end": 580,
      "loc": {
        "start": {
          "line": 23,
          "column": 19
        },
        "end": {
          "line": 23,
          "column": 20
        }
      }
    },
    {
      "type": {
        "label": "}",
        "beforeExpr": false,
        "startsExpr": false,
        "rightAssociative": false,
        "isLoop": false,
        "isAssign": false,
        "prefix": false,
        "postfix": false,
        "binop": null
      },
      "start": 583,
      "end": 584,
      "loc": {
        "start": {
          "line": 24,
          "column": 2
        },
        "end": {
          "line": 24,
          "column": 3
        }
      }
    },
    {
      "type": {
        "label": "}",
        "beforeExpr": false,
        "startsExpr": false,
        "rightAssociative": false,
        "isLoop": false,
        "isAssign": false,
        "prefix": false,
        "postfix": false,
        "binop": null
      },
      "start": 585,
      "end": 586,
      "loc": {
        "start": {
          "line": 25,
          "column": 0
        },
        "end": {
          "line": 25,
          "column": 1
        }
      }
    },
    {
      "type": {
        "label": "eof",
        "beforeExpr": false,
        "startsExpr": false,
        "rightAssociative": false,
        "isLoop": false,
        "isAssign": false,
        "prefix": false,
        "postfix": false,
        "binop": null,
        "updateContext": null
      },
      "start": 587,
      "end": 587,
      "loc": {
        "start": {
          "line": 26,
          "column": 0
        },
        "end": {
          "line": 26,
          "column": 0
        }
      }
    }
  ]
}