{
  "type": "File",
  "start": 0,
  "end": 242,
  "loc": {
    "start": {
      "line": 1,
      "column": 0
    },
    "end": {
      "line": 12,
      "column": 1
    }
  },
  "program": {
    "type": "Program",
    "start": 0,
    "end": 242,
    "loc": {
      "start": {
        "line": 1,
        "column": 0
      },
      "end": {
        "line": 12,
        "column": 1
      }
    },
    "sourceType": "module",
    "body": [
      {
        "type": "ExportDefaultDeclaration",
        "start": 31,
        "end": 242,
        "loc": {
          "start": {
            "line": 4,
            "column": 0
          },
          "end": {
            "line": 12,
            "column": 1
          }
        },
        "declaration": {
          "type": "ClassDeclaration",
          "start": 46,
          "end": 242,
          "loc": {
            "start": {
              "line": 4,
              "column": 15
            },
            "end": {
              "line": 12,
              "column": 1
            }
          },
          "id": {
            "type": "Identifier",
            "start": 52,
            "end": 63,
            "loc": {
              "start": {
                "line": 4,
                "column": 21
              },
              "end": {
                "line": 4,
                "column": 32
              },
              "identifierName": "PluginEvent"
            },
            "name": "PluginEvent",
            "leadingComments": null
          },
          "superClass": null,
          "body": {
            "type": "ClassBody",
            "start": 64,
            "end": 242,
            "loc": {
              "start": {
                "line": 4,
                "column": 33
              },
              "end": {
                "line": 12,
                "column": 1
              }
            },
            "body": [
              {
                "type": "ClassMethod",
                "start": 154,
                "end": 240,
                "loc": {
                  "start": {
                    "line": 9,
                    "column": 2
                  },
                  "end": {
                    "line": 11,
                    "column": 3
                  }
                },
                "computed": false,
                "key": {
                  "type": "Identifier",
                  "start": 154,
                  "end": 165,
                  "loc": {
                    "start": {
                      "line": 9,
                      "column": 2
                    },
                    "end": {
                      "line": 9,
                      "column": 13
                    },
                    "identifierName": "constructor"
                  },
                  "name": "constructor",
                  "leadingComments": null
                },
                "static": false,
                "kind": "constructor",
                "id": null,
                "generator": false,
                "expression": false,
                "async": false,
                "params": [
                  {
                    "type": "AssignmentPattern",
                    "start": 166,
                    "end": 179,
                    "loc": {
                      "start": {
                        "line": 9,
                        "column": 14
                      },
                      "end": {
                        "line": 9,
                        "column": 27
                      }
                    },
                    "left": {
                      "type": "Identifier",
                      "start": 166,
                      "end": 174,
                      "loc": {
                        "start": {
                          "line": 9,
                          "column": 14
                        },
                        "end": {
                          "line": 9,
                          "column": 22
                        },
                        "identifierName": "copyData"
                      },
                      "name": "copyData"
                    },
                    "right": {
                      "type": "ObjectExpression",
                      "start": 177,
                      "end": 179,
                      "loc": {
                        "start": {
                          "line": 9,
                          "column": 25
                        },
                        "end": {
                          "line": 9,
                          "column": 27
                        }
                      },
                      "properties": []
                    }
                  }
                ],
                "body": {
                  "type": "BlockStatement",
                  "start": 181,
                  "end": 240,
                  "loc": {
                    "start": {
                      "line": 9,
                      "column": 29
                    },
                    "end": {
                      "line": 11,
                      "column": 3
                    }
                  },
                  "body": [
                    {
                      "type": "ExpressionStatement",
                      "start": 187,
                      "end": 236,
                      "loc": {
                        "start": {
                          "line": 10,
                          "column": 4
                        },
                        "end": {
                          "line": 10,
                          "column": 53
                        }
                      },
                      "expression": {
                        "type": "AssignmentExpression",
                        "start": 187,
                        "end": 235,
                        "loc": {
                          "start": {
                            "line": 10,
                            "column": 4
                          },
                          "end": {
                            "line": 10,
                            "column": 52
                          }
                        },
                        "operator": "=",
                        "left": {
                          "type": "MemberExpression",
                          "start": 187,
                          "end": 196,
                          "loc": {
                            "start": {
                              "line": 10,
                              "column": 4
                            },
                            "end": {
                              "line": 10,
                              "column": 13
                            }
                          },
                          "object": {
                            "type": "ThisExpression",
                            "start": 187,
                            "end": 191,
                            "loc": {
                              "start": {
                                "line": 10,
                                "column": 4
                              },
                              "end": {
                                "line": 10,
                                "column": 8
                              }
                            }
                          },
                          "property": {
                            "type": "Identifier",
                            "start": 192,
                            "end": 196,
                            "loc": {
                              "start": {
                                "line": 10,
                                "column": 9
                              },
                              "end": {
                                "line": 10,
                                "column": 13
                              },
                              "identifierName": "data"
                            },
                            "name": "data"
                          },
                          "computed": false
                        },
                        "right": {
                          "type": "CallExpression",
                          "start": 199,
                          "end": 235,
                          "loc": {
                            "start": {
                              "line": 10,
                              "column": 16
                            },
                            "end": {
                              "line": 10,
                              "column": 52
                            }
                          },
                          "callee": {
                            "type": "MemberExpression",
                            "start": 199,
                            "end": 209,
                            "loc": {
                              "start": {
                                "line": 10,
                                "column": 16
                              },
                              "end": {
                                "line": 10,
                                "column": 26
                              }
                            },
                            "object": {
                              "type": "Identifier",
                              "start": 199,
                              "end": 203,
                              "loc": {
                                "start": {
                                  "line": 10,
                                  "column": 16
                                },
                                "end": {
                                  "line": 10,
                                  "column": 20
                                },
                                "identifierName": "JSON"
                              },
                              "name": "JSON"
                            },
                            "property": {
                              "type": "Identifier",
                              "start": 204,
                              "end": 209,
                              "loc": {
                                "start": {
                                  "line": 10,
                                  "column": 21
                                },
                                "end": {
                                  "line": 10,
                                  "column": 26
                                },
                                "identifierName": "parse"
                              },
                              "name": "parse"
                            },
                            "computed": false
                          },
                          "arguments": [
                            {
                              "type": "CallExpression",
                              "start": 210,
                              "end": 234,
                              "loc": {
                                "start": {
                                  "line": 10,
                                  "column": 27
                                },
                                "end": {
                                  "line": 10,
                                  "column": 51
                                }
                              },
                              "callee": {
                                "type": "MemberExpression",
                                "start": 210,
                                "end": 224,
                                "loc": {
                                  "start": {
                                    "line": 10,
                                    "column": 27
                                  },
                                  "end": {
                                    "line": 10,
                                    "column": 41
                                  }
                                },
                                "object": {
                                  "type": "Identifier",
                                  "start": 210,
                                  "end": 214,
                                  "loc": {
                                    "start": {
                                      "line": 10,
                                      "column": 27
                                    },
                                    "end": {
                                      "line": 10,
                                      "column": 31
                                    },
                                    "identifierName": "JSON"
                                  },
                                  "name": "JSON"
                                },
                                "property": {
                                  "type": "Identifier",
                                  "start": 215,
                                  "end": 224,
                                  "loc": {
                                    "start": {
                                      "line": 10,
                                      "column": 32
                                    },
                                    "end": {
                                      "line": 10,
                                      "column": 41
                                    },
                                    "identifierName": "stringify"
                                  },
                                  "name": "stringify"
                                },
                                "computed": false
                              },
                              "arguments": [
                                {
                                  "type": "Identifier",
                                  "start": 225,
                                  "end": 233,
                                  "loc": {
                                    "start": {
                                      "line": 10,
                                      "column": 42
                                    },
                                    "end": {
                                      "line": 10,
                                      "column": 50
                                    },
                                    "identifierName": "copyData"
                                  },
                                  "name": "copyData"
                                }
                              ]
                            }
                          ]
                        }
                      }
                    }
                  ],
                  "directives": []
                },
                "leadingComments": [
                  {
                    "type": "CommentBlock",
                    "value": "*\n   * create instance.\n   * @param {Object} copyData - Event data to copy.\n   ",
                    "start": 68,
                    "end": 151,
                    "loc": {
                      "start": {
                        "line": 5,
                        "column": 2
                      },
                      "end": {
                        "line": 8,
                        "column": 5
                      }
                    }
                  }
                ]
              }
            ]
          },
          "leadingComments": [
            {
              "type": "CommentBlock",
              "value": "*\n * Plugin Event class.\n ",
              "start": 0,
              "end": 30,
              "loc": {
                "start": {
                  "line": 1,
                  "column": 0
                },
                "end": {
                  "line": 3,
                  "column": 3
                }
              }
            }
          ],
          "trailingComments": []
        },
        "leadingComments": [
          {
            "type": "CommentBlock",
            "value": "*\n * Plugin Event class.\n ",
            "start": 0,
            "end": 30,
            "loc": {
              "start": {
                "line": 1,
                "column": 0
              },
              "end": {
                "line": 3,
                "column": 3
              }
            }
          }
        ]
      }
    ],
    "directives": []
  },
  "comments": [
    {
      "type": "CommentBlock",
      "value": "*\n * Plugin Event class.\n ",
      "start": 0,
      "end": 30,
      "loc": {
        "start": {
          "line": 1,
          "column": 0
        },
        "end": {
          "line": 3,
          "column": 3
        }
      }
    },
    {
      "type": "CommentBlock",
      "value": "*\n   * create instance.\n   * @param {Object} copyData - Event data to copy.\n   ",
      "start": 68,
      "end": 151,
      "loc": {
        "start": {
          "line": 5,
          "column": 2
        },
        "end": {
          "line": 8,
          "column": 5
        }
      }
    }
  ],
  "tokens": [
    {
      "type": "CommentBlock",
      "value": "*\n * Plugin Event class.\n ",
      "start": 0,
      "end": 30,
      "loc": {
        "start": {
          "line": 1,
          "column": 0
        },
        "end": {
          "line": 3,
          "column": 3
        }
      }
    },
    {
      "type": {
        "label": "export",
        "keyword": "export",
        "beforeExpr": false,
        "startsExpr": false,
        "rightAssociative": false,
        "isLoop": false,
        "isAssign": false,
        "prefix": false,
        "postfix": false,
        "binop": null,
        "updateContext": null
      },
      "value": "export",
      "start": 31,
      "end": 37,
      "loc": {
        "start": {
          "line": 4,
          "column": 0
        },
        "end": {
          "line": 4,
          "column": 6
        }
      }
    },
    {
      "type": {
        "label": "default",
        "keyword": "default",
        "beforeExpr": true,
        "startsExpr": false,
        "rightAssociative": false,
        "isLoop": false,
        "isAssign": false,
        "prefix": false,
        "postfix": false,
        "binop": null,
        "updateContext": null
      },
      "value": "default",
      "start": 38,
      "end": 45,
      "loc": {
        "start": {
          "line": 4,
          "column": 7
        },
        "end": {
          "line": 4,
          "column": 14
        }
      }
    },
    {
      "type": {
        "label": "class",
        "keyword": "class",
        "beforeExpr": false,
        "startsExpr": false,
        "rightAssociative": false,
        "isLoop": false,
        "isAssign": false,
        "prefix": false,
        "postfix": false,
        "binop": null,
        "updateContext": null
      },
      "value": "class",
      "start": 46,
      "end": 51,
      "loc": {
        "start": {
          "line": 4,
          "column": 15
        },
        "end": {
          "line": 4,
          "column": 20
        }
      }
    },
    {
      "type": {
        "label": "name",
        "beforeExpr": false,
        "startsExpr": true,
        "rightAssociative": false,
        "isLoop": false,
        "isAssign": false,
        "prefix": false,
        "postfix": false,
        "binop": null
      },
      "value": "PluginEvent",
      "start": 52,
      "end": 63,
      "loc": {
        "start": {
          "line": 4,
          "column": 21
        },
        "end": {
          "line": 4,
          "column": 32
        }
      }
    },
    {
      "type": {
        "label": "{",
        "beforeExpr": true,
        "startsExpr": true,
        "rightAssociative": false,
        "isLoop": false,
        "isAssign": false,
        "prefix": false,
        "postfix": false,
        "binop": null
      },
      "start": 64,
      "end": 65,
      "loc": {
        "start": {
          "line": 4,
          "column": 33
        },
        "end": {
          "line": 4,
          "column": 34
        }
      }
    },
    {
      "type": "CommentBlock",
      "value": "*\n   * create instance.\n   * @param {Object} copyData - Event data to copy.\n   ",
      "start": 68,
      "end": 151,
      "loc": {
        "start": {
          "line": 5,
          "column": 2
        },
        "end": {
          "line": 8,
          "column": 5
        }
      }
    },
    {
      "type": {
        "label": "name",
        "beforeExpr": false,
        "startsExpr": true,
        "rightAssociative": false,
        "isLoop": false,
        "isAssign": false,
        "prefix": false,
        "postfix": false,
        "binop": null
      },
      "value": "constructor",
      "start": 154,
      "end": 165,
      "loc": {
        "start": {
          "line": 9,
          "column": 2
        },
        "end": {
          "line": 9,
          "column": 13
        }
      }
    },
    {
      "type": {
        "label": "(",
        "beforeExpr": true,
        "startsExpr": true,
        "rightAssociative": false,
        "isLoop": false,
        "isAssign": false,
        "prefix": false,
        "postfix": false,
        "binop": null
      },
      "start": 165,
      "end": 166,
      "loc": {
        "start": {
          "line": 9,
          "column": 13
        },
        "end": {
          "line": 9,
          "column": 14
        }
      }
    },
    {
      "type": {
        "label": "name",
        "beforeExpr": false,
        "startsExpr": true,
        "rightAssociative": false,
        "isLoop": false,
        "isAssign": false,
        "prefix": false,
        "postfix": false,
        "binop": null
      },
      "value": "copyData",
      "start": 166,
      "end": 174,
      "loc": {
        "start": {
          "line": 9,
          "column": 14
        },
        "end": {
          "line": 9,
          "column": 22
        }
      }
    },
    {
      "type": {
        "label": "=",
        "beforeExpr": true,
        "startsExpr": false,
        "rightAssociative": false,
        "isLoop": false,
        "isAssign": true,
        "prefix": false,
        "postfix": false,
        "binop": null,
        "updateContext": null
      },
      "value": "=",
      "start": 175,
      "end": 176,
      "loc": {
        "start": {
          "line": 9,
          "column": 23
        },
        "end": {
          "line": 9,
          "column": 24
        }
      }
    },
    {
      "type": {
        "label": "{",
        "beforeExpr": true,
        "startsExpr": true,
        "rightAssociative": false,
        "isLoop": false,
        "isAssign": false,
        "prefix": false,
        "postfix": false,
        "binop": null
      },
      "start": 177,
      "end": 178,
      "loc": {
        "start": {
          "line": 9,
          "column": 25
        },
        "end": {
          "line": 9,
          "column": 26
        }
      }
    },
    {
      "type": {
        "label": "}",
        "beforeExpr": false,
        "startsExpr": false,
        "rightAssociative": false,
        "isLoop": false,
        "isAssign": false,
        "prefix": false,
        "postfix": false,
        "binop": null
      },
      "start": 178,
      "end": 179,
      "loc": {
        "start": {
          "line": 9,
          "column": 26
        },
        "end": {
          "line": 9,
          "column": 27
        }
      }
    },
    {
      "type": {
        "label": ")",
        "beforeExpr": false,
        "startsExpr": false,
        "rightAssociative": false,
        "isLoop": false,
        "isAssign": false,
        "prefix": false,
        "postfix": false,
        "binop": null
      },
      "start": 179,
      "end": 180,
      "loc": {
        "start": {
          "line": 9,
          "column": 27
        },
        "end": {
          "line": 9,
          "column": 28
        }
      }
    },
    {
      "type": {
        "label": "{",
        "beforeExpr": true,
        "startsExpr": true,
        "rightAssociative": false,
        "isLoop": false,
        "isAssign": false,
        "prefix": false,
        "postfix": false,
        "binop": null
      },
      "start": 181,
      "end": 182,
      "loc": {
        "start": {
          "line": 9,
          "column": 29
        },
        "end": {
          "line": 9,
          "column": 30
        }
      }
    },
    {
      "type": {
        "label": "this",
        "keyword": "this",
        "beforeExpr": false,
        "startsExpr": true,
        "rightAssociative": false,
        "isLoop": false,
        "isAssign": false,
        "prefix": false,
        "postfix": false,
        "binop": null,
        "updateContext": null
      },
      "value": "this",
      "start": 187,
      "end": 191,
      "loc": {
        "start": {
          "line": 10,
          "column": 4
        },
        "end": {
          "line": 10,
          "column": 8
        }
      }
    },
    {
      "type": {
        "label": ".",
        "beforeExpr": false,
        "startsExpr": false,
        "rightAssociative": false,
        "isLoop": false,
        "isAssign": false,
        "prefix": false,
        "postfix": false,
        "binop": null,
        "updateContext": null
      },
      "start": 191,
      "end": 192,
      "loc": {
        "start": {
          "line": 10,
          "column": 8
        },
        "end": {
          "line": 10,
          "column": 9
        }
      }
    },
    {
      "type": {
        "label": "name",
        "beforeExpr": false,
        "startsExpr": true,
        "rightAssociative": false,
        "isLoop": false,
        "isAssign": false,
        "prefix": false,
        "postfix": false,
        "binop": null
      },
      "value": "data",
      "start": 192,
      "end": 196,
      "loc": {
        "start": {
          "line": 10,
          "column": 9
        },
        "end": {
          "line": 10,
          "column": 13
        }
      }
    },
    {
      "type": {
        "label": "=",
        "beforeExpr": true,
        "startsExpr": false,
        "rightAssociative": false,
        "isLoop": false,
        "isAssign": true,
        "prefix": false,
        "postfix": false,
        "binop": null,
        "updateContext": null
      },
      "value": "=",
      "start": 197,
      "end": 198,
      "loc": {
        "start": {
          "line": 10,
          "column": 14
        },
        "end": {
          "line": 10,
          "column": 15
        }
      }
    },
    {
      "type": {
        "label": "name",
        "beforeExpr": false,
        "startsExpr": true,
        "rightAssociative": false,
        "isLoop": false,
        "isAssign": false,
        "prefix": false,
        "postfix": false,
        "binop": null
      },
      "value": "JSON",
      "start": 199,
      "end": 203,
      "loc": {
        "start": {
          "line": 10,
          "column": 16
        },
        "end": {
          "line": 10,
          "column": 20
        }
      }
    },
    {
      "type": {
        "label": ".",
        "beforeExpr": false,
        "startsExpr": false,
        "rightAssociative": false,
        "isLoop": false,
        "isAssign": false,
        "prefix": false,
        "postfix": false,
        "binop": null,
        "updateContext": null
      },
      "start": 203,
      "end": 204,
      "loc": {
        "start": {
          "line": 10,
          "column": 20
        },
        "end": {
          "line": 10,
          "column": 21
        }
      }
    },
    {
      "type": {
        "label": "name",
        "beforeExpr": false,
        "startsExpr": true,
        "rightAssociative": false,
        "isLoop": false,
        "isAssign": false,
        "prefix": false,
        "postfix": false,
        "binop": null
      },
      "value": "parse",
      "start": 204,
      "end": 209,
      "loc": {
        "start": {
          "line": 10,
          "column": 21
        },
        "end": {
          "line": 10,
          "column": 26
        }
      }
    },
    {
      "type": {
        "label": "(",
        "beforeExpr": true,
        "startsExpr": true,
        "rightAssociative": false,
        "isLoop": false,
        "isAssign": false,
        "prefix": false,
        "postfix": false,
        "binop": null
      },
      "start": 209,
      "end": 210,
      "loc": {
        "start": {
          "line": 10,
          "column": 26
        },
        "end": {
          "line": 10,
          "column": 27
        }
      }
    },
    {
      "type": {
        "label": "name",
        "beforeExpr": false,
        "startsExpr": true,
        "rightAssociative": false,
        "isLoop": false,
        "isAssign": false,
        "prefix": false,
        "postfix": false,
        "binop": null
      },
      "value": "JSON",
      "start": 210,
      "end": 214,
      "loc": {
        "start": {
          "line": 10,
          "column": 27
        },
        "end": {
          "line": 10,
          "column": 31
        }
      }
    },
    {
      "type": {
        "label": ".",
        "beforeExpr": false,
        "startsExpr": false,
        "rightAssociative": false,
        "isLoop": false,
        "isAssign": false,
        "prefix": false,
        "postfix": false,
        "binop": null,
        "updateContext": null
      },
      "start": 214,
      "end": 215,
      "loc": {
        "start": {
          "line": 10,
          "column": 31
        },
        "end": {
          "line": 10,
          "column": 32
        }
      }
    },
    {
      "type": {
        "label": "name",
        "beforeExpr": false,
        "startsExpr": true,
        "rightAssociative": false,
        "isLoop": false,
        "isAssign": false,
        "prefix": false,
        "postfix": false,
        "binop": null
      },
      "value": "stringify",
      "start": 215,
      "end": 224,
      "loc": {
        "start": {
          "line": 10,
          "column": 32
        },
        "end": {
          "line": 10,
          "column": 41
        }
      }
    },
    {
      "type": {
        "label": "(",
        "beforeExpr": true,
        "startsExpr": true,
        "rightAssociative": false,
        "isLoop": false,
        "isAssign": false,
        "prefix": false,
        "postfix": false,
        "binop": null
      },
      "start": 224,
      "end": 225,
      "loc": {
        "start": {
          "line": 10,
          "column": 41
        },
        "end": {
          "line": 10,
          "column": 42
        }
      }
    },
    {
      "type": {
        "label": "name",
        "beforeExpr": false,
        "startsExpr": true,
        "rightAssociative": false,
        "isLoop": false,
        "isAssign": false,
        "prefix": false,
        "postfix": false,
        "binop": null
      },
      "value": "copyData",
      "start": 225,
      "end": 233,
      "loc": {
        "start": {
          "line": 10,
          "column": 42
        },
        "end": {
          "line": 10,
          "column": 50
        }
      }
    },
    {
      "type": {
        "label": ")",
        "beforeExpr": false,
        "startsExpr": false,
        "rightAssociative": false,
        "isLoop": false,
        "isAssign": false,
        "prefix": false,
        "postfix": false,
        "binop": null
      },
      "start": 233,
      "end": 234,
      "loc": {
        "start": {
          "line": 10,
          "column": 50
        },
        "end": {
          "line": 10,
          "column": 51
        }
      }
    },
    {
      "type": {
        "label": ")",
        "beforeExpr": false,
        "startsExpr": false,
        "rightAssociative": false,
        "isLoop": false,
        "isAssign": false,
        "prefix": false,
        "postfix": false,
        "binop": null
      },
      "start": 234,
      "end": 235,
      "loc": {
        "start": {
          "line": 10,
          "column": 51
        },
        "end": {
          "line": 10,
          "column": 52
        }
      }
    },
    {
      "type": {
        "label": ";",
        "beforeExpr": true,
        "startsExpr": false,
        "rightAssociative": false,
        "isLoop": false,
        "isAssign": false,
        "prefix": false,
        "postfix": false,
        "binop": null,
        "updateContext": null
      },
      "start": 235,
      "end": 236,
      "loc": {
        "start": {
          "line": 10,
          "column": 52
        },
        "end": {
          "line": 10,
          "column": 53
        }
      }
    },
    {
      "type": {
        "label": "}",
        "beforeExpr": false,
        "startsExpr": false,
        "rightAssociative": false,
        "isLoop": false,
        "isAssign": false,
        "prefix": false,
        "postfix": false,
        "binop": null
      },
      "start": 239,
      "end": 240,
      "loc": {
        "start": {
          "line": 11,
          "column": 2
        },
        "end": {
          "line": 11,
          "column": 3
        }
      }
    },
    {
      "type": {
        "label": "}",
        "beforeExpr": false,
        "startsExpr": false,
        "rightAssociative": false,
        "isLoop": false,
        "isAssign": false,
        "prefix": false,
        "postfix": false,
        "binop": null
      },
      "start": 241,
      "end": 242,
      "loc": {
        "start": {
          "line": 12,
          "column": 0
        },
        "end": {
          "line": 12,
          "column": 1
        }
      }
    },
    {
      "type": {
        "label": "eof",
        "beforeExpr": false,
        "startsExpr": false,
        "rightAssociative": false,
        "isLoop": false,
        "isAssign": false,
        "prefix": false,
        "postfix": false,
        "binop": null,
        "updateContext": null
      },
      "start": 242,
      "end": 242,
      "loc": {
        "start": {
          "line": 12,
          "column": 1
        },
        "end": {
          "line": 12,
          "column": 1
        }
      }
    }
  ]
}