{
  "type": "File",
  "start": 0,
  "end": 4015,
  "loc": {
    "start": {
      "line": 1,
      "column": 0
    },
    "end": {
      "line": 149,
      "column": 0
    }
  },
  "program": {
    "type": "Program",
    "start": 0,
    "end": 4015,
    "loc": {
      "start": {
        "line": 1,
        "column": 0
      },
      "end": {
        "line": 149,
        "column": 0
      }
    },
    "sourceType": "script",
    "body": [],
    "directives": [],
    "leadingComments": null,
    "innerComments": [
      {
        "type": "CommentBlock",
        "value": "*\n * ESDoc config object.\n * @typedef {Object} ESDocConfig\n * @property {!string} source - directory path of javascript source code.\n * @property {!string} destination - directory path of output.\n * @property {string} [title]\n * @property {string[]} [includes=[\"\\\\.(js|es6)$\"]]\n * @property {string[]} [excludes=[\"\\\\.config\\\\.(js|es6)$\"]]\n * @property {string[]} [access=[\"public\", \"protected\"]]\n * @property {boolean} [autoPrivate=true]\n * @property {boolean} [builtinVirtual=true]\n * @property {boolean} [unexportIdentifier=false]\n * @property {boolean} [undocumentIdentifier=true]\n * @property {boolean} [coverage=true]\n * @property {boolean} [debug=false]\n * @property {string} [index=\"./README.md\"]\n * @property {string} [package=\"./package.json\"]\n * @property {string[]} [styles=[]]\n * @property {string[]} [scripts=[]]\n * @property {{type: string, source: string, includes: string[], excludes: string[]}} test\n * @property {Object} [manual]\n * @property {boolean} manual.globalIndex\n * @property {string} manual.asset\n * @property {string} manual.index\n * @property {string[]} manual.overview\n * @property {string[]} manual.design\n * @property {string[]} manual.installation\n * @property {string[]} manual.usage\n * @property {string[]} manual.tutorial\n * @property {string[]} manual.configuration\n * @property {string[]} manual.example\n * @property {string[]} manual.advanced\n * @property {string[]} manual.faq\n * @property {string[]} manual.changelog\n * @see https://esdoc.org/config.html\n ",
        "start": 0,
        "end": 1502,
        "loc": {
          "start": {
            "line": 1,
            "column": 0
          },
          "end": {
            "line": 36,
            "column": 3
          }
        }
      },
      {
        "type": "CommentBlock",
        "value": "*\n * doc comment tag.\n * @typedef {Object} Tag\n * @property {string} tagName\n * @property {*} tagValue\n ",
        "start": 1504,
        "end": 1612,
        "loc": {
          "start": {
            "line": 38,
            "column": 0
          },
          "end": {
            "line": 43,
            "column": 3
          }
        }
      },
      {
        "type": "CommentBlock",
        "value": "*\n * Parsed doc comment.\n * @typedef {Object} DocObject\n ",
        "start": 1614,
        "end": 1675,
        "loc": {
          "start": {
            "line": 45,
            "column": 0
          },
          "end": {
            "line": 48,
            "column": 3
          }
        }
      },
      {
        "type": "CommentBlock",
        "value": "*\n * @typedef {Object} AST\n * @property {Object} body\n * @property {Object[]} leadingComments\n * @see https://github.com/estree/estree\n ",
        "start": 1677,
        "end": 1817,
        "loc": {
          "start": {
            "line": 50,
            "column": 0
          },
          "end": {
            "line": 55,
            "column": 3
          }
        }
      },
      {
        "type": "CommentBlock",
        "value": "*\n * @typedef {Object} ASTNode\n * @see https://github.com/estree/estree\n * @property {string} type\n * @property {Object} [superClass]\n * @property {Object[]} [leadingComments]\n * @property {Object[]} [trailingComments]\n * @property {Object[]} [body]\n * @property {ASTNode} [parent] - this is customize by ESDoc\n ",
        "start": 1819,
        "end": 2135,
        "loc": {
          "start": {
            "line": 57,
            "column": 0
          },
          "end": {
            "line": 66,
            "column": 3
          }
        }
      },
      {
        "type": "CommentBlock",
        "value": "*\n * @typedef {Object} NPMPackageObject\n * @see https://docs.npmjs.com/files/package.json\n ",
        "start": 2137,
        "end": 2232,
        "loc": {
          "start": {
            "line": 68,
            "column": 0
          },
          "end": {
            "line": 71,
            "column": 3
          }
        }
      },
      {
        "type": "CommentBlock",
        "value": "*\n * @typedef {Object} Taffy\n * @see http://www.taffydb.com/\n ",
        "start": 2234,
        "end": 2300,
        "loc": {
          "start": {
            "line": 73,
            "column": 0
          },
          "end": {
            "line": 76,
            "column": 3
          }
        }
      },
      {
        "type": "CommentBlock",
        "value": "*\n * @typedef {Object} IceCap\n * @see https://github.com/h13i32maru/ice-cap\n ",
        "start": 2302,
        "end": 2383,
        "loc": {
          "start": {
            "line": 78,
            "column": 0
          },
          "end": {
            "line": 81,
            "column": 3
          }
        }
      },
      {
        "type": "CommentBlock",
        "value": "*\n * @typedef {Object} CoverageObject\n * @property {string} coverage - ratio.\n * @property {number} expectCount - all identifier count.\n * @property {number} actualCount - documented identifier count.\n * @property {Object<string, Object>} files - file name and coverage.\n ",
        "start": 2385,
        "end": 2661,
        "loc": {
          "start": {
            "line": 83,
            "column": 0
          },
          "end": {
            "line": 89,
            "column": 3
          }
        }
      },
      {
        "type": "CommentBlock",
        "value": "*\n * ESDocCLI uses argv\n * @typedef {Object} ESDocCLIArgv\n * @property {boolean} [h] - for help\n * @property {boolean} [help] - for help\n * @property {boolean} [v] - for version\n * @property {boolean} [version] - for version\n * @property {string} [c] - for config file path\n * @property {string[]} [_] - for source directory path\n ",
        "start": 2663,
        "end": 2998,
        "loc": {
          "start": {
            "line": 91,
            "column": 0
          },
          "end": {
            "line": 100,
            "column": 3
          }
        }
      },
      {
        "type": "CommentBlock",
        "value": "*\n * @typedef {Object} DocTypedef\n ",
        "start": 3000,
        "end": 3039,
        "loc": {
          "start": {
            "line": 102,
            "column": 0
          },
          "end": {
            "line": 104,
            "column": 3
          }
        }
      },
      {
        "type": "CommentBlock",
        "value": "*\n * @typedef {Object} PackageTypedef\n * @property {Object} repository\n * @property {string} repository.url\n ",
        "start": 3041,
        "end": 3154,
        "loc": {
          "start": {
            "line": 106,
            "column": 0
          },
          "end": {
            "line": 110,
            "column": 3
          }
        }
      },
      {
        "type": "CommentBlock",
        "value": "*\n * @typedef {Object} ParsedParam\n * @property {boolean} [nullable]\n * @property {string[]} types\n * @property {boolean} [spread]\n * @property {boolean} [optional]\n * @property {string} [defaultValue]\n * @property {*} [defaultRaw]\n * @property {string} [name]\n * @property {string} [description]\n ",
        "start": 3156,
        "end": 3458,
        "loc": {
          "start": {
            "line": 112,
            "column": 0
          },
          "end": {
            "line": 122,
            "column": 3
          }
        }
      },
      {
        "type": "CommentBlock",
        "value": "*\n * @todo remove this typedef.\n * @typedef {Object} IceCapInstanceTypedef\n * @property {function} loop\n * @property {function} attr\n * @property {function} text\n * @property {function} load\n * @property {function} into\n * @property {function} drop\n * @property {string} html\n ",
        "start": 3460,
        "end": 3741,
        "loc": {
          "start": {
            "line": 124,
            "column": 0
          },
          "end": {
            "line": 134,
            "column": 3
          }
        }
      },
      {
        "type": "CommentBlock",
        "value": "*\n * @todo remove this typedef.\n * @typedef {Object} TaffyCursor\n * @property {function} each\n ",
        "start": 3743,
        "end": 3842,
        "loc": {
          "start": {
            "line": 136,
            "column": 0
          },
          "end": {
            "line": 140,
            "column": 3
          }
        }
      },
      {
        "type": "CommentBlock",
        "value": "*\n * @typedef {Object} ManualConfigItem\n * @property {string} label\n * @property {string[]} paths\n * @property {string} [fileName]\n * @property {string} [reference]\n ",
        "start": 3844,
        "end": 4014,
        "loc": {
          "start": {
            "line": 142,
            "column": 0
          },
          "end": {
            "line": 148,
            "column": 3
          }
        }
      }
    ]
  },
  "comments": [
    {
      "type": "CommentBlock",
      "value": "*\n * ESDoc config object.\n * @typedef {Object} ESDocConfig\n * @property {!string} source - directory path of javascript source code.\n * @property {!string} destination - directory path of output.\n * @property {string} [title]\n * @property {string[]} [includes=[\"\\\\.(js|es6)$\"]]\n * @property {string[]} [excludes=[\"\\\\.config\\\\.(js|es6)$\"]]\n * @property {string[]} [access=[\"public\", \"protected\"]]\n * @property {boolean} [autoPrivate=true]\n * @property {boolean} [builtinVirtual=true]\n * @property {boolean} [unexportIdentifier=false]\n * @property {boolean} [undocumentIdentifier=true]\n * @property {boolean} [coverage=true]\n * @property {boolean} [debug=false]\n * @property {string} [index=\"./README.md\"]\n * @property {string} [package=\"./package.json\"]\n * @property {string[]} [styles=[]]\n * @property {string[]} [scripts=[]]\n * @property {{type: string, source: string, includes: string[], excludes: string[]}} test\n * @property {Object} [manual]\n * @property {boolean} manual.globalIndex\n * @property {string} manual.asset\n * @property {string} manual.index\n * @property {string[]} manual.overview\n * @property {string[]} manual.design\n * @property {string[]} manual.installation\n * @property {string[]} manual.usage\n * @property {string[]} manual.tutorial\n * @property {string[]} manual.configuration\n * @property {string[]} manual.example\n * @property {string[]} manual.advanced\n * @property {string[]} manual.faq\n * @property {string[]} manual.changelog\n * @see https://esdoc.org/config.html\n ",
      "start": 0,
      "end": 1502,
      "loc": {
        "start": {
          "line": 1,
          "column": 0
        },
        "end": {
          "line": 36,
          "column": 3
        }
      }
    },
    {
      "type": "CommentBlock",
      "value": "*\n * doc comment tag.\n * @typedef {Object} Tag\n * @property {string} tagName\n * @property {*} tagValue\n ",
      "start": 1504,
      "end": 1612,
      "loc": {
        "start": {
          "line": 38,
          "column": 0
        },
        "end": {
          "line": 43,
          "column": 3
        }
      }
    },
    {
      "type": "CommentBlock",
      "value": "*\n * Parsed doc comment.\n * @typedef {Object} DocObject\n ",
      "start": 1614,
      "end": 1675,
      "loc": {
        "start": {
          "line": 45,
          "column": 0
        },
        "end": {
          "line": 48,
          "column": 3
        }
      }
    },
    {
      "type": "CommentBlock",
      "value": "*\n * @typedef {Object} AST\n * @property {Object} body\n * @property {Object[]} leadingComments\n * @see https://github.com/estree/estree\n ",
      "start": 1677,
      "end": 1817,
      "loc": {
        "start": {
          "line": 50,
          "column": 0
        },
        "end": {
          "line": 55,
          "column": 3
        }
      }
    },
    {
      "type": "CommentBlock",
      "value": "*\n * @typedef {Object} ASTNode\n * @see https://github.com/estree/estree\n * @property {string} type\n * @property {Object} [superClass]\n * @property {Object[]} [leadingComments]\n * @property {Object[]} [trailingComments]\n * @property {Object[]} [body]\n * @property {ASTNode} [parent] - this is customize by ESDoc\n ",
      "start": 1819,
      "end": 2135,
      "loc": {
        "start": {
          "line": 57,
          "column": 0
        },
        "end": {
          "line": 66,
          "column": 3
        }
      }
    },
    {
      "type": "CommentBlock",
      "value": "*\n * @typedef {Object} NPMPackageObject\n * @see https://docs.npmjs.com/files/package.json\n ",
      "start": 2137,
      "end": 2232,
      "loc": {
        "start": {
          "line": 68,
          "column": 0
        },
        "end": {
          "line": 71,
          "column": 3
        }
      }
    },
    {
      "type": "CommentBlock",
      "value": "*\n * @typedef {Object} Taffy\n * @see http://www.taffydb.com/\n ",
      "start": 2234,
      "end": 2300,
      "loc": {
        "start": {
          "line": 73,
          "column": 0
        },
        "end": {
          "line": 76,
          "column": 3
        }
      }
    },
    {
      "type": "CommentBlock",
      "value": "*\n * @typedef {Object} IceCap\n * @see https://github.com/h13i32maru/ice-cap\n ",
      "start": 2302,
      "end": 2383,
      "loc": {
        "start": {
          "line": 78,
          "column": 0
        },
        "end": {
          "line": 81,
          "column": 3
        }
      }
    },
    {
      "type": "CommentBlock",
      "value": "*\n * @typedef {Object} CoverageObject\n * @property {string} coverage - ratio.\n * @property {number} expectCount - all identifier count.\n * @property {number} actualCount - documented identifier count.\n * @property {Object<string, Object>} files - file name and coverage.\n ",
      "start": 2385,
      "end": 2661,
      "loc": {
        "start": {
          "line": 83,
          "column": 0
        },
        "end": {
          "line": 89,
          "column": 3
        }
      }
    },
    {
      "type": "CommentBlock",
      "value": "*\n * ESDocCLI uses argv\n * @typedef {Object} ESDocCLIArgv\n * @property {boolean} [h] - for help\n * @property {boolean} [help] - for help\n * @property {boolean} [v] - for version\n * @property {boolean} [version] - for version\n * @property {string} [c] - for config file path\n * @property {string[]} [_] - for source directory path\n ",
      "start": 2663,
      "end": 2998,
      "loc": {
        "start": {
          "line": 91,
          "column": 0
        },
        "end": {
          "line": 100,
          "column": 3
        }
      }
    },
    {
      "type": "CommentBlock",
      "value": "*\n * @typedef {Object} DocTypedef\n ",
      "start": 3000,
      "end": 3039,
      "loc": {
        "start": {
          "line": 102,
          "column": 0
        },
        "end": {
          "line": 104,
          "column": 3
        }
      }
    },
    {
      "type": "CommentBlock",
      "value": "*\n * @typedef {Object} PackageTypedef\n * @property {Object} repository\n * @property {string} repository.url\n ",
      "start": 3041,
      "end": 3154,
      "loc": {
        "start": {
          "line": 106,
          "column": 0
        },
        "end": {
          "line": 110,
          "column": 3
        }
      }
    },
    {
      "type": "CommentBlock",
      "value": "*\n * @typedef {Object} ParsedParam\n * @property {boolean} [nullable]\n * @property {string[]} types\n * @property {boolean} [spread]\n * @property {boolean} [optional]\n * @property {string} [defaultValue]\n * @property {*} [defaultRaw]\n * @property {string} [name]\n * @property {string} [description]\n ",
      "start": 3156,
      "end": 3458,
      "loc": {
        "start": {
          "line": 112,
          "column": 0
        },
        "end": {
          "line": 122,
          "column": 3
        }
      }
    },
    {
      "type": "CommentBlock",
      "value": "*\n * @todo remove this typedef.\n * @typedef {Object} IceCapInstanceTypedef\n * @property {function} loop\n * @property {function} attr\n * @property {function} text\n * @property {function} load\n * @property {function} into\n * @property {function} drop\n * @property {string} html\n ",
      "start": 3460,
      "end": 3741,
      "loc": {
        "start": {
          "line": 124,
          "column": 0
        },
        "end": {
          "line": 134,
          "column": 3
        }
      }
    },
    {
      "type": "CommentBlock",
      "value": "*\n * @todo remove this typedef.\n * @typedef {Object} TaffyCursor\n * @property {function} each\n ",
      "start": 3743,
      "end": 3842,
      "loc": {
        "start": {
          "line": 136,
          "column": 0
        },
        "end": {
          "line": 140,
          "column": 3
        }
      }
    },
    {
      "type": "CommentBlock",
      "value": "*\n * @typedef {Object} ManualConfigItem\n * @property {string} label\n * @property {string[]} paths\n * @property {string} [fileName]\n * @property {string} [reference]\n ",
      "start": 3844,
      "end": 4014,
      "loc": {
        "start": {
          "line": 142,
          "column": 0
        },
        "end": {
          "line": 148,
          "column": 3
        }
      }
    }
  ],
  "tokens": [
    {
      "type": "CommentBlock",
      "value": "*\n * ESDoc config object.\n * @typedef {Object} ESDocConfig\n * @property {!string} source - directory path of javascript source code.\n * @property {!string} destination - directory path of output.\n * @property {string} [title]\n * @property {string[]} [includes=[\"\\\\.(js|es6)$\"]]\n * @property {string[]} [excludes=[\"\\\\.config\\\\.(js|es6)$\"]]\n * @property {string[]} [access=[\"public\", \"protected\"]]\n * @property {boolean} [autoPrivate=true]\n * @property {boolean} [builtinVirtual=true]\n * @property {boolean} [unexportIdentifier=false]\n * @property {boolean} [undocumentIdentifier=true]\n * @property {boolean} [coverage=true]\n * @property {boolean} [debug=false]\n * @property {string} [index=\"./README.md\"]\n * @property {string} [package=\"./package.json\"]\n * @property {string[]} [styles=[]]\n * @property {string[]} [scripts=[]]\n * @property {{type: string, source: string, includes: string[], excludes: string[]}} test\n * @property {Object} [manual]\n * @property {boolean} manual.globalIndex\n * @property {string} manual.asset\n * @property {string} manual.index\n * @property {string[]} manual.overview\n * @property {string[]} manual.design\n * @property {string[]} manual.installation\n * @property {string[]} manual.usage\n * @property {string[]} manual.tutorial\n * @property {string[]} manual.configuration\n * @property {string[]} manual.example\n * @property {string[]} manual.advanced\n * @property {string[]} manual.faq\n * @property {string[]} manual.changelog\n * @see https://esdoc.org/config.html\n ",
      "start": 0,
      "end": 1502,
      "loc": {
        "start": {
          "line": 1,
          "column": 0
        },
        "end": {
          "line": 36,
          "column": 3
        }
      }
    },
    {
      "type": "CommentBlock",
      "value": "*\n * doc comment tag.\n * @typedef {Object} Tag\n * @property {string} tagName\n * @property {*} tagValue\n ",
      "start": 1504,
      "end": 1612,
      "loc": {
        "start": {
          "line": 38,
          "column": 0
        },
        "end": {
          "line": 43,
          "column": 3
        }
      }
    },
    {
      "type": "CommentBlock",
      "value": "*\n * Parsed doc comment.\n * @typedef {Object} DocObject\n ",
      "start": 1614,
      "end": 1675,
      "loc": {
        "start": {
          "line": 45,
          "column": 0
        },
        "end": {
          "line": 48,
          "column": 3
        }
      }
    },
    {
      "type": "CommentBlock",
      "value": "*\n * @typedef {Object} AST\n * @property {Object} body\n * @property {Object[]} leadingComments\n * @see https://github.com/estree/estree\n ",
      "start": 1677,
      "end": 1817,
      "loc": {
        "start": {
          "line": 50,
          "column": 0
        },
        "end": {
          "line": 55,
          "column": 3
        }
      }
    },
    {
      "type": "CommentBlock",
      "value": "*\n * @typedef {Object} ASTNode\n * @see https://github.com/estree/estree\n * @property {string} type\n * @property {Object} [superClass]\n * @property {Object[]} [leadingComments]\n * @property {Object[]} [trailingComments]\n * @property {Object[]} [body]\n * @property {ASTNode} [parent] - this is customize by ESDoc\n ",
      "start": 1819,
      "end": 2135,
      "loc": {
        "start": {
          "line": 57,
          "column": 0
        },
        "end": {
          "line": 66,
          "column": 3
        }
      }
    },
    {
      "type": "CommentBlock",
      "value": "*\n * @typedef {Object} NPMPackageObject\n * @see https://docs.npmjs.com/files/package.json\n ",
      "start": 2137,
      "end": 2232,
      "loc": {
        "start": {
          "line": 68,
          "column": 0
        },
        "end": {
          "line": 71,
          "column": 3
        }
      }
    },
    {
      "type": "CommentBlock",
      "value": "*\n * @typedef {Object} Taffy\n * @see http://www.taffydb.com/\n ",
      "start": 2234,
      "end": 2300,
      "loc": {
        "start": {
          "line": 73,
          "column": 0
        },
        "end": {
          "line": 76,
          "column": 3
        }
      }
    },
    {
      "type": "CommentBlock",
      "value": "*\n * @typedef {Object} IceCap\n * @see https://github.com/h13i32maru/ice-cap\n ",
      "start": 2302,
      "end": 2383,
      "loc": {
        "start": {
          "line": 78,
          "column": 0
        },
        "end": {
          "line": 81,
          "column": 3
        }
      }
    },
    {
      "type": "CommentBlock",
      "value": "*\n * @typedef {Object} CoverageObject\n * @property {string} coverage - ratio.\n * @property {number} expectCount - all identifier count.\n * @property {number} actualCount - documented identifier count.\n * @property {Object<string, Object>} files - file name and coverage.\n ",
      "start": 2385,
      "end": 2661,
      "loc": {
        "start": {
          "line": 83,
          "column": 0
        },
        "end": {
          "line": 89,
          "column": 3
        }
      }
    },
    {
      "type": "CommentBlock",
      "value": "*\n * ESDocCLI uses argv\n * @typedef {Object} ESDocCLIArgv\n * @property {boolean} [h] - for help\n * @property {boolean} [help] - for help\n * @property {boolean} [v] - for version\n * @property {boolean} [version] - for version\n * @property {string} [c] - for config file path\n * @property {string[]} [_] - for source directory path\n ",
      "start": 2663,
      "end": 2998,
      "loc": {
        "start": {
          "line": 91,
          "column": 0
        },
        "end": {
          "line": 100,
          "column": 3
        }
      }
    },
    {
      "type": "CommentBlock",
      "value": "*\n * @typedef {Object} DocTypedef\n ",
      "start": 3000,
      "end": 3039,
      "loc": {
        "start": {
          "line": 102,
          "column": 0
        },
        "end": {
          "line": 104,
          "column": 3
        }
      }
    },
    {
      "type": "CommentBlock",
      "value": "*\n * @typedef {Object} PackageTypedef\n * @property {Object} repository\n * @property {string} repository.url\n ",
      "start": 3041,
      "end": 3154,
      "loc": {
        "start": {
          "line": 106,
          "column": 0
        },
        "end": {
          "line": 110,
          "column": 3
        }
      }
    },
    {
      "type": "CommentBlock",
      "value": "*\n * @typedef {Object} ParsedParam\n * @property {boolean} [nullable]\n * @property {string[]} types\n * @property {boolean} [spread]\n * @property {boolean} [optional]\n * @property {string} [defaultValue]\n * @property {*} [defaultRaw]\n * @property {string} [name]\n * @property {string} [description]\n ",
      "start": 3156,
      "end": 3458,
      "loc": {
        "start": {
          "line": 112,
          "column": 0
        },
        "end": {
          "line": 122,
          "column": 3
        }
      }
    },
    {
      "type": "CommentBlock",
      "value": "*\n * @todo remove this typedef.\n * @typedef {Object} IceCapInstanceTypedef\n * @property {function} loop\n * @property {function} attr\n * @property {function} text\n * @property {function} load\n * @property {function} into\n * @property {function} drop\n * @property {string} html\n ",
      "start": 3460,
      "end": 3741,
      "loc": {
        "start": {
          "line": 124,
          "column": 0
        },
        "end": {
          "line": 134,
          "column": 3
        }
      }
    },
    {
      "type": "CommentBlock",
      "value": "*\n * @todo remove this typedef.\n * @typedef {Object} TaffyCursor\n * @property {function} each\n ",
      "start": 3743,
      "end": 3842,
      "loc": {
        "start": {
          "line": 136,
          "column": 0
        },
        "end": {
          "line": 140,
          "column": 3
        }
      }
    },
    {
      "type": "CommentBlock",
      "value": "*\n * @typedef {Object} ManualConfigItem\n * @property {string} label\n * @property {string[]} paths\n * @property {string} [fileName]\n * @property {string} [reference]\n ",
      "start": 3844,
      "end": 4014,
      "loc": {
        "start": {
          "line": 142,
          "column": 0
        },
        "end": {
          "line": 148,
          "column": 3
        }
      }
    },
    {
      "type": {
        "label": "eof",
        "beforeExpr": false,
        "startsExpr": false,
        "rightAssociative": false,
        "isLoop": false,
        "isAssign": false,
        "prefix": false,
        "postfix": false,
        "binop": null,
        "updateContext": null
      },
      "start": 4015,
      "end": 4015,
      "loc": {
        "start": {
          "line": 149,
          "column": 0
        },
        "end": {
          "line": 149,
          "column": 0
        }
      }
    }
  ]
}