{
  "type": "File",
  "start": 0,
  "end": 468,
  "loc": {
    "start": {
      "line": 1,
      "column": 0
    },
    "end": {
      "line": 20,
      "column": 2
    }
  },
  "program": {
    "type": "Program",
    "start": 0,
    "end": 468,
    "loc": {
      "start": {
        "line": 1,
        "column": 0
      },
      "end": {
        "line": 20,
        "column": 2
      }
    },
    "sourceType": "module",
    "body": [
      {
        "type": "ImportDeclaration",
        "start": 0,
        "end": 41,
        "loc": {
          "start": {
            "line": 1,
            "column": 0
          },
          "end": {
            "line": 1,
            "column": 41
          }
        },
        "specifiers": [
          {
            "type": "ImportDefaultSpecifier",
            "start": 7,
            "end": 13,
            "loc": {
              "start": {
                "line": 1,
                "column": 7
              },
              "end": {
                "line": 1,
                "column": 13
              }
            },
            "local": {
              "type": "Identifier",
              "start": 7,
              "end": 13,
              "loc": {
                "start": {
                  "line": 1,
                  "column": 7
                },
                "end": {
                  "line": 1,
                  "column": 13
                },
                "identifierName": "walker"
              },
              "name": "walker"
            }
          }
        ],
        "importKind": "value",
        "source": {
          "type": "StringLiteral",
          "start": 19,
          "end": 40,
          "loc": {
            "start": {
              "line": 1,
              "column": 19
            },
            "end": {
              "line": 1,
              "column": 40
            }
          },
          "extra": {
            "rawValue": "typhonjs-ast-walker",
            "raw": "'typhonjs-ast-walker'"
          },
          "value": "typhonjs-ast-walker"
        }
      },
      {
        "type": "ExportNamedDeclaration",
        "start": 43,
        "end": 167,
        "loc": {
          "start": {
            "line": 3,
            "column": 0
          },
          "end": {
            "line": 8,
            "column": 1
          }
        },
        "specifiers": [],
        "source": null,
        "declaration": {
          "type": "FunctionDeclaration",
          "start": 50,
          "end": 167,
          "loc": {
            "start": {
              "line": 3,
              "column": 7
            },
            "end": {
              "line": 8,
              "column": 1
            }
          },
          "id": {
            "type": "Identifier",
            "start": 59,
            "end": 71,
            "loc": {
              "start": {
                "line": 3,
                "column": 16
              },
              "end": {
                "line": 3,
                "column": 28
              },
              "identifierName": "onPluginLoad"
            },
            "name": "onPluginLoad"
          },
          "generator": false,
          "expression": false,
          "async": false,
          "params": [
            {
              "type": "Identifier",
              "start": 72,
              "end": 74,
              "loc": {
                "start": {
                  "line": 3,
                  "column": 29
                },
                "end": {
                  "line": 3,
                  "column": 31
                },
                "identifierName": "ev"
              },
              "name": "ev"
            }
          ],
          "body": {
            "type": "BlockStatement",
            "start": 76,
            "end": 167,
            "loc": {
              "start": {
                "line": 4,
                "column": 0
              },
              "end": {
                "line": 8,
                "column": 1
              }
            },
            "body": [
              {
                "type": "VariableDeclaration",
                "start": 80,
                "end": 114,
                "loc": {
                  "start": {
                    "line": 5,
                    "column": 2
                  },
                  "end": {
                    "line": 5,
                    "column": 36
                  }
                },
                "declarations": [
                  {
                    "type": "VariableDeclarator",
                    "start": 86,
                    "end": 113,
                    "loc": {
                      "start": {
                        "line": 5,
                        "column": 8
                      },
                      "end": {
                        "line": 5,
                        "column": 35
                      }
                    },
                    "id": {
                      "type": "Identifier",
                      "start": 86,
                      "end": 94,
                      "loc": {
                        "start": {
                          "line": 5,
                          "column": 8
                        },
                        "end": {
                          "line": 5,
                          "column": 16
                        },
                        "identifierName": "eventbus"
                      },
                      "name": "eventbus"
                    },
                    "init": {
                      "type": "MemberExpression",
                      "start": 97,
                      "end": 113,
                      "loc": {
                        "start": {
                          "line": 5,
                          "column": 19
                        },
                        "end": {
                          "line": 5,
                          "column": 35
                        }
                      },
                      "object": {
                        "type": "MemberExpression",
                        "start": 97,
                        "end": 104,
                        "loc": {
                          "start": {
                            "line": 5,
                            "column": 19
                          },
                          "end": {
                            "line": 5,
                            "column": 26
                          }
                        },
                        "object": {
                          "type": "Identifier",
                          "start": 97,
                          "end": 99,
                          "loc": {
                            "start": {
                              "line": 5,
                              "column": 19
                            },
                            "end": {
                              "line": 5,
                              "column": 21
                            },
                            "identifierName": "ev"
                          },
                          "name": "ev"
                        },
                        "property": {
                          "type": "Identifier",
                          "start": 100,
                          "end": 104,
                          "loc": {
                            "start": {
                              "line": 5,
                              "column": 22
                            },
                            "end": {
                              "line": 5,
                              "column": 26
                            },
                            "identifierName": "data"
                          },
                          "name": "data"
                        },
                        "computed": false
                      },
                      "property": {
                        "type": "Identifier",
                        "start": 105,
                        "end": 113,
                        "loc": {
                          "start": {
                            "line": 5,
                            "column": 27
                          },
                          "end": {
                            "line": 5,
                            "column": 35
                          },
                          "identifierName": "eventbus"
                        },
                        "name": "eventbus"
                      },
                      "computed": false
                    }
                  }
                ],
                "kind": "const"
              },
              {
                "type": "ExpressionStatement",
                "start": 118,
                "end": 165,
                "loc": {
                  "start": {
                    "line": 7,
                    "column": 2
                  },
                  "end": {
                    "line": 7,
                    "column": 49
                  }
                },
                "expression": {
                  "type": "CallExpression",
                  "start": 118,
                  "end": 164,
                  "loc": {
                    "start": {
                      "line": 7,
                      "column": 2
                    },
                    "end": {
                      "line": 7,
                      "column": 48
                    }
                  },
                  "callee": {
                    "type": "MemberExpression",
                    "start": 118,
                    "end": 129,
                    "loc": {
                      "start": {
                        "line": 7,
                        "column": 2
                      },
                      "end": {
                        "line": 7,
                        "column": 13
                      }
                    },
                    "object": {
                      "type": "Identifier",
                      "start": 118,
                      "end": 126,
                      "loc": {
                        "start": {
                          "line": 7,
                          "column": 2
                        },
                        "end": {
                          "line": 7,
                          "column": 10
                        },
                        "identifierName": "eventbus"
                      },
                      "name": "eventbus"
                    },
                    "property": {
                      "type": "Identifier",
                      "start": 127,
                      "end": 129,
                      "loc": {
                        "start": {
                          "line": 7,
                          "column": 11
                        },
                        "end": {
                          "line": 7,
                          "column": 13
                        },
                        "identifierName": "on"
                      },
                      "name": "on"
                    },
                    "computed": false
                  },
                  "arguments": [
                    {
                      "type": "StringLiteral",
                      "start": 130,
                      "end": 151,
                      "loc": {
                        "start": {
                          "line": 7,
                          "column": 14
                        },
                        "end": {
                          "line": 7,
                          "column": 35
                        }
                      },
                      "extra": {
                        "rawValue": "ast:walker:traverse",
                        "raw": "'ast:walker:traverse'"
                      },
                      "value": "ast:walker:traverse"
                    },
                    {
                      "type": "Identifier",
                      "start": 153,
                      "end": 163,
                      "loc": {
                        "start": {
                          "line": 7,
                          "column": 37
                        },
                        "end": {
                          "line": 7,
                          "column": 47
                        },
                        "identifierName": "s_TRAVERSE"
                      },
                      "name": "s_TRAVERSE"
                    }
                  ]
                }
              }
            ],
            "directives": [],
            "trailingComments": null
          },
          "trailingComments": [
            {
              "type": "CommentBlock",
              "value": "*\n * traverse ast nodes.\n * @param {AST} ast - target AST.\n * @param {function(node: Object, parent: Object)} callback - this is called with each node.\n ",
              "start": 169,
              "end": 326,
              "loc": {
                "start": {
                  "line": 10,
                  "column": 0
                },
                "end": {
                  "line": 14,
                  "column": 3
                }
              }
            }
          ],
          "leadingComments": []
        },
        "trailingComments": [
          {
            "type": "CommentBlock",
            "value": "*\n * traverse ast nodes.\n * @param {AST} ast - target AST.\n * @param {function(node: Object, parent: Object)} callback - this is called with each node.\n ",
            "start": 169,
            "end": 326,
            "loc": {
              "start": {
                "line": 10,
                "column": 0
              },
              "end": {
                "line": 14,
                "column": 3
              }
            }
          }
        ],
        "exportKind": "value"
      },
      {
        "type": "VariableDeclaration",
        "start": 327,
        "end": 468,
        "loc": {
          "start": {
            "line": 15,
            "column": 0
          },
          "end": {
            "line": 20,
            "column": 2
          }
        },
        "declarations": [
          {
            "type": "VariableDeclarator",
            "start": 333,
            "end": 467,
            "loc": {
              "start": {
                "line": 15,
                "column": 6
              },
              "end": {
                "line": 20,
                "column": 1
              }
            },
            "id": {
              "type": "Identifier",
              "start": 333,
              "end": 343,
              "loc": {
                "start": {
                  "line": 15,
                  "column": 6
                },
                "end": {
                  "line": 15,
                  "column": 16
                },
                "identifierName": "s_TRAVERSE"
              },
              "name": "s_TRAVERSE",
              "leadingComments": null
            },
            "init": {
              "type": "ArrowFunctionExpression",
              "start": 346,
              "end": 467,
              "loc": {
                "start": {
                  "line": 15,
                  "column": 19
                },
                "end": {
                  "line": 20,
                  "column": 1
                }
              },
              "id": {
                "type": "Identifier",
                "start": 333,
                "end": 343,
                "loc": {
                  "start": {
                    "line": 15,
                    "column": 6
                  },
                  "end": {
                    "line": 15,
                    "column": 16
                  },
                  "identifierName": "s_TRAVERSE"
                },
                "name": "s_TRAVERSE",
                "leadingComments": null
              },
              "generator": false,
              "expression": false,
              "async": false,
              "params": [
                {
                  "type": "Identifier",
                  "start": 347,
                  "end": 350,
                  "loc": {
                    "start": {
                      "line": 15,
                      "column": 20
                    },
                    "end": {
                      "line": 15,
                      "column": 23
                    },
                    "identifierName": "ast"
                  },
                  "name": "ast"
                },
                {
                  "type": "Identifier",
                  "start": 352,
                  "end": 360,
                  "loc": {
                    "start": {
                      "line": 15,
                      "column": 25
                    },
                    "end": {
                      "line": 15,
                      "column": 33
                    },
                    "identifierName": "callback"
                  },
                  "name": "callback"
                }
              ],
              "body": {
                "type": "BlockStatement",
                "start": 365,
                "end": 467,
                "loc": {
                  "start": {
                    "line": 16,
                    "column": 0
                  },
                  "end": {
                    "line": 20,
                    "column": 1
                  }
                },
                "body": [
                  {
                    "type": "ExpressionStatement",
                    "start": 369,
                    "end": 465,
                    "loc": {
                      "start": {
                        "line": 17,
                        "column": 2
                      },
                      "end": {
                        "line": 19,
                        "column": 5
                      }
                    },
                    "expression": {
                      "type": "CallExpression",
                      "start": 369,
                      "end": 464,
                      "loc": {
                        "start": {
                          "line": 17,
                          "column": 2
                        },
                        "end": {
                          "line": 19,
                          "column": 4
                        }
                      },
                      "callee": {
                        "type": "MemberExpression",
                        "start": 369,
                        "end": 384,
                        "loc": {
                          "start": {
                            "line": 17,
                            "column": 2
                          },
                          "end": {
                            "line": 17,
                            "column": 17
                          }
                        },
                        "object": {
                          "type": "Identifier",
                          "start": 369,
                          "end": 375,
                          "loc": {
                            "start": {
                              "line": 17,
                              "column": 2
                            },
                            "end": {
                              "line": 17,
                              "column": 8
                            },
                            "identifierName": "walker"
                          },
                          "name": "walker"
                        },
                        "property": {
                          "type": "Identifier",
                          "start": 376,
                          "end": 384,
                          "loc": {
                            "start": {
                              "line": 17,
                              "column": 9
                            },
                            "end": {
                              "line": 17,
                              "column": 17
                            },
                            "identifierName": "traverse"
                          },
                          "name": "traverse"
                        },
                        "computed": false
                      },
                      "arguments": [
                        {
                          "type": "Identifier",
                          "start": 385,
                          "end": 388,
                          "loc": {
                            "start": {
                              "line": 17,
                              "column": 18
                            },
                            "end": {
                              "line": 17,
                              "column": 21
                            },
                            "identifierName": "ast"
                          },
                          "name": "ast"
                        },
                        {
                          "type": "ObjectExpression",
                          "start": 390,
                          "end": 463,
                          "loc": {
                            "start": {
                              "line": 17,
                              "column": 23
                            },
                            "end": {
                              "line": 19,
                              "column": 3
                            }
                          },
                          "properties": [
                            {
                              "type": "ObjectProperty",
                              "start": 396,
                              "end": 459,
                              "loc": {
                                "start": {
                                  "line": 18,
                                  "column": 4
                                },
                                "end": {
                                  "line": 18,
                                  "column": 67
                                }
                              },
                              "method": false,
                              "shorthand": false,
                              "computed": false,
                              "key": {
                                "type": "Identifier",
                                "start": 396,
                                "end": 405,
                                "loc": {
                                  "start": {
                                    "line": 18,
                                    "column": 4
                                  },
                                  "end": {
                                    "line": 18,
                                    "column": 13
                                  },
                                  "identifierName": "enterNode"
                                },
                                "name": "enterNode"
                              },
                              "value": {
                                "type": "ArrowFunctionExpression",
                                "start": 407,
                                "end": 459,
                                "loc": {
                                  "start": {
                                    "line": 18,
                                    "column": 15
                                  },
                                  "end": {
                                    "line": 18,
                                    "column": 67
                                  }
                                },
                                "id": null,
                                "generator": false,
                                "expression": false,
                                "async": false,
                                "params": [
                                  {
                                    "type": "Identifier",
                                    "start": 408,
                                    "end": 412,
                                    "loc": {
                                      "start": {
                                        "line": 18,
                                        "column": 16
                                      },
                                      "end": {
                                        "line": 18,
                                        "column": 20
                                      },
                                      "identifierName": "node"
                                    },
                                    "name": "node"
                                  },
                                  {
                                    "type": "Identifier",
                                    "start": 414,
                                    "end": 420,
                                    "loc": {
                                      "start": {
                                        "line": 18,
                                        "column": 22
                                      },
                                      "end": {
                                        "line": 18,
                                        "column": 28
                                      },
                                      "identifierName": "parent"
                                    },
                                    "name": "parent"
                                  }
                                ],
                                "body": {
                                  "type": "BlockStatement",
                                  "start": 425,
                                  "end": 459,
                                  "loc": {
                                    "start": {
                                      "line": 18,
                                      "column": 33
                                    },
                                    "end": {
                                      "line": 18,
                                      "column": 67
                                    }
                                  },
                                  "body": [
                                    {
                                      "type": "ReturnStatement",
                                      "start": 427,
                                      "end": 457,
                                      "loc": {
                                        "start": {
                                          "line": 18,
                                          "column": 35
                                        },
                                        "end": {
                                          "line": 18,
                                          "column": 65
                                        }
                                      },
                                      "argument": {
                                        "type": "CallExpression",
                                        "start": 434,
                                        "end": 456,
                                        "loc": {
                                          "start": {
                                            "line": 18,
                                            "column": 42
                                          },
                                          "end": {
                                            "line": 18,
                                            "column": 64
                                          }
                                        },
                                        "callee": {
                                          "type": "Identifier",
                                          "start": 434,
                                          "end": 442,
                                          "loc": {
                                            "start": {
                                              "line": 18,
                                              "column": 42
                                            },
                                            "end": {
                                              "line": 18,
                                              "column": 50
                                            },
                                            "identifierName": "callback"
                                          },
                                          "name": "callback"
                                        },
                                        "arguments": [
                                          {
                                            "type": "Identifier",
                                            "start": 443,
                                            "end": 447,
                                            "loc": {
                                              "start": {
                                                "line": 18,
                                                "column": 51
                                              },
                                              "end": {
                                                "line": 18,
                                                "column": 55
                                              },
                                              "identifierName": "node"
                                            },
                                            "name": "node"
                                          },
                                          {
                                            "type": "Identifier",
                                            "start": 449,
                                            "end": 455,
                                            "loc": {
                                              "start": {
                                                "line": 18,
                                                "column": 57
                                              },
                                              "end": {
                                                "line": 18,
                                                "column": 63
                                              },
                                              "identifierName": "parent"
                                            },
                                            "name": "parent"
                                          }
                                        ]
                                      }
                                    }
                                  ],
                                  "directives": []
                                }
                              }
                            }
                          ]
                        }
                      ]
                    }
                  }
                ],
                "directives": []
              }
            },
            "leadingComments": null
          }
        ],
        "kind": "const",
        "leadingComments": [
          {
            "type": "CommentBlock",
            "value": "*\n * traverse ast nodes.\n * @param {AST} ast - target AST.\n * @param {function(node: Object, parent: Object)} callback - this is called with each node.\n ",
            "start": 169,
            "end": 326,
            "loc": {
              "start": {
                "line": 10,
                "column": 0
              },
              "end": {
                "line": 14,
                "column": 3
              }
            }
          }
        ]
      }
    ],
    "directives": []
  },
  "comments": [
    {
      "type": "CommentBlock",
      "value": "*\n * traverse ast nodes.\n * @param {AST} ast - target AST.\n * @param {function(node: Object, parent: Object)} callback - this is called with each node.\n ",
      "start": 169,
      "end": 326,
      "loc": {
        "start": {
          "line": 10,
          "column": 0
        },
        "end": {
          "line": 14,
          "column": 3
        }
      }
    }
  ],
  "tokens": [
    {
      "type": {
        "label": "import",
        "keyword": "import",
        "beforeExpr": false,
        "startsExpr": false,
        "rightAssociative": false,
        "isLoop": false,
        "isAssign": false,
        "prefix": false,
        "postfix": false,
        "binop": null,
        "updateContext": null
      },
      "value": "import",
      "start": 0,
      "end": 6,
      "loc": {
        "start": {
          "line": 1,
          "column": 0
        },
        "end": {
          "line": 1,
          "column": 6
        }
      }
    },
    {
      "type": {
        "label": "name",
        "beforeExpr": false,
        "startsExpr": true,
        "rightAssociative": false,
        "isLoop": false,
        "isAssign": false,
        "prefix": false,
        "postfix": false,
        "binop": null
      },
      "value": "walker",
      "start": 7,
      "end": 13,
      "loc": {
        "start": {
          "line": 1,
          "column": 7
        },
        "end": {
          "line": 1,
          "column": 13
        }
      }
    },
    {
      "type": {
        "label": "name",
        "beforeExpr": false,
        "startsExpr": true,
        "rightAssociative": false,
        "isLoop": false,
        "isAssign": false,
        "prefix": false,
        "postfix": false,
        "binop": null
      },
      "value": "from",
      "start": 14,
      "end": 18,
      "loc": {
        "start": {
          "line": 1,
          "column": 14
        },
        "end": {
          "line": 1,
          "column": 18
        }
      }
    },
    {
      "type": {
        "label": "string",
        "beforeExpr": false,
        "startsExpr": true,
        "rightAssociative": false,
        "isLoop": false,
        "isAssign": false,
        "prefix": false,
        "postfix": false,
        "binop": null,
        "updateContext": null
      },
      "value": "typhonjs-ast-walker",
      "start": 19,
      "end": 40,
      "loc": {
        "start": {
          "line": 1,
          "column": 19
        },
        "end": {
          "line": 1,
          "column": 40
        }
      }
    },
    {
      "type": {
        "label": ";",
        "beforeExpr": true,
        "startsExpr": false,
        "rightAssociative": false,
        "isLoop": false,
        "isAssign": false,
        "prefix": false,
        "postfix": false,
        "binop": null,
        "updateContext": null
      },
      "start": 40,
      "end": 41,
      "loc": {
        "start": {
          "line": 1,
          "column": 40
        },
        "end": {
          "line": 1,
          "column": 41
        }
      }
    },
    {
      "type": {
        "label": "export",
        "keyword": "export",
        "beforeExpr": false,
        "startsExpr": false,
        "rightAssociative": false,
        "isLoop": false,
        "isAssign": false,
        "prefix": false,
        "postfix": false,
        "binop": null,
        "updateContext": null
      },
      "value": "export",
      "start": 43,
      "end": 49,
      "loc": {
        "start": {
          "line": 3,
          "column": 0
        },
        "end": {
          "line": 3,
          "column": 6
        }
      }
    },
    {
      "type": {
        "label": "function",
        "keyword": "function",
        "beforeExpr": false,
        "startsExpr": true,
        "rightAssociative": false,
        "isLoop": false,
        "isAssign": false,
        "prefix": false,
        "postfix": false,
        "binop": null
      },
      "value": "function",
      "start": 50,
      "end": 58,
      "loc": {
        "start": {
          "line": 3,
          "column": 7
        },
        "end": {
          "line": 3,
          "column": 15
        }
      }
    },
    {
      "type": {
        "label": "name",
        "beforeExpr": false,
        "startsExpr": true,
        "rightAssociative": false,
        "isLoop": false,
        "isAssign": false,
        "prefix": false,
        "postfix": false,
        "binop": null
      },
      "value": "onPluginLoad",
      "start": 59,
      "end": 71,
      "loc": {
        "start": {
          "line": 3,
          "column": 16
        },
        "end": {
          "line": 3,
          "column": 28
        }
      }
    },
    {
      "type": {
        "label": "(",
        "beforeExpr": true,
        "startsExpr": true,
        "rightAssociative": false,
        "isLoop": false,
        "isAssign": false,
        "prefix": false,
        "postfix": false,
        "binop": null
      },
      "start": 71,
      "end": 72,
      "loc": {
        "start": {
          "line": 3,
          "column": 28
        },
        "end": {
          "line": 3,
          "column": 29
        }
      }
    },
    {
      "type": {
        "label": "name",
        "beforeExpr": false,
        "startsExpr": true,
        "rightAssociative": false,
        "isLoop": false,
        "isAssign": false,
        "prefix": false,
        "postfix": false,
        "binop": null
      },
      "value": "ev",
      "start": 72,
      "end": 74,
      "loc": {
        "start": {
          "line": 3,
          "column": 29
        },
        "end": {
          "line": 3,
          "column": 31
        }
      }
    },
    {
      "type": {
        "label": ")",
        "beforeExpr": false,
        "startsExpr": false,
        "rightAssociative": false,
        "isLoop": false,
        "isAssign": false,
        "prefix": false,
        "postfix": false,
        "binop": null
      },
      "start": 74,
      "end": 75,
      "loc": {
        "start": {
          "line": 3,
          "column": 31
        },
        "end": {
          "line": 3,
          "column": 32
        }
      }
    },
    {
      "type": {
        "label": "{",
        "beforeExpr": true,
        "startsExpr": true,
        "rightAssociative": false,
        "isLoop": false,
        "isAssign": false,
        "prefix": false,
        "postfix": false,
        "binop": null
      },
      "start": 76,
      "end": 77,
      "loc": {
        "start": {
          "line": 4,
          "column": 0
        },
        "end": {
          "line": 4,
          "column": 1
        }
      }
    },
    {
      "type": {
        "label": "const",
        "keyword": "const",
        "beforeExpr": false,
        "startsExpr": false,
        "rightAssociative": false,
        "isLoop": false,
        "isAssign": false,
        "prefix": false,
        "postfix": false,
        "binop": null,
        "updateContext": null
      },
      "value": "const",
      "start": 80,
      "end": 85,
      "loc": {
        "start": {
          "line": 5,
          "column": 2
        },
        "end": {
          "line": 5,
          "column": 7
        }
      }
    },
    {
      "type": {
        "label": "name",
        "beforeExpr": false,
        "startsExpr": true,
        "rightAssociative": false,
        "isLoop": false,
        "isAssign": false,
        "prefix": false,
        "postfix": false,
        "binop": null
      },
      "value": "eventbus",
      "start": 86,
      "end": 94,
      "loc": {
        "start": {
          "line": 5,
          "column": 8
        },
        "end": {
          "line": 5,
          "column": 16
        }
      }
    },
    {
      "type": {
        "label": "=",
        "beforeExpr": true,
        "startsExpr": false,
        "rightAssociative": false,
        "isLoop": false,
        "isAssign": true,
        "prefix": false,
        "postfix": false,
        "binop": null,
        "updateContext": null
      },
      "value": "=",
      "start": 95,
      "end": 96,
      "loc": {
        "start": {
          "line": 5,
          "column": 17
        },
        "end": {
          "line": 5,
          "column": 18
        }
      }
    },
    {
      "type": {
        "label": "name",
        "beforeExpr": false,
        "startsExpr": true,
        "rightAssociative": false,
        "isLoop": false,
        "isAssign": false,
        "prefix": false,
        "postfix": false,
        "binop": null
      },
      "value": "ev",
      "start": 97,
      "end": 99,
      "loc": {
        "start": {
          "line": 5,
          "column": 19
        },
        "end": {
          "line": 5,
          "column": 21
        }
      }
    },
    {
      "type": {
        "label": ".",
        "beforeExpr": false,
        "startsExpr": false,
        "rightAssociative": false,
        "isLoop": false,
        "isAssign": false,
        "prefix": false,
        "postfix": false,
        "binop": null,
        "updateContext": null
      },
      "start": 99,
      "end": 100,
      "loc": {
        "start": {
          "line": 5,
          "column": 21
        },
        "end": {
          "line": 5,
          "column": 22
        }
      }
    },
    {
      "type": {
        "label": "name",
        "beforeExpr": false,
        "startsExpr": true,
        "rightAssociative": false,
        "isLoop": false,
        "isAssign": false,
        "prefix": false,
        "postfix": false,
        "binop": null
      },
      "value": "data",
      "start": 100,
      "end": 104,
      "loc": {
        "start": {
          "line": 5,
          "column": 22
        },
        "end": {
          "line": 5,
          "column": 26
        }
      }
    },
    {
      "type": {
        "label": ".",
        "beforeExpr": false,
        "startsExpr": false,
        "rightAssociative": false,
        "isLoop": false,
        "isAssign": false,
        "prefix": false,
        "postfix": false,
        "binop": null,
        "updateContext": null
      },
      "start": 104,
      "end": 105,
      "loc": {
        "start": {
          "line": 5,
          "column": 26
        },
        "end": {
          "line": 5,
          "column": 27
        }
      }
    },
    {
      "type": {
        "label": "name",
        "beforeExpr": false,
        "startsExpr": true,
        "rightAssociative": false,
        "isLoop": false,
        "isAssign": false,
        "prefix": false,
        "postfix": false,
        "binop": null
      },
      "value": "eventbus",
      "start": 105,
      "end": 113,
      "loc": {
        "start": {
          "line": 5,
          "column": 27
        },
        "end": {
          "line": 5,
          "column": 35
        }
      }
    },
    {
      "type": {
        "label": ";",
        "beforeExpr": true,
        "startsExpr": false,
        "rightAssociative": false,
        "isLoop": false,
        "isAssign": false,
        "prefix": false,
        "postfix": false,
        "binop": null,
        "updateContext": null
      },
      "start": 113,
      "end": 114,
      "loc": {
        "start": {
          "line": 5,
          "column": 35
        },
        "end": {
          "line": 5,
          "column": 36
        }
      }
    },
    {
      "type": {
        "label": "name",
        "beforeExpr": false,
        "startsExpr": true,
        "rightAssociative": false,
        "isLoop": false,
        "isAssign": false,
        "prefix": false,
        "postfix": false,
        "binop": null
      },
      "value": "eventbus",
      "start": 118,
      "end": 126,
      "loc": {
        "start": {
          "line": 7,
          "column": 2
        },
        "end": {
          "line": 7,
          "column": 10
        }
      }
    },
    {
      "type": {
        "label": ".",
        "beforeExpr": false,
        "startsExpr": false,
        "rightAssociative": false,
        "isLoop": false,
        "isAssign": false,
        "prefix": false,
        "postfix": false,
        "binop": null,
        "updateContext": null
      },
      "start": 126,
      "end": 127,
      "loc": {
        "start": {
          "line": 7,
          "column": 10
        },
        "end": {
          "line": 7,
          "column": 11
        }
      }
    },
    {
      "type": {
        "label": "name",
        "beforeExpr": false,
        "startsExpr": true,
        "rightAssociative": false,
        "isLoop": false,
        "isAssign": false,
        "prefix": false,
        "postfix": false,
        "binop": null
      },
      "value": "on",
      "start": 127,
      "end": 129,
      "loc": {
        "start": {
          "line": 7,
          "column": 11
        },
        "end": {
          "line": 7,
          "column": 13
        }
      }
    },
    {
      "type": {
        "label": "(",
        "beforeExpr": true,
        "startsExpr": true,
        "rightAssociative": false,
        "isLoop": false,
        "isAssign": false,
        "prefix": false,
        "postfix": false,
        "binop": null
      },
      "start": 129,
      "end": 130,
      "loc": {
        "start": {
          "line": 7,
          "column": 13
        },
        "end": {
          "line": 7,
          "column": 14
        }
      }
    },
    {
      "type": {
        "label": "string",
        "beforeExpr": false,
        "startsExpr": true,
        "rightAssociative": false,
        "isLoop": false,
        "isAssign": false,
        "prefix": false,
        "postfix": false,
        "binop": null,
        "updateContext": null
      },
      "value": "ast:walker:traverse",
      "start": 130,
      "end": 151,
      "loc": {
        "start": {
          "line": 7,
          "column": 14
        },
        "end": {
          "line": 7,
          "column": 35
        }
      }
    },
    {
      "type": {
        "label": ",",
        "beforeExpr": true,
        "startsExpr": false,
        "rightAssociative": false,
        "isLoop": false,
        "isAssign": false,
        "prefix": false,
        "postfix": false,
        "binop": null,
        "updateContext": null
      },
      "start": 151,
      "end": 152,
      "loc": {
        "start": {
          "line": 7,
          "column": 35
        },
        "end": {
          "line": 7,
          "column": 36
        }
      }
    },
    {
      "type": {
        "label": "name",
        "beforeExpr": false,
        "startsExpr": true,
        "rightAssociative": false,
        "isLoop": false,
        "isAssign": false,
        "prefix": false,
        "postfix": false,
        "binop": null
      },
      "value": "s_TRAVERSE",
      "start": 153,
      "end": 163,
      "loc": {
        "start": {
          "line": 7,
          "column": 37
        },
        "end": {
          "line": 7,
          "column": 47
        }
      }
    },
    {
      "type": {
        "label": ")",
        "beforeExpr": false,
        "startsExpr": false,
        "rightAssociative": false,
        "isLoop": false,
        "isAssign": false,
        "prefix": false,
        "postfix": false,
        "binop": null
      },
      "start": 163,
      "end": 164,
      "loc": {
        "start": {
          "line": 7,
          "column": 47
        },
        "end": {
          "line": 7,
          "column": 48
        }
      }
    },
    {
      "type": {
        "label": ";",
        "beforeExpr": true,
        "startsExpr": false,
        "rightAssociative": false,
        "isLoop": false,
        "isAssign": false,
        "prefix": false,
        "postfix": false,
        "binop": null,
        "updateContext": null
      },
      "start": 164,
      "end": 165,
      "loc": {
        "start": {
          "line": 7,
          "column": 48
        },
        "end": {
          "line": 7,
          "column": 49
        }
      }
    },
    {
      "type": {
        "label": "}",
        "beforeExpr": false,
        "startsExpr": false,
        "rightAssociative": false,
        "isLoop": false,
        "isAssign": false,
        "prefix": false,
        "postfix": false,
        "binop": null
      },
      "start": 166,
      "end": 167,
      "loc": {
        "start": {
          "line": 8,
          "column": 0
        },
        "end": {
          "line": 8,
          "column": 1
        }
      }
    },
    {
      "type": "CommentBlock",
      "value": "*\n * traverse ast nodes.\n * @param {AST} ast - target AST.\n * @param {function(node: Object, parent: Object)} callback - this is called with each node.\n ",
      "start": 169,
      "end": 326,
      "loc": {
        "start": {
          "line": 10,
          "column": 0
        },
        "end": {
          "line": 14,
          "column": 3
        }
      }
    },
    {
      "type": {
        "label": "const",
        "keyword": "const",
        "beforeExpr": false,
        "startsExpr": false,
        "rightAssociative": false,
        "isLoop": false,
        "isAssign": false,
        "prefix": false,
        "postfix": false,
        "binop": null,
        "updateContext": null
      },
      "value": "const",
      "start": 327,
      "end": 332,
      "loc": {
        "start": {
          "line": 15,
          "column": 0
        },
        "end": {
          "line": 15,
          "column": 5
        }
      }
    },
    {
      "type": {
        "label": "name",
        "beforeExpr": false,
        "startsExpr": true,
        "rightAssociative": false,
        "isLoop": false,
        "isAssign": false,
        "prefix": false,
        "postfix": false,
        "binop": null
      },
      "value": "s_TRAVERSE",
      "start": 333,
      "end": 343,
      "loc": {
        "start": {
          "line": 15,
          "column": 6
        },
        "end": {
          "line": 15,
          "column": 16
        }
      }
    },
    {
      "type": {
        "label": "=",
        "beforeExpr": true,
        "startsExpr": false,
        "rightAssociative": false,
        "isLoop": false,
        "isAssign": true,
        "prefix": false,
        "postfix": false,
        "binop": null,
        "updateContext": null
      },
      "value": "=",
      "start": 344,
      "end": 345,
      "loc": {
        "start": {
          "line": 15,
          "column": 17
        },
        "end": {
          "line": 15,
          "column": 18
        }
      }
    },
    {
      "type": {
        "label": "(",
        "beforeExpr": true,
        "startsExpr": true,
        "rightAssociative": false,
        "isLoop": false,
        "isAssign": false,
        "prefix": false,
        "postfix": false,
        "binop": null
      },
      "start": 346,
      "end": 347,
      "loc": {
        "start": {
          "line": 15,
          "column": 19
        },
        "end": {
          "line": 15,
          "column": 20
        }
      }
    },
    {
      "type": {
        "label": "name",
        "beforeExpr": false,
        "startsExpr": true,
        "rightAssociative": false,
        "isLoop": false,
        "isAssign": false,
        "prefix": false,
        "postfix": false,
        "binop": null
      },
      "value": "ast",
      "start": 347,
      "end": 350,
      "loc": {
        "start": {
          "line": 15,
          "column": 20
        },
        "end": {
          "line": 15,
          "column": 23
        }
      }
    },
    {
      "type": {
        "label": ",",
        "beforeExpr": true,
        "startsExpr": false,
        "rightAssociative": false,
        "isLoop": false,
        "isAssign": false,
        "prefix": false,
        "postfix": false,
        "binop": null,
        "updateContext": null
      },
      "start": 350,
      "end": 351,
      "loc": {
        "start": {
          "line": 15,
          "column": 23
        },
        "end": {
          "line": 15,
          "column": 24
        }
      }
    },
    {
      "type": {
        "label": "name",
        "beforeExpr": false,
        "startsExpr": true,
        "rightAssociative": false,
        "isLoop": false,
        "isAssign": false,
        "prefix": false,
        "postfix": false,
        "binop": null
      },
      "value": "callback",
      "start": 352,
      "end": 360,
      "loc": {
        "start": {
          "line": 15,
          "column": 25
        },
        "end": {
          "line": 15,
          "column": 33
        }
      }
    },
    {
      "type": {
        "label": ")",
        "beforeExpr": false,
        "startsExpr": false,
        "rightAssociative": false,
        "isLoop": false,
        "isAssign": false,
        "prefix": false,
        "postfix": false,
        "binop": null
      },
      "start": 360,
      "end": 361,
      "loc": {
        "start": {
          "line": 15,
          "column": 33
        },
        "end": {
          "line": 15,
          "column": 34
        }
      }
    },
    {
      "type": {
        "label": "=>",
        "beforeExpr": true,
        "startsExpr": false,
        "rightAssociative": false,
        "isLoop": false,
        "isAssign": false,
        "prefix": false,
        "postfix": false,
        "binop": null,
        "updateContext": null
      },
      "start": 362,
      "end": 364,
      "loc": {
        "start": {
          "line": 15,
          "column": 35
        },
        "end": {
          "line": 15,
          "column": 37
        }
      }
    },
    {
      "type": {
        "label": "{",
        "beforeExpr": true,
        "startsExpr": true,
        "rightAssociative": false,
        "isLoop": false,
        "isAssign": false,
        "prefix": false,
        "postfix": false,
        "binop": null
      },
      "start": 365,
      "end": 366,
      "loc": {
        "start": {
          "line": 16,
          "column": 0
        },
        "end": {
          "line": 16,
          "column": 1
        }
      }
    },
    {
      "type": {
        "label": "name",
        "beforeExpr": false,
        "startsExpr": true,
        "rightAssociative": false,
        "isLoop": false,
        "isAssign": false,
        "prefix": false,
        "postfix": false,
        "binop": null
      },
      "value": "walker",
      "start": 369,
      "end": 375,
      "loc": {
        "start": {
          "line": 17,
          "column": 2
        },
        "end": {
          "line": 17,
          "column": 8
        }
      }
    },
    {
      "type": {
        "label": ".",
        "beforeExpr": false,
        "startsExpr": false,
        "rightAssociative": false,
        "isLoop": false,
        "isAssign": false,
        "prefix": false,
        "postfix": false,
        "binop": null,
        "updateContext": null
      },
      "start": 375,
      "end": 376,
      "loc": {
        "start": {
          "line": 17,
          "column": 8
        },
        "end": {
          "line": 17,
          "column": 9
        }
      }
    },
    {
      "type": {
        "label": "name",
        "beforeExpr": false,
        "startsExpr": true,
        "rightAssociative": false,
        "isLoop": false,
        "isAssign": false,
        "prefix": false,
        "postfix": false,
        "binop": null
      },
      "value": "traverse",
      "start": 376,
      "end": 384,
      "loc": {
        "start": {
          "line": 17,
          "column": 9
        },
        "end": {
          "line": 17,
          "column": 17
        }
      }
    },
    {
      "type": {
        "label": "(",
        "beforeExpr": true,
        "startsExpr": true,
        "rightAssociative": false,
        "isLoop": false,
        "isAssign": false,
        "prefix": false,
        "postfix": false,
        "binop": null
      },
      "start": 384,
      "end": 385,
      "loc": {
        "start": {
          "line": 17,
          "column": 17
        },
        "end": {
          "line": 17,
          "column": 18
        }
      }
    },
    {
      "type": {
        "label": "name",
        "beforeExpr": false,
        "startsExpr": true,
        "rightAssociative": false,
        "isLoop": false,
        "isAssign": false,
        "prefix": false,
        "postfix": false,
        "binop": null
      },
      "value": "ast",
      "start": 385,
      "end": 388,
      "loc": {
        "start": {
          "line": 17,
          "column": 18
        },
        "end": {
          "line": 17,
          "column": 21
        }
      }
    },
    {
      "type": {
        "label": ",",
        "beforeExpr": true,
        "startsExpr": false,
        "rightAssociative": false,
        "isLoop": false,
        "isAssign": false,
        "prefix": false,
        "postfix": false,
        "binop": null,
        "updateContext": null
      },
      "start": 388,
      "end": 389,
      "loc": {
        "start": {
          "line": 17,
          "column": 21
        },
        "end": {
          "line": 17,
          "column": 22
        }
      }
    },
    {
      "type": {
        "label": "{",
        "beforeExpr": true,
        "startsExpr": true,
        "rightAssociative": false,
        "isLoop": false,
        "isAssign": false,
        "prefix": false,
        "postfix": false,
        "binop": null
      },
      "start": 390,
      "end": 391,
      "loc": {
        "start": {
          "line": 17,
          "column": 23
        },
        "end": {
          "line": 17,
          "column": 24
        }
      }
    },
    {
      "type": {
        "label": "name",
        "beforeExpr": false,
        "startsExpr": true,
        "rightAssociative": false,
        "isLoop": false,
        "isAssign": false,
        "prefix": false,
        "postfix": false,
        "binop": null
      },
      "value": "enterNode",
      "start": 396,
      "end": 405,
      "loc": {
        "start": {
          "line": 18,
          "column": 4
        },
        "end": {
          "line": 18,
          "column": 13
        }
      }
    },
    {
      "type": {
        "label": ":",
        "beforeExpr": true,
        "startsExpr": false,
        "rightAssociative": false,
        "isLoop": false,
        "isAssign": false,
        "prefix": false,
        "postfix": false,
        "binop": null,
        "updateContext": null
      },
      "start": 405,
      "end": 406,
      "loc": {
        "start": {
          "line": 18,
          "column": 13
        },
        "end": {
          "line": 18,
          "column": 14
        }
      }
    },
    {
      "type": {
        "label": "(",
        "beforeExpr": true,
        "startsExpr": true,
        "rightAssociative": false,
        "isLoop": false,
        "isAssign": false,
        "prefix": false,
        "postfix": false,
        "binop": null
      },
      "start": 407,
      "end": 408,
      "loc": {
        "start": {
          "line": 18,
          "column": 15
        },
        "end": {
          "line": 18,
          "column": 16
        }
      }
    },
    {
      "type": {
        "label": "name",
        "beforeExpr": false,
        "startsExpr": true,
        "rightAssociative": false,
        "isLoop": false,
        "isAssign": false,
        "prefix": false,
        "postfix": false,
        "binop": null
      },
      "value": "node",
      "start": 408,
      "end": 412,
      "loc": {
        "start": {
          "line": 18,
          "column": 16
        },
        "end": {
          "line": 18,
          "column": 20
        }
      }
    },
    {
      "type": {
        "label": ",",
        "beforeExpr": true,
        "startsExpr": false,
        "rightAssociative": false,
        "isLoop": false,
        "isAssign": false,
        "prefix": false,
        "postfix": false,
        "binop": null,
        "updateContext": null
      },
      "start": 412,
      "end": 413,
      "loc": {
        "start": {
          "line": 18,
          "column": 20
        },
        "end": {
          "line": 18,
          "column": 21
        }
      }
    },
    {
      "type": {
        "label": "name",
        "beforeExpr": false,
        "startsExpr": true,
        "rightAssociative": false,
        "isLoop": false,
        "isAssign": false,
        "prefix": false,
        "postfix": false,
        "binop": null
      },
      "value": "parent",
      "start": 414,
      "end": 420,
      "loc": {
        "start": {
          "line": 18,
          "column": 22
        },
        "end": {
          "line": 18,
          "column": 28
        }
      }
    },
    {
      "type": {
        "label": ")",
        "beforeExpr": false,
        "startsExpr": false,
        "rightAssociative": false,
        "isLoop": false,
        "isAssign": false,
        "prefix": false,
        "postfix": false,
        "binop": null
      },
      "start": 420,
      "end": 421,
      "loc": {
        "start": {
          "line": 18,
          "column": 28
        },
        "end": {
          "line": 18,
          "column": 29
        }
      }
    },
    {
      "type": {
        "label": "=>",
        "beforeExpr": true,
        "startsExpr": false,
        "rightAssociative": false,
        "isLoop": false,
        "isAssign": false,
        "prefix": false,
        "postfix": false,
        "binop": null,
        "updateContext": null
      },
      "start": 422,
      "end": 424,
      "loc": {
        "start": {
          "line": 18,
          "column": 30
        },
        "end": {
          "line": 18,
          "column": 32
        }
      }
    },
    {
      "type": {
        "label": "{",
        "beforeExpr": true,
        "startsExpr": true,
        "rightAssociative": false,
        "isLoop": false,
        "isAssign": false,
        "prefix": false,
        "postfix": false,
        "binop": null
      },
      "start": 425,
      "end": 426,
      "loc": {
        "start": {
          "line": 18,
          "column": 33
        },
        "end": {
          "line": 18,
          "column": 34
        }
      }
    },
    {
      "type": {
        "label": "return",
        "keyword": "return",
        "beforeExpr": true,
        "startsExpr": false,
        "rightAssociative": false,
        "isLoop": false,
        "isAssign": false,
        "prefix": false,
        "postfix": false,
        "binop": null,
        "updateContext": null
      },
      "value": "return",
      "start": 427,
      "end": 433,
      "loc": {
        "start": {
          "line": 18,
          "column": 35
        },
        "end": {
          "line": 18,
          "column": 41
        }
      }
    },
    {
      "type": {
        "label": "name",
        "beforeExpr": false,
        "startsExpr": true,
        "rightAssociative": false,
        "isLoop": false,
        "isAssign": false,
        "prefix": false,
        "postfix": false,
        "binop": null
      },
      "value": "callback",
      "start": 434,
      "end": 442,
      "loc": {
        "start": {
          "line": 18,
          "column": 42
        },
        "end": {
          "line": 18,
          "column": 50
        }
      }
    },
    {
      "type": {
        "label": "(",
        "beforeExpr": true,
        "startsExpr": true,
        "rightAssociative": false,
        "isLoop": false,
        "isAssign": false,
        "prefix": false,
        "postfix": false,
        "binop": null
      },
      "start": 442,
      "end": 443,
      "loc": {
        "start": {
          "line": 18,
          "column": 50
        },
        "end": {
          "line": 18,
          "column": 51
        }
      }
    },
    {
      "type": {
        "label": "name",
        "beforeExpr": false,
        "startsExpr": true,
        "rightAssociative": false,
        "isLoop": false,
        "isAssign": false,
        "prefix": false,
        "postfix": false,
        "binop": null
      },
      "value": "node",
      "start": 443,
      "end": 447,
      "loc": {
        "start": {
          "line": 18,
          "column": 51
        },
        "end": {
          "line": 18,
          "column": 55
        }
      }
    },
    {
      "type": {
        "label": ",",
        "beforeExpr": true,
        "startsExpr": false,
        "rightAssociative": false,
        "isLoop": false,
        "isAssign": false,
        "prefix": false,
        "postfix": false,
        "binop": null,
        "updateContext": null
      },
      "start": 447,
      "end": 448,
      "loc": {
        "start": {
          "line": 18,
          "column": 55
        },
        "end": {
          "line": 18,
          "column": 56
        }
      }
    },
    {
      "type": {
        "label": "name",
        "beforeExpr": false,
        "startsExpr": true,
        "rightAssociative": false,
        "isLoop": false,
        "isAssign": false,
        "prefix": false,
        "postfix": false,
        "binop": null
      },
      "value": "parent",
      "start": 449,
      "end": 455,
      "loc": {
        "start": {
          "line": 18,
          "column": 57
        },
        "end": {
          "line": 18,
          "column": 63
        }
      }
    },
    {
      "type": {
        "label": ")",
        "beforeExpr": false,
        "startsExpr": false,
        "rightAssociative": false,
        "isLoop": false,
        "isAssign": false,
        "prefix": false,
        "postfix": false,
        "binop": null
      },
      "start": 455,
      "end": 456,
      "loc": {
        "start": {
          "line": 18,
          "column": 63
        },
        "end": {
          "line": 18,
          "column": 64
        }
      }
    },
    {
      "type": {
        "label": ";",
        "beforeExpr": true,
        "startsExpr": false,
        "rightAssociative": false,
        "isLoop": false,
        "isAssign": false,
        "prefix": false,
        "postfix": false,
        "binop": null,
        "updateContext": null
      },
      "start": 456,
      "end": 457,
      "loc": {
        "start": {
          "line": 18,
          "column": 64
        },
        "end": {
          "line": 18,
          "column": 65
        }
      }
    },
    {
      "type": {
        "label": "}",
        "beforeExpr": false,
        "startsExpr": false,
        "rightAssociative": false,
        "isLoop": false,
        "isAssign": false,
        "prefix": false,
        "postfix": false,
        "binop": null
      },
      "start": 458,
      "end": 459,
      "loc": {
        "start": {
          "line": 18,
          "column": 66
        },
        "end": {
          "line": 18,
          "column": 67
        }
      }
    },
    {
      "type": {
        "label": "}",
        "beforeExpr": false,
        "startsExpr": false,
        "rightAssociative": false,
        "isLoop": false,
        "isAssign": false,
        "prefix": false,
        "postfix": false,
        "binop": null
      },
      "start": 462,
      "end": 463,
      "loc": {
        "start": {
          "line": 19,
          "column": 2
        },
        "end": {
          "line": 19,
          "column": 3
        }
      }
    },
    {
      "type": {
        "label": ")",
        "beforeExpr": false,
        "startsExpr": false,
        "rightAssociative": false,
        "isLoop": false,
        "isAssign": false,
        "prefix": false,
        "postfix": false,
        "binop": null
      },
      "start": 463,
      "end": 464,
      "loc": {
        "start": {
          "line": 19,
          "column": 3
        },
        "end": {
          "line": 19,
          "column": 4
        }
      }
    },
    {
      "type": {
        "label": ";",
        "beforeExpr": true,
        "startsExpr": false,
        "rightAssociative": false,
        "isLoop": false,
        "isAssign": false,
        "prefix": false,
        "postfix": false,
        "binop": null,
        "updateContext": null
      },
      "start": 464,
      "end": 465,
      "loc": {
        "start": {
          "line": 19,
          "column": 4
        },
        "end": {
          "line": 19,
          "column": 5
        }
      }
    },
    {
      "type": {
        "label": "}",
        "beforeExpr": false,
        "startsExpr": false,
        "rightAssociative": false,
        "isLoop": false,
        "isAssign": false,
        "prefix": false,
        "postfix": false,
        "binop": null
      },
      "start": 466,
      "end": 467,
      "loc": {
        "start": {
          "line": 20,
          "column": 0
        },
        "end": {
          "line": 20,
          "column": 1
        }
      }
    },
    {
      "type": {
        "label": ";",
        "beforeExpr": true,
        "startsExpr": false,
        "rightAssociative": false,
        "isLoop": false,
        "isAssign": false,
        "prefix": false,
        "postfix": false,
        "binop": null,
        "updateContext": null
      },
      "start": 467,
      "end": 468,
      "loc": {
        "start": {
          "line": 20,
          "column": 1
        },
        "end": {
          "line": 20,
          "column": 2
        }
      }
    },
    {
      "type": {
        "label": "eof",
        "beforeExpr": false,
        "startsExpr": false,
        "rightAssociative": false,
        "isLoop": false,
        "isAssign": false,
        "prefix": false,
        "postfix": false,
        "binop": null,
        "updateContext": null
      },
      "start": 468,
      "end": 468,
      "loc": {
        "start": {
          "line": 20,
          "column": 2
        },
        "end": {
          "line": 20,
          "column": 2
        }
      }
    }
  ]
}