{
  "type": "File",
  "start": 0,
  "end": 267,
  "loc": {
    "start": {
      "line": 1,
      "column": 0
    },
    "end": {
      "line": 18,
      "column": 0
    }
  },
  "program": {
    "type": "Program",
    "start": 0,
    "end": 267,
    "loc": {
      "start": {
        "line": 1,
        "column": 0
      },
      "end": {
        "line": 18,
        "column": 0
      }
    },
    "sourceType": "module",
    "body": [
      {
        "type": "Identifier",
        "start": 0,
        "end": 226,
        "loc": {
          "start": {
            "line": 1,
            "column": 0
          },
          "end": {
            "line": 15,
            "column": 1
          }
        },
        "id": {
          "type": "Identifier",
          "start": 6,
          "end": 22,
          "loc": {
            "start": {
              "line": 1,
              "column": 6
            },
            "end": {
              "line": 1,
              "column": 22
            },
            "identifierName": "ASTNodeContainer"
          },
          "name": "ASTNodeContainer"
        },
        "superClass": null,
        "body": {
          "type": "ClassBody",
          "start": 23,
          "end": 226,
          "loc": {
            "start": {
              "line": 1,
              "column": 23
            },
            "end": {
              "line": 15,
              "column": 1
            }
          },
          "body": [
            {
              "type": "ClassMethod",
              "start": 27,
              "end": 89,
              "loc": {
                "start": {
                  "line": 2,
                  "column": 2
                },
                "end": {
                  "line": 5,
                  "column": 3
                }
              },
              "computed": false,
              "key": {
                "type": "Identifier",
                "start": 27,
                "end": 38,
                "loc": {
                  "start": {
                    "line": 2,
                    "column": 2
                  },
                  "end": {
                    "line": 2,
                    "column": 13
                  },
                  "identifierName": "constructor"
                },
                "name": "constructor"
              },
              "static": false,
              "kind": "constructor",
              "id": null,
              "generator": false,
              "expression": false,
              "async": false,
              "params": [],
              "body": {
                "type": "BlockStatement",
                "start": 41,
                "end": 89,
                "loc": {
                  "start": {
                    "line": 2,
                    "column": 16
                  },
                  "end": {
                    "line": 5,
                    "column": 3
                  }
                },
                "body": [
                  {
                    "type": "ExpressionStatement",
                    "start": 47,
                    "end": 63,
                    "loc": {
                      "start": {
                        "line": 3,
                        "column": 4
                      },
                      "end": {
                        "line": 3,
                        "column": 20
                      }
                    },
                    "expression": {
                      "type": "AssignmentExpression",
                      "start": 47,
                      "end": 62,
                      "loc": {
                        "start": {
                          "line": 3,
                          "column": 4
                        },
                        "end": {
                          "line": 3,
                          "column": 19
                        }
                      },
                      "operator": "=",
                      "left": {
                        "type": "MemberExpression",
                        "start": 47,
                        "end": 58,
                        "loc": {
                          "start": {
                            "line": 3,
                            "column": 4
                          },
                          "end": {
                            "line": 3,
                            "column": 15
                          }
                        },
                        "object": {
                          "type": "ThisExpression",
                          "start": 47,
                          "end": 51,
                          "loc": {
                            "start": {
                              "line": 3,
                              "column": 4
                            },
                            "end": {
                              "line": 3,
                              "column": 8
                            }
                          }
                        },
                        "property": {
                          "type": "Identifier",
                          "start": 52,
                          "end": 58,
                          "loc": {
                            "start": {
                              "line": 3,
                              "column": 9
                            },
                            "end": {
                              "line": 3,
                              "column": 15
                            },
                            "identifierName": "_docId"
                          },
                          "name": "_docId"
                        },
                        "computed": false
                      },
                      "right": {
                        "type": "NumericLiteral",
                        "start": 61,
                        "end": 62,
                        "loc": {
                          "start": {
                            "line": 3,
                            "column": 18
                          },
                          "end": {
                            "line": 3,
                            "column": 19
                          }
                        },
                        "extra": {
                          "rawValue": 0,
                          "raw": "0"
                        },
                        "value": 0
                      }
                    }
                  },
                  {
                    "type": "ExpressionStatement",
                    "start": 68,
                    "end": 85,
                    "loc": {
                      "start": {
                        "line": 4,
                        "column": 4
                      },
                      "end": {
                        "line": 4,
                        "column": 21
                      }
                    },
                    "expression": {
                      "type": "AssignmentExpression",
                      "start": 68,
                      "end": 84,
                      "loc": {
                        "start": {
                          "line": 4,
                          "column": 4
                        },
                        "end": {
                          "line": 4,
                          "column": 20
                        }
                      },
                      "operator": "=",
                      "left": {
                        "type": "MemberExpression",
                        "start": 68,
                        "end": 79,
                        "loc": {
                          "start": {
                            "line": 4,
                            "column": 4
                          },
                          "end": {
                            "line": 4,
                            "column": 15
                          }
                        },
                        "object": {
                          "type": "ThisExpression",
                          "start": 68,
                          "end": 72,
                          "loc": {
                            "start": {
                              "line": 4,
                              "column": 4
                            },
                            "end": {
                              "line": 4,
                              "column": 8
                            }
                          }
                        },
                        "property": {
                          "type": "Identifier",
                          "start": 73,
                          "end": 79,
                          "loc": {
                            "start": {
                              "line": 4,
                              "column": 9
                            },
                            "end": {
                              "line": 4,
                              "column": 15
                            },
                            "identifierName": "_nodes"
                          },
                          "name": "_nodes"
                        },
                        "computed": false
                      },
                      "right": {
                        "type": "ObjectExpression",
                        "start": 82,
                        "end": 84,
                        "loc": {
                          "start": {
                            "line": 4,
                            "column": 18
                          },
                          "end": {
                            "line": 4,
                            "column": 20
                          }
                        },
                        "properties": []
                      }
                    }
                  }
                ],
                "directives": []
              }
            },
            {
              "type": "ClassMethod",
              "start": 93,
              "end": 175,
              "loc": {
                "start": {
                  "line": 7,
                  "column": 2
                },
                "end": {
                  "line": 10,
                  "column": 3
                }
              },
              "computed": false,
              "key": {
                "type": "Identifier",
                "start": 93,
                "end": 100,
                "loc": {
                  "start": {
                    "line": 7,
                    "column": 2
                  },
                  "end": {
                    "line": 7,
                    "column": 9
                  },
                  "identifierName": "addNode"
                },
                "name": "addNode"
              },
              "static": false,
              "kind": "method",
              "id": null,
              "generator": false,
              "expression": false,
              "async": false,
              "params": [
                {
                  "type": "Identifier",
                  "start": 101,
                  "end": 105,
                  "loc": {
                    "start": {
                      "line": 7,
                      "column": 10
                    },
                    "end": {
                      "line": 7,
                      "column": 14
                    },
                    "identifierName": "node"
                  },
                  "name": "node"
                }
              ],
              "body": {
                "type": "BlockStatement",
                "start": 107,
                "end": 175,
                "loc": {
                  "start": {
                    "line": 7,
                    "column": 16
                  },
                  "end": {
                    "line": 10,
                    "column": 3
                  }
                },
                "body": [
                  {
                    "type": "ExpressionStatement",
                    "start": 113,
                    "end": 145,
                    "loc": {
                      "start": {
                        "line": 8,
                        "column": 4
                      },
                      "end": {
                        "line": 8,
                        "column": 36
                      }
                    },
                    "expression": {
                      "type": "AssignmentExpression",
                      "start": 113,
                      "end": 144,
                      "loc": {
                        "start": {
                          "line": 8,
                          "column": 4
                        },
                        "end": {
                          "line": 8,
                          "column": 35
                        }
                      },
                      "operator": "=",
                      "left": {
                        "type": "MemberExpression",
                        "start": 113,
                        "end": 137,
                        "loc": {
                          "start": {
                            "line": 8,
                            "column": 4
                          },
                          "end": {
                            "line": 8,
                            "column": 28
                          }
                        },
                        "object": {
                          "type": "MemberExpression",
                          "start": 113,
                          "end": 124,
                          "loc": {
                            "start": {
                              "line": 8,
                              "column": 4
                            },
                            "end": {
                              "line": 8,
                              "column": 15
                            }
                          },
                          "object": {
                            "type": "ThisExpression",
                            "start": 113,
                            "end": 117,
                            "loc": {
                              "start": {
                                "line": 8,
                                "column": 4
                              },
                              "end": {
                                "line": 8,
                                "column": 8
                              }
                            }
                          },
                          "property": {
                            "type": "Identifier",
                            "start": 118,
                            "end": 124,
                            "loc": {
                              "start": {
                                "line": 8,
                                "column": 9
                              },
                              "end": {
                                "line": 8,
                                "column": 15
                              },
                              "identifierName": "_nodes"
                            },
                            "name": "_nodes"
                          },
                          "computed": false
                        },
                        "property": {
                          "type": "MemberExpression",
                          "start": 125,
                          "end": 136,
                          "loc": {
                            "start": {
                              "line": 8,
                              "column": 16
                            },
                            "end": {
                              "line": 8,
                              "column": 27
                            }
                          },
                          "object": {
                            "type": "ThisExpression",
                            "start": 125,
                            "end": 129,
                            "loc": {
                              "start": {
                                "line": 8,
                                "column": 16
                              },
                              "end": {
                                "line": 8,
                                "column": 20
                              }
                            }
                          },
                          "property": {
                            "type": "Identifier",
                            "start": 130,
                            "end": 136,
                            "loc": {
                              "start": {
                                "line": 8,
                                "column": 21
                              },
                              "end": {
                                "line": 8,
                                "column": 27
                              },
                              "identifierName": "_docId"
                            },
                            "name": "_docId"
                          },
                          "computed": false
                        },
                        "computed": true
                      },
                      "right": {
                        "type": "Identifier",
                        "start": 140,
                        "end": 144,
                        "loc": {
                          "start": {
                            "line": 8,
                            "column": 31
                          },
                          "end": {
                            "line": 8,
                            "column": 35
                          },
                          "identifierName": "node"
                        },
                        "name": "node"
                      }
                    }
                  },
                  {
                    "type": "ReturnStatement",
                    "start": 150,
                    "end": 171,
                    "loc": {
                      "start": {
                        "line": 9,
                        "column": 4
                      },
                      "end": {
                        "line": 9,
                        "column": 25
                      }
                    },
                    "argument": {
                      "type": "UpdateExpression",
                      "start": 157,
                      "end": 170,
                      "loc": {
                        "start": {
                          "line": 9,
                          "column": 11
                        },
                        "end": {
                          "line": 9,
                          "column": 24
                        }
                      },
                      "operator": "++",
                      "prefix": false,
                      "argument": {
                        "type": "MemberExpression",
                        "start": 157,
                        "end": 168,
                        "loc": {
                          "start": {
                            "line": 9,
                            "column": 11
                          },
                          "end": {
                            "line": 9,
                            "column": 22
                          }
                        },
                        "object": {
                          "type": "ThisExpression",
                          "start": 157,
                          "end": 161,
                          "loc": {
                            "start": {
                              "line": 9,
                              "column": 11
                            },
                            "end": {
                              "line": 9,
                              "column": 15
                            }
                          }
                        },
                        "property": {
                          "type": "Identifier",
                          "start": 162,
                          "end": 168,
                          "loc": {
                            "start": {
                              "line": 9,
                              "column": 16
                            },
                            "end": {
                              "line": 9,
                              "column": 22
                            },
                            "identifierName": "_docId"
                          },
                          "name": "_docId"
                        },
                        "computed": false
                      }
                    }
                  }
                ],
                "directives": []
              }
            },
            {
              "type": "ClassMethod",
              "start": 179,
              "end": 224,
              "loc": {
                "start": {
                  "line": 12,
                  "column": 2
                },
                "end": {
                  "line": 14,
                  "column": 3
                }
              },
              "computed": false,
              "key": {
                "type": "Identifier",
                "start": 179,
                "end": 186,
                "loc": {
                  "start": {
                    "line": 12,
                    "column": 2
                  },
                  "end": {
                    "line": 12,
                    "column": 9
                  },
                  "identifierName": "getNode"
                },
                "name": "getNode"
              },
              "static": false,
              "kind": "method",
              "id": null,
              "generator": false,
              "expression": false,
              "async": false,
              "params": [
                {
                  "type": "Identifier",
                  "start": 187,
                  "end": 189,
                  "loc": {
                    "start": {
                      "line": 12,
                      "column": 10
                    },
                    "end": {
                      "line": 12,
                      "column": 12
                    },
                    "identifierName": "id"
                  },
                  "name": "id"
                }
              ],
              "body": {
                "type": "BlockStatement",
                "start": 191,
                "end": 224,
                "loc": {
                  "start": {
                    "line": 12,
                    "column": 14
                  },
                  "end": {
                    "line": 14,
                    "column": 3
                  }
                },
                "body": [
                  {
                    "type": "ReturnStatement",
                    "start": 197,
                    "end": 220,
                    "loc": {
                      "start": {
                        "line": 13,
                        "column": 4
                      },
                      "end": {
                        "line": 13,
                        "column": 27
                      }
                    },
                    "argument": {
                      "type": "MemberExpression",
                      "start": 204,
                      "end": 219,
                      "loc": {
                        "start": {
                          "line": 13,
                          "column": 11
                        },
                        "end": {
                          "line": 13,
                          "column": 26
                        }
                      },
                      "object": {
                        "type": "MemberExpression",
                        "start": 204,
                        "end": 215,
                        "loc": {
                          "start": {
                            "line": 13,
                            "column": 11
                          },
                          "end": {
                            "line": 13,
                            "column": 22
                          }
                        },
                        "object": {
                          "type": "ThisExpression",
                          "start": 204,
                          "end": 208,
                          "loc": {
                            "start": {
                              "line": 13,
                              "column": 11
                            },
                            "end": {
                              "line": 13,
                              "column": 15
                            }
                          }
                        },
                        "property": {
                          "type": "Identifier",
                          "start": 209,
                          "end": 215,
                          "loc": {
                            "start": {
                              "line": 13,
                              "column": 16
                            },
                            "end": {
                              "line": 13,
                              "column": 22
                            },
                            "identifierName": "_nodes"
                          },
                          "name": "_nodes"
                        },
                        "computed": false
                      },
                      "property": {
                        "type": "Identifier",
                        "start": 216,
                        "end": 218,
                        "loc": {
                          "start": {
                            "line": 13,
                            "column": 23
                          },
                          "end": {
                            "line": 13,
                            "column": 25
                          },
                          "identifierName": "id"
                        },
                        "name": "id"
                      },
                      "computed": true
                    }
                  }
                ],
                "directives": []
              }
            }
          ]
        },
        "name": "_",
        "leadingComments": [],
        "trailingComments": []
      },
      {
        "type": "Identifier",
        "start": 228,
        "end": 266,
        "loc": {
          "start": {
            "line": 17,
            "column": 0
          },
          "end": {
            "line": 17,
            "column": 38
          }
        },
        "declaration": {
          "type": "NewExpression",
          "start": 243,
          "end": 265,
          "loc": {
            "start": {
              "line": 17,
              "column": 15
            },
            "end": {
              "line": 17,
              "column": 37
            }
          },
          "callee": {
            "type": "Identifier",
            "start": 247,
            "end": 263,
            "loc": {
              "start": {
                "line": 17,
                "column": 19
              },
              "end": {
                "line": 17,
                "column": 35
              },
              "identifierName": "ASTNodeContainer"
            },
            "name": "ASTNodeContainer"
          },
          "arguments": []
        },
        "name": "_",
        "leadingComments": [],
        "trailingComments": []
      },
      {
        "type": "ExportDefaultDeclaration",
        "start": 228,
        "end": 266,
        "loc": {
          "start": {
            "line": 17,
            "column": 0
          },
          "end": {
            "line": 17,
            "column": 38
          }
        },
        "declaration": {
          "type": "ClassDeclaration",
          "start": 0,
          "end": 226,
          "loc": {
            "start": {
              "line": 1,
              "column": 0
            },
            "end": {
              "line": 15,
              "column": 1
            }
          },
          "id": {
            "type": "Identifier",
            "start": 6,
            "end": 22,
            "loc": {
              "start": {
                "line": 1,
                "column": 6
              },
              "end": {
                "line": 1,
                "column": 22
              },
              "identifierName": "ASTNodeContainer"
            },
            "name": "ASTNodeContainer"
          },
          "superClass": null,
          "body": {
            "type": "ClassBody",
            "start": 23,
            "end": 226,
            "loc": {
              "start": {
                "line": 1,
                "column": 23
              },
              "end": {
                "line": 15,
                "column": 1
              }
            },
            "body": [
              {
                "type": "ClassMethod",
                "start": 27,
                "end": 89,
                "loc": {
                  "start": {
                    "line": 2,
                    "column": 2
                  },
                  "end": {
                    "line": 5,
                    "column": 3
                  }
                },
                "computed": false,
                "key": {
                  "type": "Identifier",
                  "start": 27,
                  "end": 38,
                  "loc": {
                    "start": {
                      "line": 2,
                      "column": 2
                    },
                    "end": {
                      "line": 2,
                      "column": 13
                    },
                    "identifierName": "constructor"
                  },
                  "name": "constructor"
                },
                "static": false,
                "kind": "constructor",
                "id": null,
                "generator": false,
                "expression": false,
                "async": false,
                "params": [],
                "body": {
                  "type": "BlockStatement",
                  "start": 41,
                  "end": 89,
                  "loc": {
                    "start": {
                      "line": 2,
                      "column": 16
                    },
                    "end": {
                      "line": 5,
                      "column": 3
                    }
                  },
                  "body": [
                    {
                      "type": "ExpressionStatement",
                      "start": 47,
                      "end": 63,
                      "loc": {
                        "start": {
                          "line": 3,
                          "column": 4
                        },
                        "end": {
                          "line": 3,
                          "column": 20
                        }
                      },
                      "expression": {
                        "type": "AssignmentExpression",
                        "start": 47,
                        "end": 62,
                        "loc": {
                          "start": {
                            "line": 3,
                            "column": 4
                          },
                          "end": {
                            "line": 3,
                            "column": 19
                          }
                        },
                        "operator": "=",
                        "left": {
                          "type": "MemberExpression",
                          "start": 47,
                          "end": 58,
                          "loc": {
                            "start": {
                              "line": 3,
                              "column": 4
                            },
                            "end": {
                              "line": 3,
                              "column": 15
                            }
                          },
                          "object": {
                            "type": "ThisExpression",
                            "start": 47,
                            "end": 51,
                            "loc": {
                              "start": {
                                "line": 3,
                                "column": 4
                              },
                              "end": {
                                "line": 3,
                                "column": 8
                              }
                            }
                          },
                          "property": {
                            "type": "Identifier",
                            "start": 52,
                            "end": 58,
                            "loc": {
                              "start": {
                                "line": 3,
                                "column": 9
                              },
                              "end": {
                                "line": 3,
                                "column": 15
                              },
                              "identifierName": "_docId"
                            },
                            "name": "_docId"
                          },
                          "computed": false
                        },
                        "right": {
                          "type": "NumericLiteral",
                          "start": 61,
                          "end": 62,
                          "loc": {
                            "start": {
                              "line": 3,
                              "column": 18
                            },
                            "end": {
                              "line": 3,
                              "column": 19
                            }
                          },
                          "extra": {
                            "rawValue": 0,
                            "raw": "0"
                          },
                          "value": 0
                        }
                      }
                    },
                    {
                      "type": "ExpressionStatement",
                      "start": 68,
                      "end": 85,
                      "loc": {
                        "start": {
                          "line": 4,
                          "column": 4
                        },
                        "end": {
                          "line": 4,
                          "column": 21
                        }
                      },
                      "expression": {
                        "type": "AssignmentExpression",
                        "start": 68,
                        "end": 84,
                        "loc": {
                          "start": {
                            "line": 4,
                            "column": 4
                          },
                          "end": {
                            "line": 4,
                            "column": 20
                          }
                        },
                        "operator": "=",
                        "left": {
                          "type": "MemberExpression",
                          "start": 68,
                          "end": 79,
                          "loc": {
                            "start": {
                              "line": 4,
                              "column": 4
                            },
                            "end": {
                              "line": 4,
                              "column": 15
                            }
                          },
                          "object": {
                            "type": "ThisExpression",
                            "start": 68,
                            "end": 72,
                            "loc": {
                              "start": {
                                "line": 4,
                                "column": 4
                              },
                              "end": {
                                "line": 4,
                                "column": 8
                              }
                            }
                          },
                          "property": {
                            "type": "Identifier",
                            "start": 73,
                            "end": 79,
                            "loc": {
                              "start": {
                                "line": 4,
                                "column": 9
                              },
                              "end": {
                                "line": 4,
                                "column": 15
                              },
                              "identifierName": "_nodes"
                            },
                            "name": "_nodes"
                          },
                          "computed": false
                        },
                        "right": {
                          "type": "ObjectExpression",
                          "start": 82,
                          "end": 84,
                          "loc": {
                            "start": {
                              "line": 4,
                              "column": 18
                            },
                            "end": {
                              "line": 4,
                              "column": 20
                            }
                          },
                          "properties": []
                        }
                      }
                    }
                  ],
                  "directives": []
                }
              },
              {
                "type": "ClassMethod",
                "start": 93,
                "end": 175,
                "loc": {
                  "start": {
                    "line": 7,
                    "column": 2
                  },
                  "end": {
                    "line": 10,
                    "column": 3
                  }
                },
                "computed": false,
                "key": {
                  "type": "Identifier",
                  "start": 93,
                  "end": 100,
                  "loc": {
                    "start": {
                      "line": 7,
                      "column": 2
                    },
                    "end": {
                      "line": 7,
                      "column": 9
                    },
                    "identifierName": "addNode"
                  },
                  "name": "addNode"
                },
                "static": false,
                "kind": "method",
                "id": null,
                "generator": false,
                "expression": false,
                "async": false,
                "params": [
                  {
                    "type": "Identifier",
                    "start": 101,
                    "end": 105,
                    "loc": {
                      "start": {
                        "line": 7,
                        "column": 10
                      },
                      "end": {
                        "line": 7,
                        "column": 14
                      },
                      "identifierName": "node"
                    },
                    "name": "node"
                  }
                ],
                "body": {
                  "type": "BlockStatement",
                  "start": 107,
                  "end": 175,
                  "loc": {
                    "start": {
                      "line": 7,
                      "column": 16
                    },
                    "end": {
                      "line": 10,
                      "column": 3
                    }
                  },
                  "body": [
                    {
                      "type": "ExpressionStatement",
                      "start": 113,
                      "end": 145,
                      "loc": {
                        "start": {
                          "line": 8,
                          "column": 4
                        },
                        "end": {
                          "line": 8,
                          "column": 36
                        }
                      },
                      "expression": {
                        "type": "AssignmentExpression",
                        "start": 113,
                        "end": 144,
                        "loc": {
                          "start": {
                            "line": 8,
                            "column": 4
                          },
                          "end": {
                            "line": 8,
                            "column": 35
                          }
                        },
                        "operator": "=",
                        "left": {
                          "type": "MemberExpression",
                          "start": 113,
                          "end": 137,
                          "loc": {
                            "start": {
                              "line": 8,
                              "column": 4
                            },
                            "end": {
                              "line": 8,
                              "column": 28
                            }
                          },
                          "object": {
                            "type": "MemberExpression",
                            "start": 113,
                            "end": 124,
                            "loc": {
                              "start": {
                                "line": 8,
                                "column": 4
                              },
                              "end": {
                                "line": 8,
                                "column": 15
                              }
                            },
                            "object": {
                              "type": "ThisExpression",
                              "start": 113,
                              "end": 117,
                              "loc": {
                                "start": {
                                  "line": 8,
                                  "column": 4
                                },
                                "end": {
                                  "line": 8,
                                  "column": 8
                                }
                              }
                            },
                            "property": {
                              "type": "Identifier",
                              "start": 118,
                              "end": 124,
                              "loc": {
                                "start": {
                                  "line": 8,
                                  "column": 9
                                },
                                "end": {
                                  "line": 8,
                                  "column": 15
                                },
                                "identifierName": "_nodes"
                              },
                              "name": "_nodes"
                            },
                            "computed": false
                          },
                          "property": {
                            "type": "MemberExpression",
                            "start": 125,
                            "end": 136,
                            "loc": {
                              "start": {
                                "line": 8,
                                "column": 16
                              },
                              "end": {
                                "line": 8,
                                "column": 27
                              }
                            },
                            "object": {
                              "type": "ThisExpression",
                              "start": 125,
                              "end": 129,
                              "loc": {
                                "start": {
                                  "line": 8,
                                  "column": 16
                                },
                                "end": {
                                  "line": 8,
                                  "column": 20
                                }
                              }
                            },
                            "property": {
                              "type": "Identifier",
                              "start": 130,
                              "end": 136,
                              "loc": {
                                "start": {
                                  "line": 8,
                                  "column": 21
                                },
                                "end": {
                                  "line": 8,
                                  "column": 27
                                },
                                "identifierName": "_docId"
                              },
                              "name": "_docId"
                            },
                            "computed": false
                          },
                          "computed": true
                        },
                        "right": {
                          "type": "Identifier",
                          "start": 140,
                          "end": 144,
                          "loc": {
                            "start": {
                              "line": 8,
                              "column": 31
                            },
                            "end": {
                              "line": 8,
                              "column": 35
                            },
                            "identifierName": "node"
                          },
                          "name": "node"
                        }
                      }
                    },
                    {
                      "type": "ReturnStatement",
                      "start": 150,
                      "end": 171,
                      "loc": {
                        "start": {
                          "line": 9,
                          "column": 4
                        },
                        "end": {
                          "line": 9,
                          "column": 25
                        }
                      },
                      "argument": {
                        "type": "UpdateExpression",
                        "start": 157,
                        "end": 170,
                        "loc": {
                          "start": {
                            "line": 9,
                            "column": 11
                          },
                          "end": {
                            "line": 9,
                            "column": 24
                          }
                        },
                        "operator": "++",
                        "prefix": false,
                        "argument": {
                          "type": "MemberExpression",
                          "start": 157,
                          "end": 168,
                          "loc": {
                            "start": {
                              "line": 9,
                              "column": 11
                            },
                            "end": {
                              "line": 9,
                              "column": 22
                            }
                          },
                          "object": {
                            "type": "ThisExpression",
                            "start": 157,
                            "end": 161,
                            "loc": {
                              "start": {
                                "line": 9,
                                "column": 11
                              },
                              "end": {
                                "line": 9,
                                "column": 15
                              }
                            }
                          },
                          "property": {
                            "type": "Identifier",
                            "start": 162,
                            "end": 168,
                            "loc": {
                              "start": {
                                "line": 9,
                                "column": 16
                              },
                              "end": {
                                "line": 9,
                                "column": 22
                              },
                              "identifierName": "_docId"
                            },
                            "name": "_docId"
                          },
                          "computed": false
                        }
                      }
                    }
                  ],
                  "directives": []
                }
              },
              {
                "type": "ClassMethod",
                "start": 179,
                "end": 224,
                "loc": {
                  "start": {
                    "line": 12,
                    "column": 2
                  },
                  "end": {
                    "line": 14,
                    "column": 3
                  }
                },
                "computed": false,
                "key": {
                  "type": "Identifier",
                  "start": 179,
                  "end": 186,
                  "loc": {
                    "start": {
                      "line": 12,
                      "column": 2
                    },
                    "end": {
                      "line": 12,
                      "column": 9
                    },
                    "identifierName": "getNode"
                  },
                  "name": "getNode"
                },
                "static": false,
                "kind": "method",
                "id": null,
                "generator": false,
                "expression": false,
                "async": false,
                "params": [
                  {
                    "type": "Identifier",
                    "start": 187,
                    "end": 189,
                    "loc": {
                      "start": {
                        "line": 12,
                        "column": 10
                      },
                      "end": {
                        "line": 12,
                        "column": 12
                      },
                      "identifierName": "id"
                    },
                    "name": "id"
                  }
                ],
                "body": {
                  "type": "BlockStatement",
                  "start": 191,
                  "end": 224,
                  "loc": {
                    "start": {
                      "line": 12,
                      "column": 14
                    },
                    "end": {
                      "line": 14,
                      "column": 3
                    }
                  },
                  "body": [
                    {
                      "type": "ReturnStatement",
                      "start": 197,
                      "end": 220,
                      "loc": {
                        "start": {
                          "line": 13,
                          "column": 4
                        },
                        "end": {
                          "line": 13,
                          "column": 27
                        }
                      },
                      "argument": {
                        "type": "MemberExpression",
                        "start": 204,
                        "end": 219,
                        "loc": {
                          "start": {
                            "line": 13,
                            "column": 11
                          },
                          "end": {
                            "line": 13,
                            "column": 26
                          }
                        },
                        "object": {
                          "type": "MemberExpression",
                          "start": 204,
                          "end": 215,
                          "loc": {
                            "start": {
                              "line": 13,
                              "column": 11
                            },
                            "end": {
                              "line": 13,
                              "column": 22
                            }
                          },
                          "object": {
                            "type": "ThisExpression",
                            "start": 204,
                            "end": 208,
                            "loc": {
                              "start": {
                                "line": 13,
                                "column": 11
                              },
                              "end": {
                                "line": 13,
                                "column": 15
                              }
                            }
                          },
                          "property": {
                            "type": "Identifier",
                            "start": 209,
                            "end": 215,
                            "loc": {
                              "start": {
                                "line": 13,
                                "column": 16
                              },
                              "end": {
                                "line": 13,
                                "column": 22
                              },
                              "identifierName": "_nodes"
                            },
                            "name": "_nodes"
                          },
                          "computed": false
                        },
                        "property": {
                          "type": "Identifier",
                          "start": 216,
                          "end": 218,
                          "loc": {
                            "start": {
                              "line": 13,
                              "column": 23
                            },
                            "end": {
                              "line": 13,
                              "column": 25
                            },
                            "identifierName": "id"
                          },
                          "name": "id"
                        },
                        "computed": true
                      }
                    }
                  ],
                  "directives": []
                }
              }
            ]
          },
          "__PseudoExport__": true,
          "leadingComments": [],
          "trailingComments": []
        },
        "leadingComments": null
      },
      {
        "type": "ExportDefaultDeclaration",
        "start": 228,
        "end": 266,
        "loc": {
          "start": {
            "line": 17,
            "column": 0
          },
          "end": {
            "line": 17,
            "column": 38
          }
        },
        "declaration": {
          "type": "VariableDeclaration",
          "kind": "let",
          "loc": {
            "start": {
              "line": 17,
              "column": 0
            },
            "end": {
              "line": 17,
              "column": 38
            }
          },
          "declarations": [
            {
              "type": "VariableDeclarator",
              "id": {
                "type": "Identifier",
                "name": "aSTNodeContainer"
              },
              "init": {
                "type": "NewExpression",
                "callee": {
                  "type": "Identifier",
                  "name": "ASTNodeContainer"
                }
              }
            }
          ],
          "leadingComments": [],
          "trailingComments": []
        }
      }
    ],
    "directives": []
  },
  "comments": [],
  "tokens": [
    {
      "type": {
        "label": "class",
        "keyword": "class",
        "beforeExpr": false,
        "startsExpr": false,
        "rightAssociative": false,
        "isLoop": false,
        "isAssign": false,
        "prefix": false,
        "postfix": false,
        "binop": null,
        "updateContext": null
      },
      "value": "class",
      "start": 0,
      "end": 5,
      "loc": {
        "start": {
          "line": 1,
          "column": 0
        },
        "end": {
          "line": 1,
          "column": 5
        }
      }
    },
    {
      "type": {
        "label": "name",
        "beforeExpr": false,
        "startsExpr": true,
        "rightAssociative": false,
        "isLoop": false,
        "isAssign": false,
        "prefix": false,
        "postfix": false,
        "binop": null
      },
      "value": "ASTNodeContainer",
      "start": 6,
      "end": 22,
      "loc": {
        "start": {
          "line": 1,
          "column": 6
        },
        "end": {
          "line": 1,
          "column": 22
        }
      }
    },
    {
      "type": {
        "label": "{",
        "beforeExpr": true,
        "startsExpr": true,
        "rightAssociative": false,
        "isLoop": false,
        "isAssign": false,
        "prefix": false,
        "postfix": false,
        "binop": null
      },
      "start": 23,
      "end": 24,
      "loc": {
        "start": {
          "line": 1,
          "column": 23
        },
        "end": {
          "line": 1,
          "column": 24
        }
      }
    },
    {
      "type": {
        "label": "name",
        "beforeExpr": false,
        "startsExpr": true,
        "rightAssociative": false,
        "isLoop": false,
        "isAssign": false,
        "prefix": false,
        "postfix": false,
        "binop": null
      },
      "value": "constructor",
      "start": 27,
      "end": 38,
      "loc": {
        "start": {
          "line": 2,
          "column": 2
        },
        "end": {
          "line": 2,
          "column": 13
        }
      }
    },
    {
      "type": {
        "label": "(",
        "beforeExpr": true,
        "startsExpr": true,
        "rightAssociative": false,
        "isLoop": false,
        "isAssign": false,
        "prefix": false,
        "postfix": false,
        "binop": null
      },
      "start": 38,
      "end": 39,
      "loc": {
        "start": {
          "line": 2,
          "column": 13
        },
        "end": {
          "line": 2,
          "column": 14
        }
      }
    },
    {
      "type": {
        "label": ")",
        "beforeExpr": false,
        "startsExpr": false,
        "rightAssociative": false,
        "isLoop": false,
        "isAssign": false,
        "prefix": false,
        "postfix": false,
        "binop": null
      },
      "start": 39,
      "end": 40,
      "loc": {
        "start": {
          "line": 2,
          "column": 14
        },
        "end": {
          "line": 2,
          "column": 15
        }
      }
    },
    {
      "type": {
        "label": "{",
        "beforeExpr": true,
        "startsExpr": true,
        "rightAssociative": false,
        "isLoop": false,
        "isAssign": false,
        "prefix": false,
        "postfix": false,
        "binop": null
      },
      "start": 41,
      "end": 42,
      "loc": {
        "start": {
          "line": 2,
          "column": 16
        },
        "end": {
          "line": 2,
          "column": 17
        }
      }
    },
    {
      "type": {
        "label": "this",
        "keyword": "this",
        "beforeExpr": false,
        "startsExpr": true,
        "rightAssociative": false,
        "isLoop": false,
        "isAssign": false,
        "prefix": false,
        "postfix": false,
        "binop": null,
        "updateContext": null
      },
      "value": "this",
      "start": 47,
      "end": 51,
      "loc": {
        "start": {
          "line": 3,
          "column": 4
        },
        "end": {
          "line": 3,
          "column": 8
        }
      }
    },
    {
      "type": {
        "label": ".",
        "beforeExpr": false,
        "startsExpr": false,
        "rightAssociative": false,
        "isLoop": false,
        "isAssign": false,
        "prefix": false,
        "postfix": false,
        "binop": null,
        "updateContext": null
      },
      "start": 51,
      "end": 52,
      "loc": {
        "start": {
          "line": 3,
          "column": 8
        },
        "end": {
          "line": 3,
          "column": 9
        }
      }
    },
    {
      "type": {
        "label": "name",
        "beforeExpr": false,
        "startsExpr": true,
        "rightAssociative": false,
        "isLoop": false,
        "isAssign": false,
        "prefix": false,
        "postfix": false,
        "binop": null
      },
      "value": "_docId",
      "start": 52,
      "end": 58,
      "loc": {
        "start": {
          "line": 3,
          "column": 9
        },
        "end": {
          "line": 3,
          "column": 15
        }
      }
    },
    {
      "type": {
        "label": "=",
        "beforeExpr": true,
        "startsExpr": false,
        "rightAssociative": false,
        "isLoop": false,
        "isAssign": true,
        "prefix": false,
        "postfix": false,
        "binop": null,
        "updateContext": null
      },
      "value": "=",
      "start": 59,
      "end": 60,
      "loc": {
        "start": {
          "line": 3,
          "column": 16
        },
        "end": {
          "line": 3,
          "column": 17
        }
      }
    },
    {
      "type": {
        "label": "num",
        "beforeExpr": false,
        "startsExpr": true,
        "rightAssociative": false,
        "isLoop": false,
        "isAssign": false,
        "prefix": false,
        "postfix": false,
        "binop": null,
        "updateContext": null
      },
      "value": 0,
      "start": 61,
      "end": 62,
      "loc": {
        "start": {
          "line": 3,
          "column": 18
        },
        "end": {
          "line": 3,
          "column": 19
        }
      }
    },
    {
      "type": {
        "label": ";",
        "beforeExpr": true,
        "startsExpr": false,
        "rightAssociative": false,
        "isLoop": false,
        "isAssign": false,
        "prefix": false,
        "postfix": false,
        "binop": null,
        "updateContext": null
      },
      "start": 62,
      "end": 63,
      "loc": {
        "start": {
          "line": 3,
          "column": 19
        },
        "end": {
          "line": 3,
          "column": 20
        }
      }
    },
    {
      "type": {
        "label": "this",
        "keyword": "this",
        "beforeExpr": false,
        "startsExpr": true,
        "rightAssociative": false,
        "isLoop": false,
        "isAssign": false,
        "prefix": false,
        "postfix": false,
        "binop": null,
        "updateContext": null
      },
      "value": "this",
      "start": 68,
      "end": 72,
      "loc": {
        "start": {
          "line": 4,
          "column": 4
        },
        "end": {
          "line": 4,
          "column": 8
        }
      }
    },
    {
      "type": {
        "label": ".",
        "beforeExpr": false,
        "startsExpr": false,
        "rightAssociative": false,
        "isLoop": false,
        "isAssign": false,
        "prefix": false,
        "postfix": false,
        "binop": null,
        "updateContext": null
      },
      "start": 72,
      "end": 73,
      "loc": {
        "start": {
          "line": 4,
          "column": 8
        },
        "end": {
          "line": 4,
          "column": 9
        }
      }
    },
    {
      "type": {
        "label": "name",
        "beforeExpr": false,
        "startsExpr": true,
        "rightAssociative": false,
        "isLoop": false,
        "isAssign": false,
        "prefix": false,
        "postfix": false,
        "binop": null
      },
      "value": "_nodes",
      "start": 73,
      "end": 79,
      "loc": {
        "start": {
          "line": 4,
          "column": 9
        },
        "end": {
          "line": 4,
          "column": 15
        }
      }
    },
    {
      "type": {
        "label": "=",
        "beforeExpr": true,
        "startsExpr": false,
        "rightAssociative": false,
        "isLoop": false,
        "isAssign": true,
        "prefix": false,
        "postfix": false,
        "binop": null,
        "updateContext": null
      },
      "value": "=",
      "start": 80,
      "end": 81,
      "loc": {
        "start": {
          "line": 4,
          "column": 16
        },
        "end": {
          "line": 4,
          "column": 17
        }
      }
    },
    {
      "type": {
        "label": "{",
        "beforeExpr": true,
        "startsExpr": true,
        "rightAssociative": false,
        "isLoop": false,
        "isAssign": false,
        "prefix": false,
        "postfix": false,
        "binop": null
      },
      "start": 82,
      "end": 83,
      "loc": {
        "start": {
          "line": 4,
          "column": 18
        },
        "end": {
          "line": 4,
          "column": 19
        }
      }
    },
    {
      "type": {
        "label": "}",
        "beforeExpr": false,
        "startsExpr": false,
        "rightAssociative": false,
        "isLoop": false,
        "isAssign": false,
        "prefix": false,
        "postfix": false,
        "binop": null
      },
      "start": 83,
      "end": 84,
      "loc": {
        "start": {
          "line": 4,
          "column": 19
        },
        "end": {
          "line": 4,
          "column": 20
        }
      }
    },
    {
      "type": {
        "label": ";",
        "beforeExpr": true,
        "startsExpr": false,
        "rightAssociative": false,
        "isLoop": false,
        "isAssign": false,
        "prefix": false,
        "postfix": false,
        "binop": null,
        "updateContext": null
      },
      "start": 84,
      "end": 85,
      "loc": {
        "start": {
          "line": 4,
          "column": 20
        },
        "end": {
          "line": 4,
          "column": 21
        }
      }
    },
    {
      "type": {
        "label": "}",
        "beforeExpr": false,
        "startsExpr": false,
        "rightAssociative": false,
        "isLoop": false,
        "isAssign": false,
        "prefix": false,
        "postfix": false,
        "binop": null
      },
      "start": 88,
      "end": 89,
      "loc": {
        "start": {
          "line": 5,
          "column": 2
        },
        "end": {
          "line": 5,
          "column": 3
        }
      }
    },
    {
      "type": {
        "label": "name",
        "beforeExpr": false,
        "startsExpr": true,
        "rightAssociative": false,
        "isLoop": false,
        "isAssign": false,
        "prefix": false,
        "postfix": false,
        "binop": null
      },
      "value": "addNode",
      "start": 93,
      "end": 100,
      "loc": {
        "start": {
          "line": 7,
          "column": 2
        },
        "end": {
          "line": 7,
          "column": 9
        }
      }
    },
    {
      "type": {
        "label": "(",
        "beforeExpr": true,
        "startsExpr": true,
        "rightAssociative": false,
        "isLoop": false,
        "isAssign": false,
        "prefix": false,
        "postfix": false,
        "binop": null
      },
      "start": 100,
      "end": 101,
      "loc": {
        "start": {
          "line": 7,
          "column": 9
        },
        "end": {
          "line": 7,
          "column": 10
        }
      }
    },
    {
      "type": {
        "label": "name",
        "beforeExpr": false,
        "startsExpr": true,
        "rightAssociative": false,
        "isLoop": false,
        "isAssign": false,
        "prefix": false,
        "postfix": false,
        "binop": null
      },
      "value": "node",
      "start": 101,
      "end": 105,
      "loc": {
        "start": {
          "line": 7,
          "column": 10
        },
        "end": {
          "line": 7,
          "column": 14
        }
      }
    },
    {
      "type": {
        "label": ")",
        "beforeExpr": false,
        "startsExpr": false,
        "rightAssociative": false,
        "isLoop": false,
        "isAssign": false,
        "prefix": false,
        "postfix": false,
        "binop": null
      },
      "start": 105,
      "end": 106,
      "loc": {
        "start": {
          "line": 7,
          "column": 14
        },
        "end": {
          "line": 7,
          "column": 15
        }
      }
    },
    {
      "type": {
        "label": "{",
        "beforeExpr": true,
        "startsExpr": true,
        "rightAssociative": false,
        "isLoop": false,
        "isAssign": false,
        "prefix": false,
        "postfix": false,
        "binop": null
      },
      "start": 107,
      "end": 108,
      "loc": {
        "start": {
          "line": 7,
          "column": 16
        },
        "end": {
          "line": 7,
          "column": 17
        }
      }
    },
    {
      "type": {
        "label": "this",
        "keyword": "this",
        "beforeExpr": false,
        "startsExpr": true,
        "rightAssociative": false,
        "isLoop": false,
        "isAssign": false,
        "prefix": false,
        "postfix": false,
        "binop": null,
        "updateContext": null
      },
      "value": "this",
      "start": 113,
      "end": 117,
      "loc": {
        "start": {
          "line": 8,
          "column": 4
        },
        "end": {
          "line": 8,
          "column": 8
        }
      }
    },
    {
      "type": {
        "label": ".",
        "beforeExpr": false,
        "startsExpr": false,
        "rightAssociative": false,
        "isLoop": false,
        "isAssign": false,
        "prefix": false,
        "postfix": false,
        "binop": null,
        "updateContext": null
      },
      "start": 117,
      "end": 118,
      "loc": {
        "start": {
          "line": 8,
          "column": 8
        },
        "end": {
          "line": 8,
          "column": 9
        }
      }
    },
    {
      "type": {
        "label": "name",
        "beforeExpr": false,
        "startsExpr": true,
        "rightAssociative": false,
        "isLoop": false,
        "isAssign": false,
        "prefix": false,
        "postfix": false,
        "binop": null
      },
      "value": "_nodes",
      "start": 118,
      "end": 124,
      "loc": {
        "start": {
          "line": 8,
          "column": 9
        },
        "end": {
          "line": 8,
          "column": 15
        }
      }
    },
    {
      "type": {
        "label": "[",
        "beforeExpr": true,
        "startsExpr": true,
        "rightAssociative": false,
        "isLoop": false,
        "isAssign": false,
        "prefix": false,
        "postfix": false,
        "binop": null,
        "updateContext": null
      },
      "start": 124,
      "end": 125,
      "loc": {
        "start": {
          "line": 8,
          "column": 15
        },
        "end": {
          "line": 8,
          "column": 16
        }
      }
    },
    {
      "type": {
        "label": "this",
        "keyword": "this",
        "beforeExpr": false,
        "startsExpr": true,
        "rightAssociative": false,
        "isLoop": false,
        "isAssign": false,
        "prefix": false,
        "postfix": false,
        "binop": null,
        "updateContext": null
      },
      "value": "this",
      "start": 125,
      "end": 129,
      "loc": {
        "start": {
          "line": 8,
          "column": 16
        },
        "end": {
          "line": 8,
          "column": 20
        }
      }
    },
    {
      "type": {
        "label": ".",
        "beforeExpr": false,
        "startsExpr": false,
        "rightAssociative": false,
        "isLoop": false,
        "isAssign": false,
        "prefix": false,
        "postfix": false,
        "binop": null,
        "updateContext": null
      },
      "start": 129,
      "end": 130,
      "loc": {
        "start": {
          "line": 8,
          "column": 20
        },
        "end": {
          "line": 8,
          "column": 21
        }
      }
    },
    {
      "type": {
        "label": "name",
        "beforeExpr": false,
        "startsExpr": true,
        "rightAssociative": false,
        "isLoop": false,
        "isAssign": false,
        "prefix": false,
        "postfix": false,
        "binop": null
      },
      "value": "_docId",
      "start": 130,
      "end": 136,
      "loc": {
        "start": {
          "line": 8,
          "column": 21
        },
        "end": {
          "line": 8,
          "column": 27
        }
      }
    },
    {
      "type": {
        "label": "]",
        "beforeExpr": false,
        "startsExpr": false,
        "rightAssociative": false,
        "isLoop": false,
        "isAssign": false,
        "prefix": false,
        "postfix": false,
        "binop": null,
        "updateContext": null
      },
      "start": 136,
      "end": 137,
      "loc": {
        "start": {
          "line": 8,
          "column": 27
        },
        "end": {
          "line": 8,
          "column": 28
        }
      }
    },
    {
      "type": {
        "label": "=",
        "beforeExpr": true,
        "startsExpr": false,
        "rightAssociative": false,
        "isLoop": false,
        "isAssign": true,
        "prefix": false,
        "postfix": false,
        "binop": null,
        "updateContext": null
      },
      "value": "=",
      "start": 138,
      "end": 139,
      "loc": {
        "start": {
          "line": 8,
          "column": 29
        },
        "end": {
          "line": 8,
          "column": 30
        }
      }
    },
    {
      "type": {
        "label": "name",
        "beforeExpr": false,
        "startsExpr": true,
        "rightAssociative": false,
        "isLoop": false,
        "isAssign": false,
        "prefix": false,
        "postfix": false,
        "binop": null
      },
      "value": "node",
      "start": 140,
      "end": 144,
      "loc": {
        "start": {
          "line": 8,
          "column": 31
        },
        "end": {
          "line": 8,
          "column": 35
        }
      }
    },
    {
      "type": {
        "label": ";",
        "beforeExpr": true,
        "startsExpr": false,
        "rightAssociative": false,
        "isLoop": false,
        "isAssign": false,
        "prefix": false,
        "postfix": false,
        "binop": null,
        "updateContext": null
      },
      "start": 144,
      "end": 145,
      "loc": {
        "start": {
          "line": 8,
          "column": 35
        },
        "end": {
          "line": 8,
          "column": 36
        }
      }
    },
    {
      "type": {
        "label": "return",
        "keyword": "return",
        "beforeExpr": true,
        "startsExpr": false,
        "rightAssociative": false,
        "isLoop": false,
        "isAssign": false,
        "prefix": false,
        "postfix": false,
        "binop": null,
        "updateContext": null
      },
      "value": "return",
      "start": 150,
      "end": 156,
      "loc": {
        "start": {
          "line": 9,
          "column": 4
        },
        "end": {
          "line": 9,
          "column": 10
        }
      }
    },
    {
      "type": {
        "label": "this",
        "keyword": "this",
        "beforeExpr": false,
        "startsExpr": true,
        "rightAssociative": false,
        "isLoop": false,
        "isAssign": false,
        "prefix": false,
        "postfix": false,
        "binop": null,
        "updateContext": null
      },
      "value": "this",
      "start": 157,
      "end": 161,
      "loc": {
        "start": {
          "line": 9,
          "column": 11
        },
        "end": {
          "line": 9,
          "column": 15
        }
      }
    },
    {
      "type": {
        "label": ".",
        "beforeExpr": false,
        "startsExpr": false,
        "rightAssociative": false,
        "isLoop": false,
        "isAssign": false,
        "prefix": false,
        "postfix": false,
        "binop": null,
        "updateContext": null
      },
      "start": 161,
      "end": 162,
      "loc": {
        "start": {
          "line": 9,
          "column": 15
        },
        "end": {
          "line": 9,
          "column": 16
        }
      }
    },
    {
      "type": {
        "label": "name",
        "beforeExpr": false,
        "startsExpr": true,
        "rightAssociative": false,
        "isLoop": false,
        "isAssign": false,
        "prefix": false,
        "postfix": false,
        "binop": null
      },
      "value": "_docId",
      "start": 162,
      "end": 168,
      "loc": {
        "start": {
          "line": 9,
          "column": 16
        },
        "end": {
          "line": 9,
          "column": 22
        }
      }
    },
    {
      "type": {
        "label": "++/--",
        "beforeExpr": false,
        "startsExpr": true,
        "rightAssociative": false,
        "isLoop": false,
        "isAssign": false,
        "prefix": true,
        "postfix": true,
        "binop": null
      },
      "value": "++",
      "start": 168,
      "end": 170,
      "loc": {
        "start": {
          "line": 9,
          "column": 22
        },
        "end": {
          "line": 9,
          "column": 24
        }
      }
    },
    {
      "type": {
        "label": ";",
        "beforeExpr": true,
        "startsExpr": false,
        "rightAssociative": false,
        "isLoop": false,
        "isAssign": false,
        "prefix": false,
        "postfix": false,
        "binop": null,
        "updateContext": null
      },
      "start": 170,
      "end": 171,
      "loc": {
        "start": {
          "line": 9,
          "column": 24
        },
        "end": {
          "line": 9,
          "column": 25
        }
      }
    },
    {
      "type": {
        "label": "}",
        "beforeExpr": false,
        "startsExpr": false,
        "rightAssociative": false,
        "isLoop": false,
        "isAssign": false,
        "prefix": false,
        "postfix": false,
        "binop": null
      },
      "start": 174,
      "end": 175,
      "loc": {
        "start": {
          "line": 10,
          "column": 2
        },
        "end": {
          "line": 10,
          "column": 3
        }
      }
    },
    {
      "type": {
        "label": "name",
        "beforeExpr": false,
        "startsExpr": true,
        "rightAssociative": false,
        "isLoop": false,
        "isAssign": false,
        "prefix": false,
        "postfix": false,
        "binop": null
      },
      "value": "getNode",
      "start": 179,
      "end": 186,
      "loc": {
        "start": {
          "line": 12,
          "column": 2
        },
        "end": {
          "line": 12,
          "column": 9
        }
      }
    },
    {
      "type": {
        "label": "(",
        "beforeExpr": true,
        "startsExpr": true,
        "rightAssociative": false,
        "isLoop": false,
        "isAssign": false,
        "prefix": false,
        "postfix": false,
        "binop": null
      },
      "start": 186,
      "end": 187,
      "loc": {
        "start": {
          "line": 12,
          "column": 9
        },
        "end": {
          "line": 12,
          "column": 10
        }
      }
    },
    {
      "type": {
        "label": "name",
        "beforeExpr": false,
        "startsExpr": true,
        "rightAssociative": false,
        "isLoop": false,
        "isAssign": false,
        "prefix": false,
        "postfix": false,
        "binop": null
      },
      "value": "id",
      "start": 187,
      "end": 189,
      "loc": {
        "start": {
          "line": 12,
          "column": 10
        },
        "end": {
          "line": 12,
          "column": 12
        }
      }
    },
    {
      "type": {
        "label": ")",
        "beforeExpr": false,
        "startsExpr": false,
        "rightAssociative": false,
        "isLoop": false,
        "isAssign": false,
        "prefix": false,
        "postfix": false,
        "binop": null
      },
      "start": 189,
      "end": 190,
      "loc": {
        "start": {
          "line": 12,
          "column": 12
        },
        "end": {
          "line": 12,
          "column": 13
        }
      }
    },
    {
      "type": {
        "label": "{",
        "beforeExpr": true,
        "startsExpr": true,
        "rightAssociative": false,
        "isLoop": false,
        "isAssign": false,
        "prefix": false,
        "postfix": false,
        "binop": null
      },
      "start": 191,
      "end": 192,
      "loc": {
        "start": {
          "line": 12,
          "column": 14
        },
        "end": {
          "line": 12,
          "column": 15
        }
      }
    },
    {
      "type": {
        "label": "return",
        "keyword": "return",
        "beforeExpr": true,
        "startsExpr": false,
        "rightAssociative": false,
        "isLoop": false,
        "isAssign": false,
        "prefix": false,
        "postfix": false,
        "binop": null,
        "updateContext": null
      },
      "value": "return",
      "start": 197,
      "end": 203,
      "loc": {
        "start": {
          "line": 13,
          "column": 4
        },
        "end": {
          "line": 13,
          "column": 10
        }
      }
    },
    {
      "type": {
        "label": "this",
        "keyword": "this",
        "beforeExpr": false,
        "startsExpr": true,
        "rightAssociative": false,
        "isLoop": false,
        "isAssign": false,
        "prefix": false,
        "postfix": false,
        "binop": null,
        "updateContext": null
      },
      "value": "this",
      "start": 204,
      "end": 208,
      "loc": {
        "start": {
          "line": 13,
          "column": 11
        },
        "end": {
          "line": 13,
          "column": 15
        }
      }
    },
    {
      "type": {
        "label": ".",
        "beforeExpr": false,
        "startsExpr": false,
        "rightAssociative": false,
        "isLoop": false,
        "isAssign": false,
        "prefix": false,
        "postfix": false,
        "binop": null,
        "updateContext": null
      },
      "start": 208,
      "end": 209,
      "loc": {
        "start": {
          "line": 13,
          "column": 15
        },
        "end": {
          "line": 13,
          "column": 16
        }
      }
    },
    {
      "type": {
        "label": "name",
        "beforeExpr": false,
        "startsExpr": true,
        "rightAssociative": false,
        "isLoop": false,
        "isAssign": false,
        "prefix": false,
        "postfix": false,
        "binop": null
      },
      "value": "_nodes",
      "start": 209,
      "end": 215,
      "loc": {
        "start": {
          "line": 13,
          "column": 16
        },
        "end": {
          "line": 13,
          "column": 22
        }
      }
    },
    {
      "type": {
        "label": "[",
        "beforeExpr": true,
        "startsExpr": true,
        "rightAssociative": false,
        "isLoop": false,
        "isAssign": false,
        "prefix": false,
        "postfix": false,
        "binop": null,
        "updateContext": null
      },
      "start": 215,
      "end": 216,
      "loc": {
        "start": {
          "line": 13,
          "column": 22
        },
        "end": {
          "line": 13,
          "column": 23
        }
      }
    },
    {
      "type": {
        "label": "name",
        "beforeExpr": false,
        "startsExpr": true,
        "rightAssociative": false,
        "isLoop": false,
        "isAssign": false,
        "prefix": false,
        "postfix": false,
        "binop": null
      },
      "value": "id",
      "start": 216,
      "end": 218,
      "loc": {
        "start": {
          "line": 13,
          "column": 23
        },
        "end": {
          "line": 13,
          "column": 25
        }
      }
    },
    {
      "type": {
        "label": "]",
        "beforeExpr": false,
        "startsExpr": false,
        "rightAssociative": false,
        "isLoop": false,
        "isAssign": false,
        "prefix": false,
        "postfix": false,
        "binop": null,
        "updateContext": null
      },
      "start": 218,
      "end": 219,
      "loc": {
        "start": {
          "line": 13,
          "column": 25
        },
        "end": {
          "line": 13,
          "column": 26
        }
      }
    },
    {
      "type": {
        "label": ";",
        "beforeExpr": true,
        "startsExpr": false,
        "rightAssociative": false,
        "isLoop": false,
        "isAssign": false,
        "prefix": false,
        "postfix": false,
        "binop": null,
        "updateContext": null
      },
      "start": 219,
      "end": 220,
      "loc": {
        "start": {
          "line": 13,
          "column": 26
        },
        "end": {
          "line": 13,
          "column": 27
        }
      }
    },
    {
      "type": {
        "label": "}",
        "beforeExpr": false,
        "startsExpr": false,
        "rightAssociative": false,
        "isLoop": false,
        "isAssign": false,
        "prefix": false,
        "postfix": false,
        "binop": null
      },
      "start": 223,
      "end": 224,
      "loc": {
        "start": {
          "line": 14,
          "column": 2
        },
        "end": {
          "line": 14,
          "column": 3
        }
      }
    },
    {
      "type": {
        "label": "}",
        "beforeExpr": false,
        "startsExpr": false,
        "rightAssociative": false,
        "isLoop": false,
        "isAssign": false,
        "prefix": false,
        "postfix": false,
        "binop": null
      },
      "start": 225,
      "end": 226,
      "loc": {
        "start": {
          "line": 15,
          "column": 0
        },
        "end": {
          "line": 15,
          "column": 1
        }
      }
    },
    {
      "type": {
        "label": "export",
        "keyword": "export",
        "beforeExpr": false,
        "startsExpr": false,
        "rightAssociative": false,
        "isLoop": false,
        "isAssign": false,
        "prefix": false,
        "postfix": false,
        "binop": null,
        "updateContext": null
      },
      "value": "export",
      "start": 228,
      "end": 234,
      "loc": {
        "start": {
          "line": 17,
          "column": 0
        },
        "end": {
          "line": 17,
          "column": 6
        }
      }
    },
    {
      "type": {
        "label": "default",
        "keyword": "default",
        "beforeExpr": true,
        "startsExpr": false,
        "rightAssociative": false,
        "isLoop": false,
        "isAssign": false,
        "prefix": false,
        "postfix": false,
        "binop": null,
        "updateContext": null
      },
      "value": "default",
      "start": 235,
      "end": 242,
      "loc": {
        "start": {
          "line": 17,
          "column": 7
        },
        "end": {
          "line": 17,
          "column": 14
        }
      }
    },
    {
      "type": {
        "label": "new",
        "keyword": "new",
        "beforeExpr": true,
        "startsExpr": true,
        "rightAssociative": false,
        "isLoop": false,
        "isAssign": false,
        "prefix": false,
        "postfix": false,
        "binop": null,
        "updateContext": null
      },
      "value": "new",
      "start": 243,
      "end": 246,
      "loc": {
        "start": {
          "line": 17,
          "column": 15
        },
        "end": {
          "line": 17,
          "column": 18
        }
      }
    },
    {
      "type": {
        "label": "name",
        "beforeExpr": false,
        "startsExpr": true,
        "rightAssociative": false,
        "isLoop": false,
        "isAssign": false,
        "prefix": false,
        "postfix": false,
        "binop": null
      },
      "value": "ASTNodeContainer",
      "start": 247,
      "end": 263,
      "loc": {
        "start": {
          "line": 17,
          "column": 19
        },
        "end": {
          "line": 17,
          "column": 35
        }
      }
    },
    {
      "type": {
        "label": "(",
        "beforeExpr": true,
        "startsExpr": true,
        "rightAssociative": false,
        "isLoop": false,
        "isAssign": false,
        "prefix": false,
        "postfix": false,
        "binop": null
      },
      "start": 263,
      "end": 264,
      "loc": {
        "start": {
          "line": 17,
          "column": 35
        },
        "end": {
          "line": 17,
          "column": 36
        }
      }
    },
    {
      "type": {
        "label": ")",
        "beforeExpr": false,
        "startsExpr": false,
        "rightAssociative": false,
        "isLoop": false,
        "isAssign": false,
        "prefix": false,
        "postfix": false,
        "binop": null
      },
      "start": 264,
      "end": 265,
      "loc": {
        "start": {
          "line": 17,
          "column": 36
        },
        "end": {
          "line": 17,
          "column": 37
        }
      }
    },
    {
      "type": {
        "label": ";",
        "beforeExpr": true,
        "startsExpr": false,
        "rightAssociative": false,
        "isLoop": false,
        "isAssign": false,
        "prefix": false,
        "postfix": false,
        "binop": null,
        "updateContext": null
      },
      "start": 265,
      "end": 266,
      "loc": {
        "start": {
          "line": 17,
          "column": 37
        },
        "end": {
          "line": 17,
          "column": 38
        }
      }
    },
    {
      "type": {
        "label": "eof",
        "beforeExpr": false,
        "startsExpr": false,
        "rightAssociative": false,
        "isLoop": false,
        "isAssign": false,
        "prefix": false,
        "postfix": false,
        "binop": null,
        "updateContext": null
      },
      "start": 267,
      "end": 267,
      "loc": {
        "start": {
          "line": 18,
          "column": 0
        },
        "end": {
          "line": 18,
          "column": 0
        }
      }
    }
  ]
}