{
  "type": "File",
  "start": 0,
  "end": 744,
  "loc": {
    "start": {
      "line": 1,
      "column": 0
    },
    "end": {
      "line": 30,
      "column": 0
    }
  },
  "program": {
    "type": "Program",
    "start": 0,
    "end": 744,
    "loc": {
      "start": {
        "line": 1,
        "column": 0
      },
      "end": {
        "line": 30,
        "column": 0
      }
    },
    "sourceType": "module",
    "body": [
      {
        "type": "ImportDeclaration",
        "start": 0,
        "end": 41,
        "loc": {
          "start": {
            "line": 1,
            "column": 0
          },
          "end": {
            "line": 1,
            "column": 41
          }
        },
        "specifiers": [
          {
            "type": "ImportDefaultSpecifier",
            "start": 7,
            "end": 17,
            "loc": {
              "start": {
                "line": 1,
                "column": 7
              },
              "end": {
                "line": 1,
                "column": 17
              }
            },
            "local": {
              "type": "Identifier",
              "start": 7,
              "end": 17,
              "loc": {
                "start": {
                  "line": 1,
                  "column": 7
                },
                "end": {
                  "line": 1,
                  "column": 17
                },
                "identifierName": "DocBuilder"
              },
              "name": "DocBuilder"
            }
          }
        ],
        "importKind": "value",
        "source": {
          "type": "StringLiteral",
          "start": 23,
          "end": 40,
          "loc": {
            "start": {
              "line": 1,
              "column": 23
            },
            "end": {
              "line": 1,
              "column": 40
            }
          },
          "extra": {
            "rawValue": "./DocBuilder.js",
            "raw": "'./DocBuilder.js'"
          },
          "value": "./DocBuilder.js"
        },
        "trailingComments": [
          {
            "type": "CommentBlock",
            "value": "*\n * AST Output Builder class.\n ",
            "start": 43,
            "end": 79,
            "loc": {
              "start": {
                "line": 3,
                "column": 0
              },
              "end": {
                "line": 5,
                "column": 3
              }
            }
          }
        ]
      },
      {
        "type": "ExportDefaultDeclaration",
        "start": 80,
        "end": 743,
        "loc": {
          "start": {
            "line": 6,
            "column": 0
          },
          "end": {
            "line": 29,
            "column": 1
          }
        },
        "declaration": {
          "type": "ClassDeclaration",
          "start": 95,
          "end": 743,
          "loc": {
            "start": {
              "line": 6,
              "column": 15
            },
            "end": {
              "line": 29,
              "column": 1
            }
          },
          "id": {
            "type": "Identifier",
            "start": 101,
            "end": 114,
            "loc": {
              "start": {
                "line": 6,
                "column": 21
              },
              "end": {
                "line": 6,
                "column": 34
              },
              "identifierName": "ASTDocBuilder"
            },
            "name": "ASTDocBuilder",
            "leadingComments": null
          },
          "superClass": {
            "type": "Identifier",
            "start": 123,
            "end": 133,
            "loc": {
              "start": {
                "line": 6,
                "column": 43
              },
              "end": {
                "line": 6,
                "column": 53
              },
              "identifierName": "DocBuilder"
            },
            "name": "DocBuilder"
          },
          "body": {
            "type": "ClassBody",
            "start": 134,
            "end": 743,
            "loc": {
              "start": {
                "line": 6,
                "column": 54
              },
              "end": {
                "line": 29,
                "column": 1
              }
            },
            "body": [
              {
                "type": "ClassMethod",
                "start": 326,
                "end": 411,
                "loc": {
                  "start": {
                    "line": 13,
                    "column": 2
                  },
                  "end": {
                    "line": 16,
                    "column": 3
                  }
                },
                "computed": false,
                "key": {
                  "type": "Identifier",
                  "start": 326,
                  "end": 337,
                  "loc": {
                    "start": {
                      "line": 13,
                      "column": 2
                    },
                    "end": {
                      "line": 13,
                      "column": 13
                    },
                    "identifierName": "constructor"
                  },
                  "name": "constructor",
                  "leadingComments": null
                },
                "static": false,
                "kind": "constructor",
                "id": null,
                "generator": false,
                "expression": false,
                "async": false,
                "params": [
                  {
                    "type": "Identifier",
                    "start": 338,
                    "end": 342,
                    "loc": {
                      "start": {
                        "line": 13,
                        "column": 14
                      },
                      "end": {
                        "line": 13,
                        "column": 18
                      },
                      "identifierName": "data"
                    },
                    "name": "data"
                  },
                  {
                    "type": "Identifier",
                    "start": 344,
                    "end": 348,
                    "loc": {
                      "start": {
                        "line": 13,
                        "column": 20
                      },
                      "end": {
                        "line": 13,
                        "column": 24
                      },
                      "identifierName": "asts"
                    },
                    "name": "asts"
                  },
                  {
                    "type": "Identifier",
                    "start": 350,
                    "end": 356,
                    "loc": {
                      "start": {
                        "line": 13,
                        "column": 26
                      },
                      "end": {
                        "line": 13,
                        "column": 32
                      },
                      "identifierName": "config"
                    },
                    "name": "config"
                  }
                ],
                "body": {
                  "type": "BlockStatement",
                  "start": 358,
                  "end": 411,
                  "loc": {
                    "start": {
                      "line": 13,
                      "column": 34
                    },
                    "end": {
                      "line": 16,
                      "column": 3
                    }
                  },
                  "body": [
                    {
                      "type": "ExpressionStatement",
                      "start": 364,
                      "end": 384,
                      "loc": {
                        "start": {
                          "line": 14,
                          "column": 4
                        },
                        "end": {
                          "line": 14,
                          "column": 24
                        }
                      },
                      "expression": {
                        "type": "CallExpression",
                        "start": 364,
                        "end": 383,
                        "loc": {
                          "start": {
                            "line": 14,
                            "column": 4
                          },
                          "end": {
                            "line": 14,
                            "column": 23
                          }
                        },
                        "callee": {
                          "type": "Super",
                          "start": 364,
                          "end": 369,
                          "loc": {
                            "start": {
                              "line": 14,
                              "column": 4
                            },
                            "end": {
                              "line": 14,
                              "column": 9
                            }
                          }
                        },
                        "arguments": [
                          {
                            "type": "Identifier",
                            "start": 370,
                            "end": 374,
                            "loc": {
                              "start": {
                                "line": 14,
                                "column": 10
                              },
                              "end": {
                                "line": 14,
                                "column": 14
                              },
                              "identifierName": "data"
                            },
                            "name": "data"
                          },
                          {
                            "type": "Identifier",
                            "start": 376,
                            "end": 382,
                            "loc": {
                              "start": {
                                "line": 14,
                                "column": 16
                              },
                              "end": {
                                "line": 14,
                                "column": 22
                              },
                              "identifierName": "config"
                            },
                            "name": "config"
                          }
                        ]
                      }
                    },
                    {
                      "type": "ExpressionStatement",
                      "start": 389,
                      "end": 407,
                      "loc": {
                        "start": {
                          "line": 15,
                          "column": 4
                        },
                        "end": {
                          "line": 15,
                          "column": 22
                        }
                      },
                      "expression": {
                        "type": "AssignmentExpression",
                        "start": 389,
                        "end": 406,
                        "loc": {
                          "start": {
                            "line": 15,
                            "column": 4
                          },
                          "end": {
                            "line": 15,
                            "column": 21
                          }
                        },
                        "operator": "=",
                        "left": {
                          "type": "MemberExpression",
                          "start": 389,
                          "end": 399,
                          "loc": {
                            "start": {
                              "line": 15,
                              "column": 4
                            },
                            "end": {
                              "line": 15,
                              "column": 14
                            }
                          },
                          "object": {
                            "type": "ThisExpression",
                            "start": 389,
                            "end": 393,
                            "loc": {
                              "start": {
                                "line": 15,
                                "column": 4
                              },
                              "end": {
                                "line": 15,
                                "column": 8
                              }
                            }
                          },
                          "property": {
                            "type": "Identifier",
                            "start": 394,
                            "end": 399,
                            "loc": {
                              "start": {
                                "line": 15,
                                "column": 9
                              },
                              "end": {
                                "line": 15,
                                "column": 14
                              },
                              "identifierName": "_asts"
                            },
                            "name": "_asts"
                          },
                          "computed": false
                        },
                        "right": {
                          "type": "Identifier",
                          "start": 402,
                          "end": 406,
                          "loc": {
                            "start": {
                              "line": 15,
                              "column": 17
                            },
                            "end": {
                              "line": 15,
                              "column": 21
                            },
                            "identifierName": "asts"
                          },
                          "name": "asts"
                        }
                      }
                    }
                  ],
                  "directives": [],
                  "trailingComments": null
                },
                "leadingComments": [
                  {
                    "type": "CommentBlock",
                    "value": "*\n   * create instance.\n   * @param {Taffy} data - doc comment database.\n   * @param {AST[]} asts - all source code ASTs.\n   * @param {ESDocConfig} config - ESDoc config object.\n   ",
                    "start": 138,
                    "end": 323,
                    "loc": {
                      "start": {
                        "line": 7,
                        "column": 2
                      },
                      "end": {
                        "line": 12,
                        "column": 5
                      }
                    }
                  }
                ],
                "trailingComments": [
                  {
                    "type": "CommentBlock",
                    "value": "*\n   * execute building output.\n   * @param {function(ast: string, filePath: string)} callback - is called each asts.\n   ",
                    "start": 415,
                    "end": 540,
                    "loc": {
                      "start": {
                        "line": 18,
                        "column": 2
                      },
                      "end": {
                        "line": 21,
                        "column": 5
                      }
                    }
                  }
                ]
              },
              {
                "type": "ClassMethod",
                "start": 543,
                "end": 741,
                "loc": {
                  "start": {
                    "line": 22,
                    "column": 2
                  },
                  "end": {
                    "line": 28,
                    "column": 3
                  }
                },
                "computed": false,
                "key": {
                  "type": "Identifier",
                  "start": 543,
                  "end": 547,
                  "loc": {
                    "start": {
                      "line": 22,
                      "column": 2
                    },
                    "end": {
                      "line": 22,
                      "column": 6
                    },
                    "identifierName": "exec"
                  },
                  "name": "exec",
                  "leadingComments": null
                },
                "static": false,
                "kind": "method",
                "id": null,
                "generator": false,
                "expression": false,
                "async": false,
                "params": [
                  {
                    "type": "Identifier",
                    "start": 548,
                    "end": 556,
                    "loc": {
                      "start": {
                        "line": 22,
                        "column": 7
                      },
                      "end": {
                        "line": 22,
                        "column": 15
                      },
                      "identifierName": "callback"
                    },
                    "name": "callback"
                  }
                ],
                "body": {
                  "type": "BlockStatement",
                  "start": 558,
                  "end": 741,
                  "loc": {
                    "start": {
                      "line": 22,
                      "column": 17
                    },
                    "end": {
                      "line": 28,
                      "column": 3
                    }
                  },
                  "body": [
                    {
                      "type": "ForOfStatement",
                      "start": 564,
                      "end": 737,
                      "loc": {
                        "start": {
                          "line": 23,
                          "column": 4
                        },
                        "end": {
                          "line": 27,
                          "column": 5
                        }
                      },
                      "left": {
                        "type": "VariableDeclaration",
                        "start": 569,
                        "end": 578,
                        "loc": {
                          "start": {
                            "line": 23,
                            "column": 9
                          },
                          "end": {
                            "line": 23,
                            "column": 18
                          }
                        },
                        "declarations": [
                          {
                            "type": "VariableDeclarator",
                            "start": 575,
                            "end": 578,
                            "loc": {
                              "start": {
                                "line": 23,
                                "column": 15
                              },
                              "end": {
                                "line": 23,
                                "column": 18
                              }
                            },
                            "id": {
                              "type": "Identifier",
                              "start": 575,
                              "end": 578,
                              "loc": {
                                "start": {
                                  "line": 23,
                                  "column": 15
                                },
                                "end": {
                                  "line": 23,
                                  "column": 18
                                },
                                "identifierName": "ast"
                              },
                              "name": "ast"
                            },
                            "init": null
                          }
                        ],
                        "kind": "const"
                      },
                      "right": {
                        "type": "MemberExpression",
                        "start": 582,
                        "end": 592,
                        "loc": {
                          "start": {
                            "line": 23,
                            "column": 22
                          },
                          "end": {
                            "line": 23,
                            "column": 32
                          }
                        },
                        "object": {
                          "type": "ThisExpression",
                          "start": 582,
                          "end": 586,
                          "loc": {
                            "start": {
                              "line": 23,
                              "column": 22
                            },
                            "end": {
                              "line": 23,
                              "column": 26
                            }
                          }
                        },
                        "property": {
                          "type": "Identifier",
                          "start": 587,
                          "end": 592,
                          "loc": {
                            "start": {
                              "line": 23,
                              "column": 27
                            },
                            "end": {
                              "line": 23,
                              "column": 32
                            },
                            "identifierName": "_asts"
                          },
                          "name": "_asts"
                        },
                        "computed": false
                      },
                      "body": {
                        "type": "BlockStatement",
                        "start": 594,
                        "end": 737,
                        "loc": {
                          "start": {
                            "line": 23,
                            "column": 34
                          },
                          "end": {
                            "line": 27,
                            "column": 5
                          }
                        },
                        "body": [
                          {
                            "type": "VariableDeclaration",
                            "start": 602,
                            "end": 648,
                            "loc": {
                              "start": {
                                "line": 24,
                                "column": 6
                              },
                              "end": {
                                "line": 24,
                                "column": 52
                              }
                            },
                            "declarations": [
                              {
                                "type": "VariableDeclarator",
                                "start": 608,
                                "end": 647,
                                "loc": {
                                  "start": {
                                    "line": 24,
                                    "column": 12
                                  },
                                  "end": {
                                    "line": 24,
                                    "column": 51
                                  }
                                },
                                "id": {
                                  "type": "Identifier",
                                  "start": 608,
                                  "end": 612,
                                  "loc": {
                                    "start": {
                                      "line": 24,
                                      "column": 12
                                    },
                                    "end": {
                                      "line": 24,
                                      "column": 16
                                    },
                                    "identifierName": "json"
                                  },
                                  "name": "json"
                                },
                                "init": {
                                  "type": "CallExpression",
                                  "start": 615,
                                  "end": 647,
                                  "loc": {
                                    "start": {
                                      "line": 24,
                                      "column": 19
                                    },
                                    "end": {
                                      "line": 24,
                                      "column": 51
                                    }
                                  },
                                  "callee": {
                                    "type": "MemberExpression",
                                    "start": 615,
                                    "end": 629,
                                    "loc": {
                                      "start": {
                                        "line": 24,
                                        "column": 19
                                      },
                                      "end": {
                                        "line": 24,
                                        "column": 33
                                      }
                                    },
                                    "object": {
                                      "type": "Identifier",
                                      "start": 615,
                                      "end": 619,
                                      "loc": {
                                        "start": {
                                          "line": 24,
                                          "column": 19
                                        },
                                        "end": {
                                          "line": 24,
                                          "column": 23
                                        },
                                        "identifierName": "JSON"
                                      },
                                      "name": "JSON"
                                    },
                                    "property": {
                                      "type": "Identifier",
                                      "start": 620,
                                      "end": 629,
                                      "loc": {
                                        "start": {
                                          "line": 24,
                                          "column": 24
                                        },
                                        "end": {
                                          "line": 24,
                                          "column": 33
                                        },
                                        "identifierName": "stringify"
                                      },
                                      "name": "stringify"
                                    },
                                    "computed": false
                                  },
                                  "arguments": [
                                    {
                                      "type": "MemberExpression",
                                      "start": 630,
                                      "end": 637,
                                      "loc": {
                                        "start": {
                                          "line": 24,
                                          "column": 34
                                        },
                                        "end": {
                                          "line": 24,
                                          "column": 41
                                        }
                                      },
                                      "object": {
                                        "type": "Identifier",
                                        "start": 630,
                                        "end": 633,
                                        "loc": {
                                          "start": {
                                            "line": 24,
                                            "column": 34
                                          },
                                          "end": {
                                            "line": 24,
                                            "column": 37
                                          },
                                          "identifierName": "ast"
                                        },
                                        "name": "ast"
                                      },
                                      "property": {
                                        "type": "Identifier",
                                        "start": 634,
                                        "end": 637,
                                        "loc": {
                                          "start": {
                                            "line": 24,
                                            "column": 38
                                          },
                                          "end": {
                                            "line": 24,
                                            "column": 41
                                          },
                                          "identifierName": "ast"
                                        },
                                        "name": "ast"
                                      },
                                      "computed": false
                                    },
                                    {
                                      "type": "NullLiteral",
                                      "start": 639,
                                      "end": 643,
                                      "loc": {
                                        "start": {
                                          "line": 24,
                                          "column": 43
                                        },
                                        "end": {
                                          "line": 24,
                                          "column": 47
                                        }
                                      }
                                    },
                                    {
                                      "type": "NumericLiteral",
                                      "start": 645,
                                      "end": 646,
                                      "loc": {
                                        "start": {
                                          "line": 24,
                                          "column": 49
                                        },
                                        "end": {
                                          "line": 24,
                                          "column": 50
                                        }
                                      },
                                      "extra": {
                                        "rawValue": 2,
                                        "raw": "2"
                                      },
                                      "value": 2
                                    }
                                  ]
                                }
                              }
                            ],
                            "kind": "const"
                          },
                          {
                            "type": "VariableDeclaration",
                            "start": 655,
                            "end": 699,
                            "loc": {
                              "start": {
                                "line": 25,
                                "column": 6
                              },
                              "end": {
                                "line": 25,
                                "column": 50
                              }
                            },
                            "declarations": [
                              {
                                "type": "VariableDeclarator",
                                "start": 661,
                                "end": 698,
                                "loc": {
                                  "start": {
                                    "line": 25,
                                    "column": 12
                                  },
                                  "end": {
                                    "line": 25,
                                    "column": 49
                                  }
                                },
                                "id": {
                                  "type": "Identifier",
                                  "start": 661,
                                  "end": 669,
                                  "loc": {
                                    "start": {
                                      "line": 25,
                                      "column": 12
                                    },
                                    "end": {
                                      "line": 25,
                                      "column": 20
                                    },
                                    "identifierName": "filePath"
                                  },
                                  "name": "filePath"
                                },
                                "init": {
                                  "type": "TemplateLiteral",
                                  "start": 672,
                                  "end": 698,
                                  "loc": {
                                    "start": {
                                      "line": 25,
                                      "column": 23
                                    },
                                    "end": {
                                      "line": 25,
                                      "column": 49
                                    }
                                  },
                                  "expressions": [
                                    {
                                      "type": "MemberExpression",
                                      "start": 679,
                                      "end": 691,
                                      "loc": {
                                        "start": {
                                          "line": 25,
                                          "column": 30
                                        },
                                        "end": {
                                          "line": 25,
                                          "column": 42
                                        }
                                      },
                                      "object": {
                                        "type": "Identifier",
                                        "start": 679,
                                        "end": 682,
                                        "loc": {
                                          "start": {
                                            "line": 25,
                                            "column": 30
                                          },
                                          "end": {
                                            "line": 25,
                                            "column": 33
                                          },
                                          "identifierName": "ast"
                                        },
                                        "name": "ast"
                                      },
                                      "property": {
                                        "type": "Identifier",
                                        "start": 683,
                                        "end": 691,
                                        "loc": {
                                          "start": {
                                            "line": 25,
                                            "column": 34
                                          },
                                          "end": {
                                            "line": 25,
                                            "column": 42
                                          },
                                          "identifierName": "filePath"
                                        },
                                        "name": "filePath"
                                      },
                                      "computed": false
                                    }
                                  ],
                                  "quasis": [
                                    {
                                      "type": "TemplateElement",
                                      "start": 673,
                                      "end": 677,
                                      "loc": {
                                        "start": {
                                          "line": 25,
                                          "column": 24
                                        },
                                        "end": {
                                          "line": 25,
                                          "column": 28
                                        }
                                      },
                                      "value": {
                                        "raw": "ast/",
                                        "cooked": "ast/"
                                      },
                                      "tail": false
                                    },
                                    {
                                      "type": "TemplateElement",
                                      "start": 692,
                                      "end": 697,
                                      "loc": {
                                        "start": {
                                          "line": 25,
                                          "column": 43
                                        },
                                        "end": {
                                          "line": 25,
                                          "column": 48
                                        }
                                      },
                                      "value": {
                                        "raw": ".json",
                                        "cooked": ".json"
                                      },
                                      "tail": true
                                    }
                                  ]
                                }
                              }
                            ],
                            "kind": "const"
                          },
                          {
                            "type": "ExpressionStatement",
                            "start": 706,
                            "end": 731,
                            "loc": {
                              "start": {
                                "line": 26,
                                "column": 6
                              },
                              "end": {
                                "line": 26,
                                "column": 31
                              }
                            },
                            "expression": {
                              "type": "CallExpression",
                              "start": 706,
                              "end": 730,
                              "loc": {
                                "start": {
                                  "line": 26,
                                  "column": 6
                                },
                                "end": {
                                  "line": 26,
                                  "column": 30
                                }
                              },
                              "callee": {
                                "type": "Identifier",
                                "start": 706,
                                "end": 714,
                                "loc": {
                                  "start": {
                                    "line": 26,
                                    "column": 6
                                  },
                                  "end": {
                                    "line": 26,
                                    "column": 14
                                  },
                                  "identifierName": "callback"
                                },
                                "name": "callback"
                              },
                              "arguments": [
                                {
                                  "type": "Identifier",
                                  "start": 715,
                                  "end": 719,
                                  "loc": {
                                    "start": {
                                      "line": 26,
                                      "column": 15
                                    },
                                    "end": {
                                      "line": 26,
                                      "column": 19
                                    },
                                    "identifierName": "json"
                                  },
                                  "name": "json"
                                },
                                {
                                  "type": "Identifier",
                                  "start": 721,
                                  "end": 729,
                                  "loc": {
                                    "start": {
                                      "line": 26,
                                      "column": 21
                                    },
                                    "end": {
                                      "line": 26,
                                      "column": 29
                                    },
                                    "identifierName": "filePath"
                                  },
                                  "name": "filePath"
                                }
                              ]
                            }
                          }
                        ],
                        "directives": []
                      }
                    }
                  ],
                  "directives": []
                },
                "leadingComments": [
                  {
                    "type": "CommentBlock",
                    "value": "*\n   * execute building output.\n   * @param {function(ast: string, filePath: string)} callback - is called each asts.\n   ",
                    "start": 415,
                    "end": 540,
                    "loc": {
                      "start": {
                        "line": 18,
                        "column": 2
                      },
                      "end": {
                        "line": 21,
                        "column": 5
                      }
                    }
                  }
                ]
              }
            ]
          },
          "leadingComments": [
            {
              "type": "CommentBlock",
              "value": "*\n * AST Output Builder class.\n ",
              "start": 43,
              "end": 79,
              "loc": {
                "start": {
                  "line": 3,
                  "column": 0
                },
                "end": {
                  "line": 5,
                  "column": 3
                }
              }
            }
          ],
          "trailingComments": []
        },
        "leadingComments": [
          {
            "type": "CommentBlock",
            "value": "*\n * AST Output Builder class.\n ",
            "start": 43,
            "end": 79,
            "loc": {
              "start": {
                "line": 3,
                "column": 0
              },
              "end": {
                "line": 5,
                "column": 3
              }
            }
          }
        ]
      }
    ],
    "directives": []
  },
  "comments": [
    {
      "type": "CommentBlock",
      "value": "*\n * AST Output Builder class.\n ",
      "start": 43,
      "end": 79,
      "loc": {
        "start": {
          "line": 3,
          "column": 0
        },
        "end": {
          "line": 5,
          "column": 3
        }
      }
    },
    {
      "type": "CommentBlock",
      "value": "*\n   * create instance.\n   * @param {Taffy} data - doc comment database.\n   * @param {AST[]} asts - all source code ASTs.\n   * @param {ESDocConfig} config - ESDoc config object.\n   ",
      "start": 138,
      "end": 323,
      "loc": {
        "start": {
          "line": 7,
          "column": 2
        },
        "end": {
          "line": 12,
          "column": 5
        }
      }
    },
    {
      "type": "CommentBlock",
      "value": "*\n   * execute building output.\n   * @param {function(ast: string, filePath: string)} callback - is called each asts.\n   ",
      "start": 415,
      "end": 540,
      "loc": {
        "start": {
          "line": 18,
          "column": 2
        },
        "end": {
          "line": 21,
          "column": 5
        }
      }
    }
  ],
  "tokens": [
    {
      "type": {
        "label": "import",
        "keyword": "import",
        "beforeExpr": false,
        "startsExpr": false,
        "rightAssociative": false,
        "isLoop": false,
        "isAssign": false,
        "prefix": false,
        "postfix": false,
        "binop": null,
        "updateContext": null
      },
      "value": "import",
      "start": 0,
      "end": 6,
      "loc": {
        "start": {
          "line": 1,
          "column": 0
        },
        "end": {
          "line": 1,
          "column": 6
        }
      }
    },
    {
      "type": {
        "label": "name",
        "beforeExpr": false,
        "startsExpr": true,
        "rightAssociative": false,
        "isLoop": false,
        "isAssign": false,
        "prefix": false,
        "postfix": false,
        "binop": null
      },
      "value": "DocBuilder",
      "start": 7,
      "end": 17,
      "loc": {
        "start": {
          "line": 1,
          "column": 7
        },
        "end": {
          "line": 1,
          "column": 17
        }
      }
    },
    {
      "type": {
        "label": "name",
        "beforeExpr": false,
        "startsExpr": true,
        "rightAssociative": false,
        "isLoop": false,
        "isAssign": false,
        "prefix": false,
        "postfix": false,
        "binop": null
      },
      "value": "from",
      "start": 18,
      "end": 22,
      "loc": {
        "start": {
          "line": 1,
          "column": 18
        },
        "end": {
          "line": 1,
          "column": 22
        }
      }
    },
    {
      "type": {
        "label": "string",
        "beforeExpr": false,
        "startsExpr": true,
        "rightAssociative": false,
        "isLoop": false,
        "isAssign": false,
        "prefix": false,
        "postfix": false,
        "binop": null,
        "updateContext": null
      },
      "value": "./DocBuilder.js",
      "start": 23,
      "end": 40,
      "loc": {
        "start": {
          "line": 1,
          "column": 23
        },
        "end": {
          "line": 1,
          "column": 40
        }
      }
    },
    {
      "type": {
        "label": ";",
        "beforeExpr": true,
        "startsExpr": false,
        "rightAssociative": false,
        "isLoop": false,
        "isAssign": false,
        "prefix": false,
        "postfix": false,
        "binop": null,
        "updateContext": null
      },
      "start": 40,
      "end": 41,
      "loc": {
        "start": {
          "line": 1,
          "column": 40
        },
        "end": {
          "line": 1,
          "column": 41
        }
      }
    },
    {
      "type": "CommentBlock",
      "value": "*\n * AST Output Builder class.\n ",
      "start": 43,
      "end": 79,
      "loc": {
        "start": {
          "line": 3,
          "column": 0
        },
        "end": {
          "line": 5,
          "column": 3
        }
      }
    },
    {
      "type": {
        "label": "export",
        "keyword": "export",
        "beforeExpr": false,
        "startsExpr": false,
        "rightAssociative": false,
        "isLoop": false,
        "isAssign": false,
        "prefix": false,
        "postfix": false,
        "binop": null,
        "updateContext": null
      },
      "value": "export",
      "start": 80,
      "end": 86,
      "loc": {
        "start": {
          "line": 6,
          "column": 0
        },
        "end": {
          "line": 6,
          "column": 6
        }
      }
    },
    {
      "type": {
        "label": "default",
        "keyword": "default",
        "beforeExpr": true,
        "startsExpr": false,
        "rightAssociative": false,
        "isLoop": false,
        "isAssign": false,
        "prefix": false,
        "postfix": false,
        "binop": null,
        "updateContext": null
      },
      "value": "default",
      "start": 87,
      "end": 94,
      "loc": {
        "start": {
          "line": 6,
          "column": 7
        },
        "end": {
          "line": 6,
          "column": 14
        }
      }
    },
    {
      "type": {
        "label": "class",
        "keyword": "class",
        "beforeExpr": false,
        "startsExpr": false,
        "rightAssociative": false,
        "isLoop": false,
        "isAssign": false,
        "prefix": false,
        "postfix": false,
        "binop": null,
        "updateContext": null
      },
      "value": "class",
      "start": 95,
      "end": 100,
      "loc": {
        "start": {
          "line": 6,
          "column": 15
        },
        "end": {
          "line": 6,
          "column": 20
        }
      }
    },
    {
      "type": {
        "label": "name",
        "beforeExpr": false,
        "startsExpr": true,
        "rightAssociative": false,
        "isLoop": false,
        "isAssign": false,
        "prefix": false,
        "postfix": false,
        "binop": null
      },
      "value": "ASTDocBuilder",
      "start": 101,
      "end": 114,
      "loc": {
        "start": {
          "line": 6,
          "column": 21
        },
        "end": {
          "line": 6,
          "column": 34
        }
      }
    },
    {
      "type": {
        "label": "extends",
        "keyword": "extends",
        "beforeExpr": true,
        "startsExpr": false,
        "rightAssociative": false,
        "isLoop": false,
        "isAssign": false,
        "prefix": false,
        "postfix": false,
        "binop": null,
        "updateContext": null
      },
      "value": "extends",
      "start": 115,
      "end": 122,
      "loc": {
        "start": {
          "line": 6,
          "column": 35
        },
        "end": {
          "line": 6,
          "column": 42
        }
      }
    },
    {
      "type": {
        "label": "name",
        "beforeExpr": false,
        "startsExpr": true,
        "rightAssociative": false,
        "isLoop": false,
        "isAssign": false,
        "prefix": false,
        "postfix": false,
        "binop": null
      },
      "value": "DocBuilder",
      "start": 123,
      "end": 133,
      "loc": {
        "start": {
          "line": 6,
          "column": 43
        },
        "end": {
          "line": 6,
          "column": 53
        }
      }
    },
    {
      "type": {
        "label": "{",
        "beforeExpr": true,
        "startsExpr": true,
        "rightAssociative": false,
        "isLoop": false,
        "isAssign": false,
        "prefix": false,
        "postfix": false,
        "binop": null
      },
      "start": 134,
      "end": 135,
      "loc": {
        "start": {
          "line": 6,
          "column": 54
        },
        "end": {
          "line": 6,
          "column": 55
        }
      }
    },
    {
      "type": "CommentBlock",
      "value": "*\n   * create instance.\n   * @param {Taffy} data - doc comment database.\n   * @param {AST[]} asts - all source code ASTs.\n   * @param {ESDocConfig} config - ESDoc config object.\n   ",
      "start": 138,
      "end": 323,
      "loc": {
        "start": {
          "line": 7,
          "column": 2
        },
        "end": {
          "line": 12,
          "column": 5
        }
      }
    },
    {
      "type": {
        "label": "name",
        "beforeExpr": false,
        "startsExpr": true,
        "rightAssociative": false,
        "isLoop": false,
        "isAssign": false,
        "prefix": false,
        "postfix": false,
        "binop": null
      },
      "value": "constructor",
      "start": 326,
      "end": 337,
      "loc": {
        "start": {
          "line": 13,
          "column": 2
        },
        "end": {
          "line": 13,
          "column": 13
        }
      }
    },
    {
      "type": {
        "label": "(",
        "beforeExpr": true,
        "startsExpr": true,
        "rightAssociative": false,
        "isLoop": false,
        "isAssign": false,
        "prefix": false,
        "postfix": false,
        "binop": null
      },
      "start": 337,
      "end": 338,
      "loc": {
        "start": {
          "line": 13,
          "column": 13
        },
        "end": {
          "line": 13,
          "column": 14
        }
      }
    },
    {
      "type": {
        "label": "name",
        "beforeExpr": false,
        "startsExpr": true,
        "rightAssociative": false,
        "isLoop": false,
        "isAssign": false,
        "prefix": false,
        "postfix": false,
        "binop": null
      },
      "value": "data",
      "start": 338,
      "end": 342,
      "loc": {
        "start": {
          "line": 13,
          "column": 14
        },
        "end": {
          "line": 13,
          "column": 18
        }
      }
    },
    {
      "type": {
        "label": ",",
        "beforeExpr": true,
        "startsExpr": false,
        "rightAssociative": false,
        "isLoop": false,
        "isAssign": false,
        "prefix": false,
        "postfix": false,
        "binop": null,
        "updateContext": null
      },
      "start": 342,
      "end": 343,
      "loc": {
        "start": {
          "line": 13,
          "column": 18
        },
        "end": {
          "line": 13,
          "column": 19
        }
      }
    },
    {
      "type": {
        "label": "name",
        "beforeExpr": false,
        "startsExpr": true,
        "rightAssociative": false,
        "isLoop": false,
        "isAssign": false,
        "prefix": false,
        "postfix": false,
        "binop": null
      },
      "value": "asts",
      "start": 344,
      "end": 348,
      "loc": {
        "start": {
          "line": 13,
          "column": 20
        },
        "end": {
          "line": 13,
          "column": 24
        }
      }
    },
    {
      "type": {
        "label": ",",
        "beforeExpr": true,
        "startsExpr": false,
        "rightAssociative": false,
        "isLoop": false,
        "isAssign": false,
        "prefix": false,
        "postfix": false,
        "binop": null,
        "updateContext": null
      },
      "start": 348,
      "end": 349,
      "loc": {
        "start": {
          "line": 13,
          "column": 24
        },
        "end": {
          "line": 13,
          "column": 25
        }
      }
    },
    {
      "type": {
        "label": "name",
        "beforeExpr": false,
        "startsExpr": true,
        "rightAssociative": false,
        "isLoop": false,
        "isAssign": false,
        "prefix": false,
        "postfix": false,
        "binop": null
      },
      "value": "config",
      "start": 350,
      "end": 356,
      "loc": {
        "start": {
          "line": 13,
          "column": 26
        },
        "end": {
          "line": 13,
          "column": 32
        }
      }
    },
    {
      "type": {
        "label": ")",
        "beforeExpr": false,
        "startsExpr": false,
        "rightAssociative": false,
        "isLoop": false,
        "isAssign": false,
        "prefix": false,
        "postfix": false,
        "binop": null
      },
      "start": 356,
      "end": 357,
      "loc": {
        "start": {
          "line": 13,
          "column": 32
        },
        "end": {
          "line": 13,
          "column": 33
        }
      }
    },
    {
      "type": {
        "label": "{",
        "beforeExpr": true,
        "startsExpr": true,
        "rightAssociative": false,
        "isLoop": false,
        "isAssign": false,
        "prefix": false,
        "postfix": false,
        "binop": null
      },
      "start": 358,
      "end": 359,
      "loc": {
        "start": {
          "line": 13,
          "column": 34
        },
        "end": {
          "line": 13,
          "column": 35
        }
      }
    },
    {
      "type": {
        "label": "super",
        "keyword": "super",
        "beforeExpr": false,
        "startsExpr": true,
        "rightAssociative": false,
        "isLoop": false,
        "isAssign": false,
        "prefix": false,
        "postfix": false,
        "binop": null,
        "updateContext": null
      },
      "value": "super",
      "start": 364,
      "end": 369,
      "loc": {
        "start": {
          "line": 14,
          "column": 4
        },
        "end": {
          "line": 14,
          "column": 9
        }
      }
    },
    {
      "type": {
        "label": "(",
        "beforeExpr": true,
        "startsExpr": true,
        "rightAssociative": false,
        "isLoop": false,
        "isAssign": false,
        "prefix": false,
        "postfix": false,
        "binop": null
      },
      "start": 369,
      "end": 370,
      "loc": {
        "start": {
          "line": 14,
          "column": 9
        },
        "end": {
          "line": 14,
          "column": 10
        }
      }
    },
    {
      "type": {
        "label": "name",
        "beforeExpr": false,
        "startsExpr": true,
        "rightAssociative": false,
        "isLoop": false,
        "isAssign": false,
        "prefix": false,
        "postfix": false,
        "binop": null
      },
      "value": "data",
      "start": 370,
      "end": 374,
      "loc": {
        "start": {
          "line": 14,
          "column": 10
        },
        "end": {
          "line": 14,
          "column": 14
        }
      }
    },
    {
      "type": {
        "label": ",",
        "beforeExpr": true,
        "startsExpr": false,
        "rightAssociative": false,
        "isLoop": false,
        "isAssign": false,
        "prefix": false,
        "postfix": false,
        "binop": null,
        "updateContext": null
      },
      "start": 374,
      "end": 375,
      "loc": {
        "start": {
          "line": 14,
          "column": 14
        },
        "end": {
          "line": 14,
          "column": 15
        }
      }
    },
    {
      "type": {
        "label": "name",
        "beforeExpr": false,
        "startsExpr": true,
        "rightAssociative": false,
        "isLoop": false,
        "isAssign": false,
        "prefix": false,
        "postfix": false,
        "binop": null
      },
      "value": "config",
      "start": 376,
      "end": 382,
      "loc": {
        "start": {
          "line": 14,
          "column": 16
        },
        "end": {
          "line": 14,
          "column": 22
        }
      }
    },
    {
      "type": {
        "label": ")",
        "beforeExpr": false,
        "startsExpr": false,
        "rightAssociative": false,
        "isLoop": false,
        "isAssign": false,
        "prefix": false,
        "postfix": false,
        "binop": null
      },
      "start": 382,
      "end": 383,
      "loc": {
        "start": {
          "line": 14,
          "column": 22
        },
        "end": {
          "line": 14,
          "column": 23
        }
      }
    },
    {
      "type": {
        "label": ";",
        "beforeExpr": true,
        "startsExpr": false,
        "rightAssociative": false,
        "isLoop": false,
        "isAssign": false,
        "prefix": false,
        "postfix": false,
        "binop": null,
        "updateContext": null
      },
      "start": 383,
      "end": 384,
      "loc": {
        "start": {
          "line": 14,
          "column": 23
        },
        "end": {
          "line": 14,
          "column": 24
        }
      }
    },
    {
      "type": {
        "label": "this",
        "keyword": "this",
        "beforeExpr": false,
        "startsExpr": true,
        "rightAssociative": false,
        "isLoop": false,
        "isAssign": false,
        "prefix": false,
        "postfix": false,
        "binop": null,
        "updateContext": null
      },
      "value": "this",
      "start": 389,
      "end": 393,
      "loc": {
        "start": {
          "line": 15,
          "column": 4
        },
        "end": {
          "line": 15,
          "column": 8
        }
      }
    },
    {
      "type": {
        "label": ".",
        "beforeExpr": false,
        "startsExpr": false,
        "rightAssociative": false,
        "isLoop": false,
        "isAssign": false,
        "prefix": false,
        "postfix": false,
        "binop": null,
        "updateContext": null
      },
      "start": 393,
      "end": 394,
      "loc": {
        "start": {
          "line": 15,
          "column": 8
        },
        "end": {
          "line": 15,
          "column": 9
        }
      }
    },
    {
      "type": {
        "label": "name",
        "beforeExpr": false,
        "startsExpr": true,
        "rightAssociative": false,
        "isLoop": false,
        "isAssign": false,
        "prefix": false,
        "postfix": false,
        "binop": null
      },
      "value": "_asts",
      "start": 394,
      "end": 399,
      "loc": {
        "start": {
          "line": 15,
          "column": 9
        },
        "end": {
          "line": 15,
          "column": 14
        }
      }
    },
    {
      "type": {
        "label": "=",
        "beforeExpr": true,
        "startsExpr": false,
        "rightAssociative": false,
        "isLoop": false,
        "isAssign": true,
        "prefix": false,
        "postfix": false,
        "binop": null,
        "updateContext": null
      },
      "value": "=",
      "start": 400,
      "end": 401,
      "loc": {
        "start": {
          "line": 15,
          "column": 15
        },
        "end": {
          "line": 15,
          "column": 16
        }
      }
    },
    {
      "type": {
        "label": "name",
        "beforeExpr": false,
        "startsExpr": true,
        "rightAssociative": false,
        "isLoop": false,
        "isAssign": false,
        "prefix": false,
        "postfix": false,
        "binop": null
      },
      "value": "asts",
      "start": 402,
      "end": 406,
      "loc": {
        "start": {
          "line": 15,
          "column": 17
        },
        "end": {
          "line": 15,
          "column": 21
        }
      }
    },
    {
      "type": {
        "label": ";",
        "beforeExpr": true,
        "startsExpr": false,
        "rightAssociative": false,
        "isLoop": false,
        "isAssign": false,
        "prefix": false,
        "postfix": false,
        "binop": null,
        "updateContext": null
      },
      "start": 406,
      "end": 407,
      "loc": {
        "start": {
          "line": 15,
          "column": 21
        },
        "end": {
          "line": 15,
          "column": 22
        }
      }
    },
    {
      "type": {
        "label": "}",
        "beforeExpr": false,
        "startsExpr": false,
        "rightAssociative": false,
        "isLoop": false,
        "isAssign": false,
        "prefix": false,
        "postfix": false,
        "binop": null
      },
      "start": 410,
      "end": 411,
      "loc": {
        "start": {
          "line": 16,
          "column": 2
        },
        "end": {
          "line": 16,
          "column": 3
        }
      }
    },
    {
      "type": "CommentBlock",
      "value": "*\n   * execute building output.\n   * @param {function(ast: string, filePath: string)} callback - is called each asts.\n   ",
      "start": 415,
      "end": 540,
      "loc": {
        "start": {
          "line": 18,
          "column": 2
        },
        "end": {
          "line": 21,
          "column": 5
        }
      }
    },
    {
      "type": {
        "label": "name",
        "beforeExpr": false,
        "startsExpr": true,
        "rightAssociative": false,
        "isLoop": false,
        "isAssign": false,
        "prefix": false,
        "postfix": false,
        "binop": null
      },
      "value": "exec",
      "start": 543,
      "end": 547,
      "loc": {
        "start": {
          "line": 22,
          "column": 2
        },
        "end": {
          "line": 22,
          "column": 6
        }
      }
    },
    {
      "type": {
        "label": "(",
        "beforeExpr": true,
        "startsExpr": true,
        "rightAssociative": false,
        "isLoop": false,
        "isAssign": false,
        "prefix": false,
        "postfix": false,
        "binop": null
      },
      "start": 547,
      "end": 548,
      "loc": {
        "start": {
          "line": 22,
          "column": 6
        },
        "end": {
          "line": 22,
          "column": 7
        }
      }
    },
    {
      "type": {
        "label": "name",
        "beforeExpr": false,
        "startsExpr": true,
        "rightAssociative": false,
        "isLoop": false,
        "isAssign": false,
        "prefix": false,
        "postfix": false,
        "binop": null
      },
      "value": "callback",
      "start": 548,
      "end": 556,
      "loc": {
        "start": {
          "line": 22,
          "column": 7
        },
        "end": {
          "line": 22,
          "column": 15
        }
      }
    },
    {
      "type": {
        "label": ")",
        "beforeExpr": false,
        "startsExpr": false,
        "rightAssociative": false,
        "isLoop": false,
        "isAssign": false,
        "prefix": false,
        "postfix": false,
        "binop": null
      },
      "start": 556,
      "end": 557,
      "loc": {
        "start": {
          "line": 22,
          "column": 15
        },
        "end": {
          "line": 22,
          "column": 16
        }
      }
    },
    {
      "type": {
        "label": "{",
        "beforeExpr": true,
        "startsExpr": true,
        "rightAssociative": false,
        "isLoop": false,
        "isAssign": false,
        "prefix": false,
        "postfix": false,
        "binop": null
      },
      "start": 558,
      "end": 559,
      "loc": {
        "start": {
          "line": 22,
          "column": 17
        },
        "end": {
          "line": 22,
          "column": 18
        }
      }
    },
    {
      "type": {
        "label": "for",
        "keyword": "for",
        "beforeExpr": false,
        "startsExpr": false,
        "rightAssociative": false,
        "isLoop": true,
        "isAssign": false,
        "prefix": false,
        "postfix": false,
        "binop": null,
        "updateContext": null
      },
      "value": "for",
      "start": 564,
      "end": 567,
      "loc": {
        "start": {
          "line": 23,
          "column": 4
        },
        "end": {
          "line": 23,
          "column": 7
        }
      }
    },
    {
      "type": {
        "label": "(",
        "beforeExpr": true,
        "startsExpr": true,
        "rightAssociative": false,
        "isLoop": false,
        "isAssign": false,
        "prefix": false,
        "postfix": false,
        "binop": null
      },
      "start": 568,
      "end": 569,
      "loc": {
        "start": {
          "line": 23,
          "column": 8
        },
        "end": {
          "line": 23,
          "column": 9
        }
      }
    },
    {
      "type": {
        "label": "const",
        "keyword": "const",
        "beforeExpr": false,
        "startsExpr": false,
        "rightAssociative": false,
        "isLoop": false,
        "isAssign": false,
        "prefix": false,
        "postfix": false,
        "binop": null,
        "updateContext": null
      },
      "value": "const",
      "start": 569,
      "end": 574,
      "loc": {
        "start": {
          "line": 23,
          "column": 9
        },
        "end": {
          "line": 23,
          "column": 14
        }
      }
    },
    {
      "type": {
        "label": "name",
        "beforeExpr": false,
        "startsExpr": true,
        "rightAssociative": false,
        "isLoop": false,
        "isAssign": false,
        "prefix": false,
        "postfix": false,
        "binop": null
      },
      "value": "ast",
      "start": 575,
      "end": 578,
      "loc": {
        "start": {
          "line": 23,
          "column": 15
        },
        "end": {
          "line": 23,
          "column": 18
        }
      }
    },
    {
      "type": {
        "label": "name",
        "beforeExpr": false,
        "startsExpr": true,
        "rightAssociative": false,
        "isLoop": false,
        "isAssign": false,
        "prefix": false,
        "postfix": false,
        "binop": null
      },
      "value": "of",
      "start": 579,
      "end": 581,
      "loc": {
        "start": {
          "line": 23,
          "column": 19
        },
        "end": {
          "line": 23,
          "column": 21
        }
      }
    },
    {
      "type": {
        "label": "this",
        "keyword": "this",
        "beforeExpr": false,
        "startsExpr": true,
        "rightAssociative": false,
        "isLoop": false,
        "isAssign": false,
        "prefix": false,
        "postfix": false,
        "binop": null,
        "updateContext": null
      },
      "value": "this",
      "start": 582,
      "end": 586,
      "loc": {
        "start": {
          "line": 23,
          "column": 22
        },
        "end": {
          "line": 23,
          "column": 26
        }
      }
    },
    {
      "type": {
        "label": ".",
        "beforeExpr": false,
        "startsExpr": false,
        "rightAssociative": false,
        "isLoop": false,
        "isAssign": false,
        "prefix": false,
        "postfix": false,
        "binop": null,
        "updateContext": null
      },
      "start": 586,
      "end": 587,
      "loc": {
        "start": {
          "line": 23,
          "column": 26
        },
        "end": {
          "line": 23,
          "column": 27
        }
      }
    },
    {
      "type": {
        "label": "name",
        "beforeExpr": false,
        "startsExpr": true,
        "rightAssociative": false,
        "isLoop": false,
        "isAssign": false,
        "prefix": false,
        "postfix": false,
        "binop": null
      },
      "value": "_asts",
      "start": 587,
      "end": 592,
      "loc": {
        "start": {
          "line": 23,
          "column": 27
        },
        "end": {
          "line": 23,
          "column": 32
        }
      }
    },
    {
      "type": {
        "label": ")",
        "beforeExpr": false,
        "startsExpr": false,
        "rightAssociative": false,
        "isLoop": false,
        "isAssign": false,
        "prefix": false,
        "postfix": false,
        "binop": null
      },
      "start": 592,
      "end": 593,
      "loc": {
        "start": {
          "line": 23,
          "column": 32
        },
        "end": {
          "line": 23,
          "column": 33
        }
      }
    },
    {
      "type": {
        "label": "{",
        "beforeExpr": true,
        "startsExpr": true,
        "rightAssociative": false,
        "isLoop": false,
        "isAssign": false,
        "prefix": false,
        "postfix": false,
        "binop": null
      },
      "start": 594,
      "end": 595,
      "loc": {
        "start": {
          "line": 23,
          "column": 34
        },
        "end": {
          "line": 23,
          "column": 35
        }
      }
    },
    {
      "type": {
        "label": "const",
        "keyword": "const",
        "beforeExpr": false,
        "startsExpr": false,
        "rightAssociative": false,
        "isLoop": false,
        "isAssign": false,
        "prefix": false,
        "postfix": false,
        "binop": null,
        "updateContext": null
      },
      "value": "const",
      "start": 602,
      "end": 607,
      "loc": {
        "start": {
          "line": 24,
          "column": 6
        },
        "end": {
          "line": 24,
          "column": 11
        }
      }
    },
    {
      "type": {
        "label": "name",
        "beforeExpr": false,
        "startsExpr": true,
        "rightAssociative": false,
        "isLoop": false,
        "isAssign": false,
        "prefix": false,
        "postfix": false,
        "binop": null
      },
      "value": "json",
      "start": 608,
      "end": 612,
      "loc": {
        "start": {
          "line": 24,
          "column": 12
        },
        "end": {
          "line": 24,
          "column": 16
        }
      }
    },
    {
      "type": {
        "label": "=",
        "beforeExpr": true,
        "startsExpr": false,
        "rightAssociative": false,
        "isLoop": false,
        "isAssign": true,
        "prefix": false,
        "postfix": false,
        "binop": null,
        "updateContext": null
      },
      "value": "=",
      "start": 613,
      "end": 614,
      "loc": {
        "start": {
          "line": 24,
          "column": 17
        },
        "end": {
          "line": 24,
          "column": 18
        }
      }
    },
    {
      "type": {
        "label": "name",
        "beforeExpr": false,
        "startsExpr": true,
        "rightAssociative": false,
        "isLoop": false,
        "isAssign": false,
        "prefix": false,
        "postfix": false,
        "binop": null
      },
      "value": "JSON",
      "start": 615,
      "end": 619,
      "loc": {
        "start": {
          "line": 24,
          "column": 19
        },
        "end": {
          "line": 24,
          "column": 23
        }
      }
    },
    {
      "type": {
        "label": ".",
        "beforeExpr": false,
        "startsExpr": false,
        "rightAssociative": false,
        "isLoop": false,
        "isAssign": false,
        "prefix": false,
        "postfix": false,
        "binop": null,
        "updateContext": null
      },
      "start": 619,
      "end": 620,
      "loc": {
        "start": {
          "line": 24,
          "column": 23
        },
        "end": {
          "line": 24,
          "column": 24
        }
      }
    },
    {
      "type": {
        "label": "name",
        "beforeExpr": false,
        "startsExpr": true,
        "rightAssociative": false,
        "isLoop": false,
        "isAssign": false,
        "prefix": false,
        "postfix": false,
        "binop": null
      },
      "value": "stringify",
      "start": 620,
      "end": 629,
      "loc": {
        "start": {
          "line": 24,
          "column": 24
        },
        "end": {
          "line": 24,
          "column": 33
        }
      }
    },
    {
      "type": {
        "label": "(",
        "beforeExpr": true,
        "startsExpr": true,
        "rightAssociative": false,
        "isLoop": false,
        "isAssign": false,
        "prefix": false,
        "postfix": false,
        "binop": null
      },
      "start": 629,
      "end": 630,
      "loc": {
        "start": {
          "line": 24,
          "column": 33
        },
        "end": {
          "line": 24,
          "column": 34
        }
      }
    },
    {
      "type": {
        "label": "name",
        "beforeExpr": false,
        "startsExpr": true,
        "rightAssociative": false,
        "isLoop": false,
        "isAssign": false,
        "prefix": false,
        "postfix": false,
        "binop": null
      },
      "value": "ast",
      "start": 630,
      "end": 633,
      "loc": {
        "start": {
          "line": 24,
          "column": 34
        },
        "end": {
          "line": 24,
          "column": 37
        }
      }
    },
    {
      "type": {
        "label": ".",
        "beforeExpr": false,
        "startsExpr": false,
        "rightAssociative": false,
        "isLoop": false,
        "isAssign": false,
        "prefix": false,
        "postfix": false,
        "binop": null,
        "updateContext": null
      },
      "start": 633,
      "end": 634,
      "loc": {
        "start": {
          "line": 24,
          "column": 37
        },
        "end": {
          "line": 24,
          "column": 38
        }
      }
    },
    {
      "type": {
        "label": "name",
        "beforeExpr": false,
        "startsExpr": true,
        "rightAssociative": false,
        "isLoop": false,
        "isAssign": false,
        "prefix": false,
        "postfix": false,
        "binop": null
      },
      "value": "ast",
      "start": 634,
      "end": 637,
      "loc": {
        "start": {
          "line": 24,
          "column": 38
        },
        "end": {
          "line": 24,
          "column": 41
        }
      }
    },
    {
      "type": {
        "label": ",",
        "beforeExpr": true,
        "startsExpr": false,
        "rightAssociative": false,
        "isLoop": false,
        "isAssign": false,
        "prefix": false,
        "postfix": false,
        "binop": null,
        "updateContext": null
      },
      "start": 637,
      "end": 638,
      "loc": {
        "start": {
          "line": 24,
          "column": 41
        },
        "end": {
          "line": 24,
          "column": 42
        }
      }
    },
    {
      "type": {
        "label": "null",
        "keyword": "null",
        "beforeExpr": false,
        "startsExpr": true,
        "rightAssociative": false,
        "isLoop": false,
        "isAssign": false,
        "prefix": false,
        "postfix": false,
        "binop": null,
        "updateContext": null
      },
      "value": "null",
      "start": 639,
      "end": 643,
      "loc": {
        "start": {
          "line": 24,
          "column": 43
        },
        "end": {
          "line": 24,
          "column": 47
        }
      }
    },
    {
      "type": {
        "label": ",",
        "beforeExpr": true,
        "startsExpr": false,
        "rightAssociative": false,
        "isLoop": false,
        "isAssign": false,
        "prefix": false,
        "postfix": false,
        "binop": null,
        "updateContext": null
      },
      "start": 643,
      "end": 644,
      "loc": {
        "start": {
          "line": 24,
          "column": 47
        },
        "end": {
          "line": 24,
          "column": 48
        }
      }
    },
    {
      "type": {
        "label": "num",
        "beforeExpr": false,
        "startsExpr": true,
        "rightAssociative": false,
        "isLoop": false,
        "isAssign": false,
        "prefix": false,
        "postfix": false,
        "binop": null,
        "updateContext": null
      },
      "value": 2,
      "start": 645,
      "end": 646,
      "loc": {
        "start": {
          "line": 24,
          "column": 49
        },
        "end": {
          "line": 24,
          "column": 50
        }
      }
    },
    {
      "type": {
        "label": ")",
        "beforeExpr": false,
        "startsExpr": false,
        "rightAssociative": false,
        "isLoop": false,
        "isAssign": false,
        "prefix": false,
        "postfix": false,
        "binop": null
      },
      "start": 646,
      "end": 647,
      "loc": {
        "start": {
          "line": 24,
          "column": 50
        },
        "end": {
          "line": 24,
          "column": 51
        }
      }
    },
    {
      "type": {
        "label": ";",
        "beforeExpr": true,
        "startsExpr": false,
        "rightAssociative": false,
        "isLoop": false,
        "isAssign": false,
        "prefix": false,
        "postfix": false,
        "binop": null,
        "updateContext": null
      },
      "start": 647,
      "end": 648,
      "loc": {
        "start": {
          "line": 24,
          "column": 51
        },
        "end": {
          "line": 24,
          "column": 52
        }
      }
    },
    {
      "type": {
        "label": "const",
        "keyword": "const",
        "beforeExpr": false,
        "startsExpr": false,
        "rightAssociative": false,
        "isLoop": false,
        "isAssign": false,
        "prefix": false,
        "postfix": false,
        "binop": null,
        "updateContext": null
      },
      "value": "const",
      "start": 655,
      "end": 660,
      "loc": {
        "start": {
          "line": 25,
          "column": 6
        },
        "end": {
          "line": 25,
          "column": 11
        }
      }
    },
    {
      "type": {
        "label": "name",
        "beforeExpr": false,
        "startsExpr": true,
        "rightAssociative": false,
        "isLoop": false,
        "isAssign": false,
        "prefix": false,
        "postfix": false,
        "binop": null
      },
      "value": "filePath",
      "start": 661,
      "end": 669,
      "loc": {
        "start": {
          "line": 25,
          "column": 12
        },
        "end": {
          "line": 25,
          "column": 20
        }
      }
    },
    {
      "type": {
        "label": "=",
        "beforeExpr": true,
        "startsExpr": false,
        "rightAssociative": false,
        "isLoop": false,
        "isAssign": true,
        "prefix": false,
        "postfix": false,
        "binop": null,
        "updateContext": null
      },
      "value": "=",
      "start": 670,
      "end": 671,
      "loc": {
        "start": {
          "line": 25,
          "column": 21
        },
        "end": {
          "line": 25,
          "column": 22
        }
      }
    },
    {
      "type": {
        "label": "`",
        "beforeExpr": false,
        "startsExpr": true,
        "rightAssociative": false,
        "isLoop": false,
        "isAssign": false,
        "prefix": false,
        "postfix": false,
        "binop": null
      },
      "start": 672,
      "end": 673,
      "loc": {
        "start": {
          "line": 25,
          "column": 23
        },
        "end": {
          "line": 25,
          "column": 24
        }
      }
    },
    {
      "type": {
        "label": "template",
        "beforeExpr": false,
        "startsExpr": false,
        "rightAssociative": false,
        "isLoop": false,
        "isAssign": false,
        "prefix": false,
        "postfix": false,
        "binop": null,
        "updateContext": null
      },
      "value": "ast/",
      "start": 673,
      "end": 677,
      "loc": {
        "start": {
          "line": 25,
          "column": 24
        },
        "end": {
          "line": 25,
          "column": 28
        }
      }
    },
    {
      "type": {
        "label": "${",
        "beforeExpr": true,
        "startsExpr": true,
        "rightAssociative": false,
        "isLoop": false,
        "isAssign": false,
        "prefix": false,
        "postfix": false,
        "binop": null
      },
      "start": 677,
      "end": 679,
      "loc": {
        "start": {
          "line": 25,
          "column": 28
        },
        "end": {
          "line": 25,
          "column": 30
        }
      }
    },
    {
      "type": {
        "label": "name",
        "beforeExpr": false,
        "startsExpr": true,
        "rightAssociative": false,
        "isLoop": false,
        "isAssign": false,
        "prefix": false,
        "postfix": false,
        "binop": null
      },
      "value": "ast",
      "start": 679,
      "end": 682,
      "loc": {
        "start": {
          "line": 25,
          "column": 30
        },
        "end": {
          "line": 25,
          "column": 33
        }
      }
    },
    {
      "type": {
        "label": ".",
        "beforeExpr": false,
        "startsExpr": false,
        "rightAssociative": false,
        "isLoop": false,
        "isAssign": false,
        "prefix": false,
        "postfix": false,
        "binop": null,
        "updateContext": null
      },
      "start": 682,
      "end": 683,
      "loc": {
        "start": {
          "line": 25,
          "column": 33
        },
        "end": {
          "line": 25,
          "column": 34
        }
      }
    },
    {
      "type": {
        "label": "name",
        "beforeExpr": false,
        "startsExpr": true,
        "rightAssociative": false,
        "isLoop": false,
        "isAssign": false,
        "prefix": false,
        "postfix": false,
        "binop": null
      },
      "value": "filePath",
      "start": 683,
      "end": 691,
      "loc": {
        "start": {
          "line": 25,
          "column": 34
        },
        "end": {
          "line": 25,
          "column": 42
        }
      }
    },
    {
      "type": {
        "label": "}",
        "beforeExpr": false,
        "startsExpr": false,
        "rightAssociative": false,
        "isLoop": false,
        "isAssign": false,
        "prefix": false,
        "postfix": false,
        "binop": null
      },
      "start": 691,
      "end": 692,
      "loc": {
        "start": {
          "line": 25,
          "column": 42
        },
        "end": {
          "line": 25,
          "column": 43
        }
      }
    },
    {
      "type": {
        "label": "template",
        "beforeExpr": false,
        "startsExpr": false,
        "rightAssociative": false,
        "isLoop": false,
        "isAssign": false,
        "prefix": false,
        "postfix": false,
        "binop": null,
        "updateContext": null
      },
      "value": ".json",
      "start": 692,
      "end": 697,
      "loc": {
        "start": {
          "line": 25,
          "column": 43
        },
        "end": {
          "line": 25,
          "column": 48
        }
      }
    },
    {
      "type": {
        "label": "`",
        "beforeExpr": false,
        "startsExpr": true,
        "rightAssociative": false,
        "isLoop": false,
        "isAssign": false,
        "prefix": false,
        "postfix": false,
        "binop": null
      },
      "start": 697,
      "end": 698,
      "loc": {
        "start": {
          "line": 25,
          "column": 48
        },
        "end": {
          "line": 25,
          "column": 49
        }
      }
    },
    {
      "type": {
        "label": ";",
        "beforeExpr": true,
        "startsExpr": false,
        "rightAssociative": false,
        "isLoop": false,
        "isAssign": false,
        "prefix": false,
        "postfix": false,
        "binop": null,
        "updateContext": null
      },
      "start": 698,
      "end": 699,
      "loc": {
        "start": {
          "line": 25,
          "column": 49
        },
        "end": {
          "line": 25,
          "column": 50
        }
      }
    },
    {
      "type": {
        "label": "name",
        "beforeExpr": false,
        "startsExpr": true,
        "rightAssociative": false,
        "isLoop": false,
        "isAssign": false,
        "prefix": false,
        "postfix": false,
        "binop": null
      },
      "value": "callback",
      "start": 706,
      "end": 714,
      "loc": {
        "start": {
          "line": 26,
          "column": 6
        },
        "end": {
          "line": 26,
          "column": 14
        }
      }
    },
    {
      "type": {
        "label": "(",
        "beforeExpr": true,
        "startsExpr": true,
        "rightAssociative": false,
        "isLoop": false,
        "isAssign": false,
        "prefix": false,
        "postfix": false,
        "binop": null
      },
      "start": 714,
      "end": 715,
      "loc": {
        "start": {
          "line": 26,
          "column": 14
        },
        "end": {
          "line": 26,
          "column": 15
        }
      }
    },
    {
      "type": {
        "label": "name",
        "beforeExpr": false,
        "startsExpr": true,
        "rightAssociative": false,
        "isLoop": false,
        "isAssign": false,
        "prefix": false,
        "postfix": false,
        "binop": null
      },
      "value": "json",
      "start": 715,
      "end": 719,
      "loc": {
        "start": {
          "line": 26,
          "column": 15
        },
        "end": {
          "line": 26,
          "column": 19
        }
      }
    },
    {
      "type": {
        "label": ",",
        "beforeExpr": true,
        "startsExpr": false,
        "rightAssociative": false,
        "isLoop": false,
        "isAssign": false,
        "prefix": false,
        "postfix": false,
        "binop": null,
        "updateContext": null
      },
      "start": 719,
      "end": 720,
      "loc": {
        "start": {
          "line": 26,
          "column": 19
        },
        "end": {
          "line": 26,
          "column": 20
        }
      }
    },
    {
      "type": {
        "label": "name",
        "beforeExpr": false,
        "startsExpr": true,
        "rightAssociative": false,
        "isLoop": false,
        "isAssign": false,
        "prefix": false,
        "postfix": false,
        "binop": null
      },
      "value": "filePath",
      "start": 721,
      "end": 729,
      "loc": {
        "start": {
          "line": 26,
          "column": 21
        },
        "end": {
          "line": 26,
          "column": 29
        }
      }
    },
    {
      "type": {
        "label": ")",
        "beforeExpr": false,
        "startsExpr": false,
        "rightAssociative": false,
        "isLoop": false,
        "isAssign": false,
        "prefix": false,
        "postfix": false,
        "binop": null
      },
      "start": 729,
      "end": 730,
      "loc": {
        "start": {
          "line": 26,
          "column": 29
        },
        "end": {
          "line": 26,
          "column": 30
        }
      }
    },
    {
      "type": {
        "label": ";",
        "beforeExpr": true,
        "startsExpr": false,
        "rightAssociative": false,
        "isLoop": false,
        "isAssign": false,
        "prefix": false,
        "postfix": false,
        "binop": null,
        "updateContext": null
      },
      "start": 730,
      "end": 731,
      "loc": {
        "start": {
          "line": 26,
          "column": 30
        },
        "end": {
          "line": 26,
          "column": 31
        }
      }
    },
    {
      "type": {
        "label": "}",
        "beforeExpr": false,
        "startsExpr": false,
        "rightAssociative": false,
        "isLoop": false,
        "isAssign": false,
        "prefix": false,
        "postfix": false,
        "binop": null
      },
      "start": 736,
      "end": 737,
      "loc": {
        "start": {
          "line": 27,
          "column": 4
        },
        "end": {
          "line": 27,
          "column": 5
        }
      }
    },
    {
      "type": {
        "label": "}",
        "beforeExpr": false,
        "startsExpr": false,
        "rightAssociative": false,
        "isLoop": false,
        "isAssign": false,
        "prefix": false,
        "postfix": false,
        "binop": null
      },
      "start": 740,
      "end": 741,
      "loc": {
        "start": {
          "line": 28,
          "column": 2
        },
        "end": {
          "line": 28,
          "column": 3
        }
      }
    },
    {
      "type": {
        "label": "}",
        "beforeExpr": false,
        "startsExpr": false,
        "rightAssociative": false,
        "isLoop": false,
        "isAssign": false,
        "prefix": false,
        "postfix": false,
        "binop": null
      },
      "start": 742,
      "end": 743,
      "loc": {
        "start": {
          "line": 29,
          "column": 0
        },
        "end": {
          "line": 29,
          "column": 1
        }
      }
    },
    {
      "type": {
        "label": "eof",
        "beforeExpr": false,
        "startsExpr": false,
        "rightAssociative": false,
        "isLoop": false,
        "isAssign": false,
        "prefix": false,
        "postfix": false,
        "binop": null,
        "updateContext": null
      },
      "start": 744,
      "end": 744,
      "loc": {
        "start": {
          "line": 30,
          "column": 0
        },
        "end": {
          "line": 30,
          "column": 0
        }
      }
    }
  ]
}