{
  "type": "File",
  "start": 0,
  "end": 812,
  "loc": {
    "start": {
      "line": 1,
      "column": 0
    },
    "end": {
      "line": 37,
      "column": 0
    }
  },
  "program": {
    "type": "Program",
    "start": 0,
    "end": 812,
    "loc": {
      "start": {
        "line": 1,
        "column": 0
      },
      "end": {
        "line": 37,
        "column": 0
      }
    },
    "sourceType": "module",
    "body": [
      {
        "type": "ImportDeclaration",
        "start": 0,
        "end": 41,
        "loc": {
          "start": {
            "line": 1,
            "column": 0
          },
          "end": {
            "line": 1,
            "column": 41
          }
        },
        "specifiers": [
          {
            "type": "ImportDefaultSpecifier",
            "start": 7,
            "end": 17,
            "loc": {
              "start": {
                "line": 1,
                "column": 7
              },
              "end": {
                "line": 1,
                "column": 17
              }
            },
            "local": {
              "type": "Identifier",
              "start": 7,
              "end": 17,
              "loc": {
                "start": {
                  "line": 1,
                  "column": 7
                },
                "end": {
                  "line": 1,
                  "column": 17
                },
                "identifierName": "DocBuilder"
              },
              "name": "DocBuilder"
            }
          }
        ],
        "importKind": "value",
        "source": {
          "type": "StringLiteral",
          "start": 23,
          "end": 40,
          "loc": {
            "start": {
              "line": 1,
              "column": 23
            },
            "end": {
              "line": 1,
              "column": 40
            }
          },
          "extra": {
            "rawValue": "./DocBuilder.js",
            "raw": "'./DocBuilder.js'"
          },
          "value": "./DocBuilder.js"
        },
        "trailingComments": [
          {
            "type": "CommentBlock",
            "value": "*\n * AST Output Builder class.\n ",
            "start": 43,
            "end": 79,
            "loc": {
              "start": {
                "line": 3,
                "column": 0
              },
              "end": {
                "line": 5,
                "column": 3
              }
            }
          }
        ]
      },
      {
        "type": "ExportDefaultDeclaration",
        "start": 80,
        "end": 811,
        "loc": {
          "start": {
            "line": 6,
            "column": 0
          },
          "end": {
            "line": 36,
            "column": 1
          }
        },
        "declaration": {
          "type": "ClassDeclaration",
          "start": 95,
          "end": 811,
          "loc": {
            "start": {
              "line": 6,
              "column": 15
            },
            "end": {
              "line": 36,
              "column": 1
            }
          },
          "id": {
            "type": "Identifier",
            "start": 101,
            "end": 114,
            "loc": {
              "start": {
                "line": 6,
                "column": 21
              },
              "end": {
                "line": 6,
                "column": 34
              },
              "identifierName": "ASTDocBuilder"
            },
            "name": "ASTDocBuilder",
            "leadingComments": null
          },
          "superClass": {
            "type": "Identifier",
            "start": 123,
            "end": 133,
            "loc": {
              "start": {
                "line": 6,
                "column": 43
              },
              "end": {
                "line": 6,
                "column": 53
              },
              "identifierName": "DocBuilder"
            },
            "name": "DocBuilder"
          },
          "body": {
            "type": "ClassBody",
            "start": 134,
            "end": 811,
            "loc": {
              "start": {
                "line": 7,
                "column": 0
              },
              "end": {
                "line": 36,
                "column": 1
              }
            },
            "body": [
              {
                "type": "ClassMethod",
                "start": 351,
                "end": 444,
                "loc": {
                  "start": {
                    "line": 15,
                    "column": 3
                  },
                  "end": {
                    "line": 19,
                    "column": 4
                  }
                },
                "computed": false,
                "key": {
                  "type": "Identifier",
                  "start": 351,
                  "end": 362,
                  "loc": {
                    "start": {
                      "line": 15,
                      "column": 3
                    },
                    "end": {
                      "line": 15,
                      "column": 14
                    },
                    "identifierName": "constructor"
                  },
                  "name": "constructor",
                  "leadingComments": null
                },
                "static": false,
                "kind": "constructor",
                "id": null,
                "generator": false,
                "expression": false,
                "async": false,
                "params": [
                  {
                    "type": "Identifier",
                    "start": 363,
                    "end": 367,
                    "loc": {
                      "start": {
                        "line": 15,
                        "column": 15
                      },
                      "end": {
                        "line": 15,
                        "column": 19
                      },
                      "identifierName": "data"
                    },
                    "name": "data"
                  },
                  {
                    "type": "Identifier",
                    "start": 369,
                    "end": 373,
                    "loc": {
                      "start": {
                        "line": 15,
                        "column": 21
                      },
                      "end": {
                        "line": 15,
                        "column": 25
                      },
                      "identifierName": "asts"
                    },
                    "name": "asts"
                  },
                  {
                    "type": "Identifier",
                    "start": 375,
                    "end": 381,
                    "loc": {
                      "start": {
                        "line": 15,
                        "column": 27
                      },
                      "end": {
                        "line": 15,
                        "column": 33
                      },
                      "identifierName": "config"
                    },
                    "name": "config"
                  }
                ],
                "body": {
                  "type": "BlockStatement",
                  "start": 386,
                  "end": 444,
                  "loc": {
                    "start": {
                      "line": 16,
                      "column": 3
                    },
                    "end": {
                      "line": 19,
                      "column": 4
                    }
                  },
                  "body": [
                    {
                      "type": "ExpressionStatement",
                      "start": 394,
                      "end": 414,
                      "loc": {
                        "start": {
                          "line": 17,
                          "column": 6
                        },
                        "end": {
                          "line": 17,
                          "column": 26
                        }
                      },
                      "expression": {
                        "type": "CallExpression",
                        "start": 394,
                        "end": 413,
                        "loc": {
                          "start": {
                            "line": 17,
                            "column": 6
                          },
                          "end": {
                            "line": 17,
                            "column": 25
                          }
                        },
                        "callee": {
                          "type": "Super",
                          "start": 394,
                          "end": 399,
                          "loc": {
                            "start": {
                              "line": 17,
                              "column": 6
                            },
                            "end": {
                              "line": 17,
                              "column": 11
                            }
                          }
                        },
                        "arguments": [
                          {
                            "type": "Identifier",
                            "start": 400,
                            "end": 404,
                            "loc": {
                              "start": {
                                "line": 17,
                                "column": 12
                              },
                              "end": {
                                "line": 17,
                                "column": 16
                              },
                              "identifierName": "data"
                            },
                            "name": "data"
                          },
                          {
                            "type": "Identifier",
                            "start": 406,
                            "end": 412,
                            "loc": {
                              "start": {
                                "line": 17,
                                "column": 18
                              },
                              "end": {
                                "line": 17,
                                "column": 24
                              },
                              "identifierName": "config"
                            },
                            "name": "config"
                          }
                        ]
                      }
                    },
                    {
                      "type": "ExpressionStatement",
                      "start": 421,
                      "end": 439,
                      "loc": {
                        "start": {
                          "line": 18,
                          "column": 6
                        },
                        "end": {
                          "line": 18,
                          "column": 24
                        }
                      },
                      "expression": {
                        "type": "AssignmentExpression",
                        "start": 421,
                        "end": 438,
                        "loc": {
                          "start": {
                            "line": 18,
                            "column": 6
                          },
                          "end": {
                            "line": 18,
                            "column": 23
                          }
                        },
                        "operator": "=",
                        "left": {
                          "type": "MemberExpression",
                          "start": 421,
                          "end": 431,
                          "loc": {
                            "start": {
                              "line": 18,
                              "column": 6
                            },
                            "end": {
                              "line": 18,
                              "column": 16
                            }
                          },
                          "object": {
                            "type": "ThisExpression",
                            "start": 421,
                            "end": 425,
                            "loc": {
                              "start": {
                                "line": 18,
                                "column": 6
                              },
                              "end": {
                                "line": 18,
                                "column": 10
                              }
                            }
                          },
                          "property": {
                            "type": "Identifier",
                            "start": 426,
                            "end": 431,
                            "loc": {
                              "start": {
                                "line": 18,
                                "column": 11
                              },
                              "end": {
                                "line": 18,
                                "column": 16
                              },
                              "identifierName": "_asts"
                            },
                            "name": "_asts"
                          },
                          "computed": false
                        },
                        "right": {
                          "type": "Identifier",
                          "start": 434,
                          "end": 438,
                          "loc": {
                            "start": {
                              "line": 18,
                              "column": 19
                            },
                            "end": {
                              "line": 18,
                              "column": 23
                            },
                            "identifierName": "asts"
                          },
                          "name": "asts"
                        }
                      }
                    }
                  ],
                  "directives": [],
                  "trailingComments": null
                },
                "leadingComments": [
                  {
                    "type": "CommentBlock",
                    "value": "*\n    * create instance.\n    *\n    * @param {Taffy}       data - doc comment database.\n    * @param {AST[]}       asts - all source code ASTs.\n    * @param {ESDocConfig} config - ESDoc config object.\n    ",
                    "start": 139,
                    "end": 347,
                    "loc": {
                      "start": {
                        "line": 8,
                        "column": 3
                      },
                      "end": {
                        "line": 14,
                        "column": 6
                      }
                    }
                  }
                ],
                "trailingComments": [
                  {
                    "type": "CommentBlock",
                    "value": "*\n    * execute building output.\n    *\n    * @param {function(ast: string, filePath: string)} callback - is called each asts.\n    ",
                    "start": 449,
                    "end": 583,
                    "loc": {
                      "start": {
                        "line": 21,
                        "column": 3
                      },
                      "end": {
                        "line": 25,
                        "column": 6
                      }
                    }
                  }
                ]
              },
              {
                "type": "ClassMethod",
                "start": 587,
                "end": 809,
                "loc": {
                  "start": {
                    "line": 26,
                    "column": 3
                  },
                  "end": {
                    "line": 35,
                    "column": 4
                  }
                },
                "computed": false,
                "key": {
                  "type": "Identifier",
                  "start": 587,
                  "end": 591,
                  "loc": {
                    "start": {
                      "line": 26,
                      "column": 3
                    },
                    "end": {
                      "line": 26,
                      "column": 7
                    },
                    "identifierName": "exec"
                  },
                  "name": "exec",
                  "leadingComments": null
                },
                "static": false,
                "kind": "method",
                "id": null,
                "generator": false,
                "expression": false,
                "async": false,
                "params": [
                  {
                    "type": "Identifier",
                    "start": 592,
                    "end": 600,
                    "loc": {
                      "start": {
                        "line": 26,
                        "column": 8
                      },
                      "end": {
                        "line": 26,
                        "column": 16
                      },
                      "identifierName": "callback"
                    },
                    "name": "callback"
                  }
                ],
                "body": {
                  "type": "BlockStatement",
                  "start": 605,
                  "end": 809,
                  "loc": {
                    "start": {
                      "line": 27,
                      "column": 3
                    },
                    "end": {
                      "line": 35,
                      "column": 4
                    }
                  },
                  "body": [
                    {
                      "type": "ForOfStatement",
                      "start": 613,
                      "end": 804,
                      "loc": {
                        "start": {
                          "line": 28,
                          "column": 6
                        },
                        "end": {
                          "line": 34,
                          "column": 7
                        }
                      },
                      "left": {
                        "type": "VariableDeclaration",
                        "start": 618,
                        "end": 627,
                        "loc": {
                          "start": {
                            "line": 28,
                            "column": 11
                          },
                          "end": {
                            "line": 28,
                            "column": 20
                          }
                        },
                        "declarations": [
                          {
                            "type": "VariableDeclarator",
                            "start": 624,
                            "end": 627,
                            "loc": {
                              "start": {
                                "line": 28,
                                "column": 17
                              },
                              "end": {
                                "line": 28,
                                "column": 20
                              }
                            },
                            "id": {
                              "type": "Identifier",
                              "start": 624,
                              "end": 627,
                              "loc": {
                                "start": {
                                  "line": 28,
                                  "column": 17
                                },
                                "end": {
                                  "line": 28,
                                  "column": 20
                                },
                                "identifierName": "ast"
                              },
                              "name": "ast"
                            },
                            "init": null
                          }
                        ],
                        "kind": "const"
                      },
                      "right": {
                        "type": "MemberExpression",
                        "start": 631,
                        "end": 641,
                        "loc": {
                          "start": {
                            "line": 28,
                            "column": 24
                          },
                          "end": {
                            "line": 28,
                            "column": 34
                          }
                        },
                        "object": {
                          "type": "ThisExpression",
                          "start": 631,
                          "end": 635,
                          "loc": {
                            "start": {
                              "line": 28,
                              "column": 24
                            },
                            "end": {
                              "line": 28,
                              "column": 28
                            }
                          }
                        },
                        "property": {
                          "type": "Identifier",
                          "start": 636,
                          "end": 641,
                          "loc": {
                            "start": {
                              "line": 28,
                              "column": 29
                            },
                            "end": {
                              "line": 28,
                              "column": 34
                            },
                            "identifierName": "_asts"
                          },
                          "name": "_asts"
                        },
                        "computed": false
                      },
                      "body": {
                        "type": "BlockStatement",
                        "start": 649,
                        "end": 804,
                        "loc": {
                          "start": {
                            "line": 29,
                            "column": 6
                          },
                          "end": {
                            "line": 34,
                            "column": 7
                          }
                        },
                        "body": [
                          {
                            "type": "VariableDeclaration",
                            "start": 660,
                            "end": 706,
                            "loc": {
                              "start": {
                                "line": 30,
                                "column": 9
                              },
                              "end": {
                                "line": 30,
                                "column": 55
                              }
                            },
                            "declarations": [
                              {
                                "type": "VariableDeclarator",
                                "start": 666,
                                "end": 705,
                                "loc": {
                                  "start": {
                                    "line": 30,
                                    "column": 15
                                  },
                                  "end": {
                                    "line": 30,
                                    "column": 54
                                  }
                                },
                                "id": {
                                  "type": "Identifier",
                                  "start": 666,
                                  "end": 670,
                                  "loc": {
                                    "start": {
                                      "line": 30,
                                      "column": 15
                                    },
                                    "end": {
                                      "line": 30,
                                      "column": 19
                                    },
                                    "identifierName": "json"
                                  },
                                  "name": "json"
                                },
                                "init": {
                                  "type": "CallExpression",
                                  "start": 673,
                                  "end": 705,
                                  "loc": {
                                    "start": {
                                      "line": 30,
                                      "column": 22
                                    },
                                    "end": {
                                      "line": 30,
                                      "column": 54
                                    }
                                  },
                                  "callee": {
                                    "type": "MemberExpression",
                                    "start": 673,
                                    "end": 687,
                                    "loc": {
                                      "start": {
                                        "line": 30,
                                        "column": 22
                                      },
                                      "end": {
                                        "line": 30,
                                        "column": 36
                                      }
                                    },
                                    "object": {
                                      "type": "Identifier",
                                      "start": 673,
                                      "end": 677,
                                      "loc": {
                                        "start": {
                                          "line": 30,
                                          "column": 22
                                        },
                                        "end": {
                                          "line": 30,
                                          "column": 26
                                        },
                                        "identifierName": "JSON"
                                      },
                                      "name": "JSON"
                                    },
                                    "property": {
                                      "type": "Identifier",
                                      "start": 678,
                                      "end": 687,
                                      "loc": {
                                        "start": {
                                          "line": 30,
                                          "column": 27
                                        },
                                        "end": {
                                          "line": 30,
                                          "column": 36
                                        },
                                        "identifierName": "stringify"
                                      },
                                      "name": "stringify"
                                    },
                                    "computed": false
                                  },
                                  "arguments": [
                                    {
                                      "type": "MemberExpression",
                                      "start": 688,
                                      "end": 695,
                                      "loc": {
                                        "start": {
                                          "line": 30,
                                          "column": 37
                                        },
                                        "end": {
                                          "line": 30,
                                          "column": 44
                                        }
                                      },
                                      "object": {
                                        "type": "Identifier",
                                        "start": 688,
                                        "end": 691,
                                        "loc": {
                                          "start": {
                                            "line": 30,
                                            "column": 37
                                          },
                                          "end": {
                                            "line": 30,
                                            "column": 40
                                          },
                                          "identifierName": "ast"
                                        },
                                        "name": "ast"
                                      },
                                      "property": {
                                        "type": "Identifier",
                                        "start": 692,
                                        "end": 695,
                                        "loc": {
                                          "start": {
                                            "line": 30,
                                            "column": 41
                                          },
                                          "end": {
                                            "line": 30,
                                            "column": 44
                                          },
                                          "identifierName": "ast"
                                        },
                                        "name": "ast"
                                      },
                                      "computed": false
                                    },
                                    {
                                      "type": "NullLiteral",
                                      "start": 697,
                                      "end": 701,
                                      "loc": {
                                        "start": {
                                          "line": 30,
                                          "column": 46
                                        },
                                        "end": {
                                          "line": 30,
                                          "column": 50
                                        }
                                      }
                                    },
                                    {
                                      "type": "NumericLiteral",
                                      "start": 703,
                                      "end": 704,
                                      "loc": {
                                        "start": {
                                          "line": 30,
                                          "column": 52
                                        },
                                        "end": {
                                          "line": 30,
                                          "column": 53
                                        }
                                      },
                                      "extra": {
                                        "rawValue": 2,
                                        "raw": "2"
                                      },
                                      "value": 2
                                    }
                                  ]
                                }
                              }
                            ],
                            "kind": "const"
                          },
                          {
                            "type": "VariableDeclaration",
                            "start": 716,
                            "end": 760,
                            "loc": {
                              "start": {
                                "line": 31,
                                "column": 9
                              },
                              "end": {
                                "line": 31,
                                "column": 53
                              }
                            },
                            "declarations": [
                              {
                                "type": "VariableDeclarator",
                                "start": 722,
                                "end": 759,
                                "loc": {
                                  "start": {
                                    "line": 31,
                                    "column": 15
                                  },
                                  "end": {
                                    "line": 31,
                                    "column": 52
                                  }
                                },
                                "id": {
                                  "type": "Identifier",
                                  "start": 722,
                                  "end": 730,
                                  "loc": {
                                    "start": {
                                      "line": 31,
                                      "column": 15
                                    },
                                    "end": {
                                      "line": 31,
                                      "column": 23
                                    },
                                    "identifierName": "filePath"
                                  },
                                  "name": "filePath"
                                },
                                "init": {
                                  "type": "TemplateLiteral",
                                  "start": 733,
                                  "end": 759,
                                  "loc": {
                                    "start": {
                                      "line": 31,
                                      "column": 26
                                    },
                                    "end": {
                                      "line": 31,
                                      "column": 52
                                    }
                                  },
                                  "expressions": [
                                    {
                                      "type": "MemberExpression",
                                      "start": 740,
                                      "end": 752,
                                      "loc": {
                                        "start": {
                                          "line": 31,
                                          "column": 33
                                        },
                                        "end": {
                                          "line": 31,
                                          "column": 45
                                        }
                                      },
                                      "object": {
                                        "type": "Identifier",
                                        "start": 740,
                                        "end": 743,
                                        "loc": {
                                          "start": {
                                            "line": 31,
                                            "column": 33
                                          },
                                          "end": {
                                            "line": 31,
                                            "column": 36
                                          },
                                          "identifierName": "ast"
                                        },
                                        "name": "ast"
                                      },
                                      "property": {
                                        "type": "Identifier",
                                        "start": 744,
                                        "end": 752,
                                        "loc": {
                                          "start": {
                                            "line": 31,
                                            "column": 37
                                          },
                                          "end": {
                                            "line": 31,
                                            "column": 45
                                          },
                                          "identifierName": "filePath"
                                        },
                                        "name": "filePath"
                                      },
                                      "computed": false
                                    }
                                  ],
                                  "quasis": [
                                    {
                                      "type": "TemplateElement",
                                      "start": 734,
                                      "end": 738,
                                      "loc": {
                                        "start": {
                                          "line": 31,
                                          "column": 27
                                        },
                                        "end": {
                                          "line": 31,
                                          "column": 31
                                        }
                                      },
                                      "value": {
                                        "raw": "ast/",
                                        "cooked": "ast/"
                                      },
                                      "tail": false
                                    },
                                    {
                                      "type": "TemplateElement",
                                      "start": 753,
                                      "end": 758,
                                      "loc": {
                                        "start": {
                                          "line": 31,
                                          "column": 46
                                        },
                                        "end": {
                                          "line": 31,
                                          "column": 51
                                        }
                                      },
                                      "value": {
                                        "raw": ".json",
                                        "cooked": ".json"
                                      },
                                      "tail": true
                                    }
                                  ]
                                }
                              }
                            ],
                            "kind": "const"
                          },
                          {
                            "type": "ExpressionStatement",
                            "start": 771,
                            "end": 796,
                            "loc": {
                              "start": {
                                "line": 33,
                                "column": 9
                              },
                              "end": {
                                "line": 33,
                                "column": 34
                              }
                            },
                            "expression": {
                              "type": "CallExpression",
                              "start": 771,
                              "end": 795,
                              "loc": {
                                "start": {
                                  "line": 33,
                                  "column": 9
                                },
                                "end": {
                                  "line": 33,
                                  "column": 33
                                }
                              },
                              "callee": {
                                "type": "Identifier",
                                "start": 771,
                                "end": 779,
                                "loc": {
                                  "start": {
                                    "line": 33,
                                    "column": 9
                                  },
                                  "end": {
                                    "line": 33,
                                    "column": 17
                                  },
                                  "identifierName": "callback"
                                },
                                "name": "callback"
                              },
                              "arguments": [
                                {
                                  "type": "Identifier",
                                  "start": 780,
                                  "end": 784,
                                  "loc": {
                                    "start": {
                                      "line": 33,
                                      "column": 18
                                    },
                                    "end": {
                                      "line": 33,
                                      "column": 22
                                    },
                                    "identifierName": "json"
                                  },
                                  "name": "json"
                                },
                                {
                                  "type": "Identifier",
                                  "start": 786,
                                  "end": 794,
                                  "loc": {
                                    "start": {
                                      "line": 33,
                                      "column": 24
                                    },
                                    "end": {
                                      "line": 33,
                                      "column": 32
                                    },
                                    "identifierName": "filePath"
                                  },
                                  "name": "filePath"
                                }
                              ]
                            }
                          }
                        ],
                        "directives": []
                      }
                    }
                  ],
                  "directives": []
                },
                "leadingComments": [
                  {
                    "type": "CommentBlock",
                    "value": "*\n    * execute building output.\n    *\n    * @param {function(ast: string, filePath: string)} callback - is called each asts.\n    ",
                    "start": 449,
                    "end": 583,
                    "loc": {
                      "start": {
                        "line": 21,
                        "column": 3
                      },
                      "end": {
                        "line": 25,
                        "column": 6
                      }
                    }
                  }
                ]
              }
            ]
          },
          "leadingComments": [
            {
              "type": "CommentBlock",
              "value": "*\n * AST Output Builder class.\n ",
              "start": 43,
              "end": 79,
              "loc": {
                "start": {
                  "line": 3,
                  "column": 0
                },
                "end": {
                  "line": 5,
                  "column": 3
                }
              }
            }
          ],
          "trailingComments": []
        },
        "leadingComments": [
          {
            "type": "CommentBlock",
            "value": "*\n * AST Output Builder class.\n ",
            "start": 43,
            "end": 79,
            "loc": {
              "start": {
                "line": 3,
                "column": 0
              },
              "end": {
                "line": 5,
                "column": 3
              }
            }
          }
        ]
      }
    ],
    "directives": []
  },
  "comments": [
    {
      "type": "CommentBlock",
      "value": "*\n * AST Output Builder class.\n ",
      "start": 43,
      "end": 79,
      "loc": {
        "start": {
          "line": 3,
          "column": 0
        },
        "end": {
          "line": 5,
          "column": 3
        }
      }
    },
    {
      "type": "CommentBlock",
      "value": "*\n    * create instance.\n    *\n    * @param {Taffy}       data - doc comment database.\n    * @param {AST[]}       asts - all source code ASTs.\n    * @param {ESDocConfig} config - ESDoc config object.\n    ",
      "start": 139,
      "end": 347,
      "loc": {
        "start": {
          "line": 8,
          "column": 3
        },
        "end": {
          "line": 14,
          "column": 6
        }
      }
    },
    {
      "type": "CommentBlock",
      "value": "*\n    * execute building output.\n    *\n    * @param {function(ast: string, filePath: string)} callback - is called each asts.\n    ",
      "start": 449,
      "end": 583,
      "loc": {
        "start": {
          "line": 21,
          "column": 3
        },
        "end": {
          "line": 25,
          "column": 6
        }
      }
    }
  ],
  "tokens": [
    {
      "type": {
        "label": "import",
        "keyword": "import",
        "beforeExpr": false,
        "startsExpr": false,
        "rightAssociative": false,
        "isLoop": false,
        "isAssign": false,
        "prefix": false,
        "postfix": false,
        "binop": null,
        "updateContext": null
      },
      "value": "import",
      "start": 0,
      "end": 6,
      "loc": {
        "start": {
          "line": 1,
          "column": 0
        },
        "end": {
          "line": 1,
          "column": 6
        }
      }
    },
    {
      "type": {
        "label": "name",
        "beforeExpr": false,
        "startsExpr": true,
        "rightAssociative": false,
        "isLoop": false,
        "isAssign": false,
        "prefix": false,
        "postfix": false,
        "binop": null
      },
      "value": "DocBuilder",
      "start": 7,
      "end": 17,
      "loc": {
        "start": {
          "line": 1,
          "column": 7
        },
        "end": {
          "line": 1,
          "column": 17
        }
      }
    },
    {
      "type": {
        "label": "name",
        "beforeExpr": false,
        "startsExpr": true,
        "rightAssociative": false,
        "isLoop": false,
        "isAssign": false,
        "prefix": false,
        "postfix": false,
        "binop": null
      },
      "value": "from",
      "start": 18,
      "end": 22,
      "loc": {
        "start": {
          "line": 1,
          "column": 18
        },
        "end": {
          "line": 1,
          "column": 22
        }
      }
    },
    {
      "type": {
        "label": "string",
        "beforeExpr": false,
        "startsExpr": true,
        "rightAssociative": false,
        "isLoop": false,
        "isAssign": false,
        "prefix": false,
        "postfix": false,
        "binop": null,
        "updateContext": null
      },
      "value": "./DocBuilder.js",
      "start": 23,
      "end": 40,
      "loc": {
        "start": {
          "line": 1,
          "column": 23
        },
        "end": {
          "line": 1,
          "column": 40
        }
      }
    },
    {
      "type": {
        "label": ";",
        "beforeExpr": true,
        "startsExpr": false,
        "rightAssociative": false,
        "isLoop": false,
        "isAssign": false,
        "prefix": false,
        "postfix": false,
        "binop": null,
        "updateContext": null
      },
      "start": 40,
      "end": 41,
      "loc": {
        "start": {
          "line": 1,
          "column": 40
        },
        "end": {
          "line": 1,
          "column": 41
        }
      }
    },
    {
      "type": "CommentBlock",
      "value": "*\n * AST Output Builder class.\n ",
      "start": 43,
      "end": 79,
      "loc": {
        "start": {
          "line": 3,
          "column": 0
        },
        "end": {
          "line": 5,
          "column": 3
        }
      }
    },
    {
      "type": {
        "label": "export",
        "keyword": "export",
        "beforeExpr": false,
        "startsExpr": false,
        "rightAssociative": false,
        "isLoop": false,
        "isAssign": false,
        "prefix": false,
        "postfix": false,
        "binop": null,
        "updateContext": null
      },
      "value": "export",
      "start": 80,
      "end": 86,
      "loc": {
        "start": {
          "line": 6,
          "column": 0
        },
        "end": {
          "line": 6,
          "column": 6
        }
      }
    },
    {
      "type": {
        "label": "default",
        "keyword": "default",
        "beforeExpr": true,
        "startsExpr": false,
        "rightAssociative": false,
        "isLoop": false,
        "isAssign": false,
        "prefix": false,
        "postfix": false,
        "binop": null,
        "updateContext": null
      },
      "value": "default",
      "start": 87,
      "end": 94,
      "loc": {
        "start": {
          "line": 6,
          "column": 7
        },
        "end": {
          "line": 6,
          "column": 14
        }
      }
    },
    {
      "type": {
        "label": "class",
        "keyword": "class",
        "beforeExpr": false,
        "startsExpr": false,
        "rightAssociative": false,
        "isLoop": false,
        "isAssign": false,
        "prefix": false,
        "postfix": false,
        "binop": null,
        "updateContext": null
      },
      "value": "class",
      "start": 95,
      "end": 100,
      "loc": {
        "start": {
          "line": 6,
          "column": 15
        },
        "end": {
          "line": 6,
          "column": 20
        }
      }
    },
    {
      "type": {
        "label": "name",
        "beforeExpr": false,
        "startsExpr": true,
        "rightAssociative": false,
        "isLoop": false,
        "isAssign": false,
        "prefix": false,
        "postfix": false,
        "binop": null
      },
      "value": "ASTDocBuilder",
      "start": 101,
      "end": 114,
      "loc": {
        "start": {
          "line": 6,
          "column": 21
        },
        "end": {
          "line": 6,
          "column": 34
        }
      }
    },
    {
      "type": {
        "label": "extends",
        "keyword": "extends",
        "beforeExpr": true,
        "startsExpr": false,
        "rightAssociative": false,
        "isLoop": false,
        "isAssign": false,
        "prefix": false,
        "postfix": false,
        "binop": null,
        "updateContext": null
      },
      "value": "extends",
      "start": 115,
      "end": 122,
      "loc": {
        "start": {
          "line": 6,
          "column": 35
        },
        "end": {
          "line": 6,
          "column": 42
        }
      }
    },
    {
      "type": {
        "label": "name",
        "beforeExpr": false,
        "startsExpr": true,
        "rightAssociative": false,
        "isLoop": false,
        "isAssign": false,
        "prefix": false,
        "postfix": false,
        "binop": null
      },
      "value": "DocBuilder",
      "start": 123,
      "end": 133,
      "loc": {
        "start": {
          "line": 6,
          "column": 43
        },
        "end": {
          "line": 6,
          "column": 53
        }
      }
    },
    {
      "type": {
        "label": "{",
        "beforeExpr": true,
        "startsExpr": true,
        "rightAssociative": false,
        "isLoop": false,
        "isAssign": false,
        "prefix": false,
        "postfix": false,
        "binop": null
      },
      "start": 134,
      "end": 135,
      "loc": {
        "start": {
          "line": 7,
          "column": 0
        },
        "end": {
          "line": 7,
          "column": 1
        }
      }
    },
    {
      "type": "CommentBlock",
      "value": "*\n    * create instance.\n    *\n    * @param {Taffy}       data - doc comment database.\n    * @param {AST[]}       asts - all source code ASTs.\n    * @param {ESDocConfig} config - ESDoc config object.\n    ",
      "start": 139,
      "end": 347,
      "loc": {
        "start": {
          "line": 8,
          "column": 3
        },
        "end": {
          "line": 14,
          "column": 6
        }
      }
    },
    {
      "type": {
        "label": "name",
        "beforeExpr": false,
        "startsExpr": true,
        "rightAssociative": false,
        "isLoop": false,
        "isAssign": false,
        "prefix": false,
        "postfix": false,
        "binop": null
      },
      "value": "constructor",
      "start": 351,
      "end": 362,
      "loc": {
        "start": {
          "line": 15,
          "column": 3
        },
        "end": {
          "line": 15,
          "column": 14
        }
      }
    },
    {
      "type": {
        "label": "(",
        "beforeExpr": true,
        "startsExpr": true,
        "rightAssociative": false,
        "isLoop": false,
        "isAssign": false,
        "prefix": false,
        "postfix": false,
        "binop": null
      },
      "start": 362,
      "end": 363,
      "loc": {
        "start": {
          "line": 15,
          "column": 14
        },
        "end": {
          "line": 15,
          "column": 15
        }
      }
    },
    {
      "type": {
        "label": "name",
        "beforeExpr": false,
        "startsExpr": true,
        "rightAssociative": false,
        "isLoop": false,
        "isAssign": false,
        "prefix": false,
        "postfix": false,
        "binop": null
      },
      "value": "data",
      "start": 363,
      "end": 367,
      "loc": {
        "start": {
          "line": 15,
          "column": 15
        },
        "end": {
          "line": 15,
          "column": 19
        }
      }
    },
    {
      "type": {
        "label": ",",
        "beforeExpr": true,
        "startsExpr": false,
        "rightAssociative": false,
        "isLoop": false,
        "isAssign": false,
        "prefix": false,
        "postfix": false,
        "binop": null,
        "updateContext": null
      },
      "start": 367,
      "end": 368,
      "loc": {
        "start": {
          "line": 15,
          "column": 19
        },
        "end": {
          "line": 15,
          "column": 20
        }
      }
    },
    {
      "type": {
        "label": "name",
        "beforeExpr": false,
        "startsExpr": true,
        "rightAssociative": false,
        "isLoop": false,
        "isAssign": false,
        "prefix": false,
        "postfix": false,
        "binop": null
      },
      "value": "asts",
      "start": 369,
      "end": 373,
      "loc": {
        "start": {
          "line": 15,
          "column": 21
        },
        "end": {
          "line": 15,
          "column": 25
        }
      }
    },
    {
      "type": {
        "label": ",",
        "beforeExpr": true,
        "startsExpr": false,
        "rightAssociative": false,
        "isLoop": false,
        "isAssign": false,
        "prefix": false,
        "postfix": false,
        "binop": null,
        "updateContext": null
      },
      "start": 373,
      "end": 374,
      "loc": {
        "start": {
          "line": 15,
          "column": 25
        },
        "end": {
          "line": 15,
          "column": 26
        }
      }
    },
    {
      "type": {
        "label": "name",
        "beforeExpr": false,
        "startsExpr": true,
        "rightAssociative": false,
        "isLoop": false,
        "isAssign": false,
        "prefix": false,
        "postfix": false,
        "binop": null
      },
      "value": "config",
      "start": 375,
      "end": 381,
      "loc": {
        "start": {
          "line": 15,
          "column": 27
        },
        "end": {
          "line": 15,
          "column": 33
        }
      }
    },
    {
      "type": {
        "label": ")",
        "beforeExpr": false,
        "startsExpr": false,
        "rightAssociative": false,
        "isLoop": false,
        "isAssign": false,
        "prefix": false,
        "postfix": false,
        "binop": null
      },
      "start": 381,
      "end": 382,
      "loc": {
        "start": {
          "line": 15,
          "column": 33
        },
        "end": {
          "line": 15,
          "column": 34
        }
      }
    },
    {
      "type": {
        "label": "{",
        "beforeExpr": true,
        "startsExpr": true,
        "rightAssociative": false,
        "isLoop": false,
        "isAssign": false,
        "prefix": false,
        "postfix": false,
        "binop": null
      },
      "start": 386,
      "end": 387,
      "loc": {
        "start": {
          "line": 16,
          "column": 3
        },
        "end": {
          "line": 16,
          "column": 4
        }
      }
    },
    {
      "type": {
        "label": "super",
        "keyword": "super",
        "beforeExpr": false,
        "startsExpr": true,
        "rightAssociative": false,
        "isLoop": false,
        "isAssign": false,
        "prefix": false,
        "postfix": false,
        "binop": null,
        "updateContext": null
      },
      "value": "super",
      "start": 394,
      "end": 399,
      "loc": {
        "start": {
          "line": 17,
          "column": 6
        },
        "end": {
          "line": 17,
          "column": 11
        }
      }
    },
    {
      "type": {
        "label": "(",
        "beforeExpr": true,
        "startsExpr": true,
        "rightAssociative": false,
        "isLoop": false,
        "isAssign": false,
        "prefix": false,
        "postfix": false,
        "binop": null
      },
      "start": 399,
      "end": 400,
      "loc": {
        "start": {
          "line": 17,
          "column": 11
        },
        "end": {
          "line": 17,
          "column": 12
        }
      }
    },
    {
      "type": {
        "label": "name",
        "beforeExpr": false,
        "startsExpr": true,
        "rightAssociative": false,
        "isLoop": false,
        "isAssign": false,
        "prefix": false,
        "postfix": false,
        "binop": null
      },
      "value": "data",
      "start": 400,
      "end": 404,
      "loc": {
        "start": {
          "line": 17,
          "column": 12
        },
        "end": {
          "line": 17,
          "column": 16
        }
      }
    },
    {
      "type": {
        "label": ",",
        "beforeExpr": true,
        "startsExpr": false,
        "rightAssociative": false,
        "isLoop": false,
        "isAssign": false,
        "prefix": false,
        "postfix": false,
        "binop": null,
        "updateContext": null
      },
      "start": 404,
      "end": 405,
      "loc": {
        "start": {
          "line": 17,
          "column": 16
        },
        "end": {
          "line": 17,
          "column": 17
        }
      }
    },
    {
      "type": {
        "label": "name",
        "beforeExpr": false,
        "startsExpr": true,
        "rightAssociative": false,
        "isLoop": false,
        "isAssign": false,
        "prefix": false,
        "postfix": false,
        "binop": null
      },
      "value": "config",
      "start": 406,
      "end": 412,
      "loc": {
        "start": {
          "line": 17,
          "column": 18
        },
        "end": {
          "line": 17,
          "column": 24
        }
      }
    },
    {
      "type": {
        "label": ")",
        "beforeExpr": false,
        "startsExpr": false,
        "rightAssociative": false,
        "isLoop": false,
        "isAssign": false,
        "prefix": false,
        "postfix": false,
        "binop": null
      },
      "start": 412,
      "end": 413,
      "loc": {
        "start": {
          "line": 17,
          "column": 24
        },
        "end": {
          "line": 17,
          "column": 25
        }
      }
    },
    {
      "type": {
        "label": ";",
        "beforeExpr": true,
        "startsExpr": false,
        "rightAssociative": false,
        "isLoop": false,
        "isAssign": false,
        "prefix": false,
        "postfix": false,
        "binop": null,
        "updateContext": null
      },
      "start": 413,
      "end": 414,
      "loc": {
        "start": {
          "line": 17,
          "column": 25
        },
        "end": {
          "line": 17,
          "column": 26
        }
      }
    },
    {
      "type": {
        "label": "this",
        "keyword": "this",
        "beforeExpr": false,
        "startsExpr": true,
        "rightAssociative": false,
        "isLoop": false,
        "isAssign": false,
        "prefix": false,
        "postfix": false,
        "binop": null,
        "updateContext": null
      },
      "value": "this",
      "start": 421,
      "end": 425,
      "loc": {
        "start": {
          "line": 18,
          "column": 6
        },
        "end": {
          "line": 18,
          "column": 10
        }
      }
    },
    {
      "type": {
        "label": ".",
        "beforeExpr": false,
        "startsExpr": false,
        "rightAssociative": false,
        "isLoop": false,
        "isAssign": false,
        "prefix": false,
        "postfix": false,
        "binop": null,
        "updateContext": null
      },
      "start": 425,
      "end": 426,
      "loc": {
        "start": {
          "line": 18,
          "column": 10
        },
        "end": {
          "line": 18,
          "column": 11
        }
      }
    },
    {
      "type": {
        "label": "name",
        "beforeExpr": false,
        "startsExpr": true,
        "rightAssociative": false,
        "isLoop": false,
        "isAssign": false,
        "prefix": false,
        "postfix": false,
        "binop": null
      },
      "value": "_asts",
      "start": 426,
      "end": 431,
      "loc": {
        "start": {
          "line": 18,
          "column": 11
        },
        "end": {
          "line": 18,
          "column": 16
        }
      }
    },
    {
      "type": {
        "label": "=",
        "beforeExpr": true,
        "startsExpr": false,
        "rightAssociative": false,
        "isLoop": false,
        "isAssign": true,
        "prefix": false,
        "postfix": false,
        "binop": null,
        "updateContext": null
      },
      "value": "=",
      "start": 432,
      "end": 433,
      "loc": {
        "start": {
          "line": 18,
          "column": 17
        },
        "end": {
          "line": 18,
          "column": 18
        }
      }
    },
    {
      "type": {
        "label": "name",
        "beforeExpr": false,
        "startsExpr": true,
        "rightAssociative": false,
        "isLoop": false,
        "isAssign": false,
        "prefix": false,
        "postfix": false,
        "binop": null
      },
      "value": "asts",
      "start": 434,
      "end": 438,
      "loc": {
        "start": {
          "line": 18,
          "column": 19
        },
        "end": {
          "line": 18,
          "column": 23
        }
      }
    },
    {
      "type": {
        "label": ";",
        "beforeExpr": true,
        "startsExpr": false,
        "rightAssociative": false,
        "isLoop": false,
        "isAssign": false,
        "prefix": false,
        "postfix": false,
        "binop": null,
        "updateContext": null
      },
      "start": 438,
      "end": 439,
      "loc": {
        "start": {
          "line": 18,
          "column": 23
        },
        "end": {
          "line": 18,
          "column": 24
        }
      }
    },
    {
      "type": {
        "label": "}",
        "beforeExpr": false,
        "startsExpr": false,
        "rightAssociative": false,
        "isLoop": false,
        "isAssign": false,
        "prefix": false,
        "postfix": false,
        "binop": null
      },
      "start": 443,
      "end": 444,
      "loc": {
        "start": {
          "line": 19,
          "column": 3
        },
        "end": {
          "line": 19,
          "column": 4
        }
      }
    },
    {
      "type": "CommentBlock",
      "value": "*\n    * execute building output.\n    *\n    * @param {function(ast: string, filePath: string)} callback - is called each asts.\n    ",
      "start": 449,
      "end": 583,
      "loc": {
        "start": {
          "line": 21,
          "column": 3
        },
        "end": {
          "line": 25,
          "column": 6
        }
      }
    },
    {
      "type": {
        "label": "name",
        "beforeExpr": false,
        "startsExpr": true,
        "rightAssociative": false,
        "isLoop": false,
        "isAssign": false,
        "prefix": false,
        "postfix": false,
        "binop": null
      },
      "value": "exec",
      "start": 587,
      "end": 591,
      "loc": {
        "start": {
          "line": 26,
          "column": 3
        },
        "end": {
          "line": 26,
          "column": 7
        }
      }
    },
    {
      "type": {
        "label": "(",
        "beforeExpr": true,
        "startsExpr": true,
        "rightAssociative": false,
        "isLoop": false,
        "isAssign": false,
        "prefix": false,
        "postfix": false,
        "binop": null
      },
      "start": 591,
      "end": 592,
      "loc": {
        "start": {
          "line": 26,
          "column": 7
        },
        "end": {
          "line": 26,
          "column": 8
        }
      }
    },
    {
      "type": {
        "label": "name",
        "beforeExpr": false,
        "startsExpr": true,
        "rightAssociative": false,
        "isLoop": false,
        "isAssign": false,
        "prefix": false,
        "postfix": false,
        "binop": null
      },
      "value": "callback",
      "start": 592,
      "end": 600,
      "loc": {
        "start": {
          "line": 26,
          "column": 8
        },
        "end": {
          "line": 26,
          "column": 16
        }
      }
    },
    {
      "type": {
        "label": ")",
        "beforeExpr": false,
        "startsExpr": false,
        "rightAssociative": false,
        "isLoop": false,
        "isAssign": false,
        "prefix": false,
        "postfix": false,
        "binop": null
      },
      "start": 600,
      "end": 601,
      "loc": {
        "start": {
          "line": 26,
          "column": 16
        },
        "end": {
          "line": 26,
          "column": 17
        }
      }
    },
    {
      "type": {
        "label": "{",
        "beforeExpr": true,
        "startsExpr": true,
        "rightAssociative": false,
        "isLoop": false,
        "isAssign": false,
        "prefix": false,
        "postfix": false,
        "binop": null
      },
      "start": 605,
      "end": 606,
      "loc": {
        "start": {
          "line": 27,
          "column": 3
        },
        "end": {
          "line": 27,
          "column": 4
        }
      }
    },
    {
      "type": {
        "label": "for",
        "keyword": "for",
        "beforeExpr": false,
        "startsExpr": false,
        "rightAssociative": false,
        "isLoop": true,
        "isAssign": false,
        "prefix": false,
        "postfix": false,
        "binop": null,
        "updateContext": null
      },
      "value": "for",
      "start": 613,
      "end": 616,
      "loc": {
        "start": {
          "line": 28,
          "column": 6
        },
        "end": {
          "line": 28,
          "column": 9
        }
      }
    },
    {
      "type": {
        "label": "(",
        "beforeExpr": true,
        "startsExpr": true,
        "rightAssociative": false,
        "isLoop": false,
        "isAssign": false,
        "prefix": false,
        "postfix": false,
        "binop": null
      },
      "start": 617,
      "end": 618,
      "loc": {
        "start": {
          "line": 28,
          "column": 10
        },
        "end": {
          "line": 28,
          "column": 11
        }
      }
    },
    {
      "type": {
        "label": "const",
        "keyword": "const",
        "beforeExpr": false,
        "startsExpr": false,
        "rightAssociative": false,
        "isLoop": false,
        "isAssign": false,
        "prefix": false,
        "postfix": false,
        "binop": null,
        "updateContext": null
      },
      "value": "const",
      "start": 618,
      "end": 623,
      "loc": {
        "start": {
          "line": 28,
          "column": 11
        },
        "end": {
          "line": 28,
          "column": 16
        }
      }
    },
    {
      "type": {
        "label": "name",
        "beforeExpr": false,
        "startsExpr": true,
        "rightAssociative": false,
        "isLoop": false,
        "isAssign": false,
        "prefix": false,
        "postfix": false,
        "binop": null
      },
      "value": "ast",
      "start": 624,
      "end": 627,
      "loc": {
        "start": {
          "line": 28,
          "column": 17
        },
        "end": {
          "line": 28,
          "column": 20
        }
      }
    },
    {
      "type": {
        "label": "name",
        "beforeExpr": false,
        "startsExpr": true,
        "rightAssociative": false,
        "isLoop": false,
        "isAssign": false,
        "prefix": false,
        "postfix": false,
        "binop": null
      },
      "value": "of",
      "start": 628,
      "end": 630,
      "loc": {
        "start": {
          "line": 28,
          "column": 21
        },
        "end": {
          "line": 28,
          "column": 23
        }
      }
    },
    {
      "type": {
        "label": "this",
        "keyword": "this",
        "beforeExpr": false,
        "startsExpr": true,
        "rightAssociative": false,
        "isLoop": false,
        "isAssign": false,
        "prefix": false,
        "postfix": false,
        "binop": null,
        "updateContext": null
      },
      "value": "this",
      "start": 631,
      "end": 635,
      "loc": {
        "start": {
          "line": 28,
          "column": 24
        },
        "end": {
          "line": 28,
          "column": 28
        }
      }
    },
    {
      "type": {
        "label": ".",
        "beforeExpr": false,
        "startsExpr": false,
        "rightAssociative": false,
        "isLoop": false,
        "isAssign": false,
        "prefix": false,
        "postfix": false,
        "binop": null,
        "updateContext": null
      },
      "start": 635,
      "end": 636,
      "loc": {
        "start": {
          "line": 28,
          "column": 28
        },
        "end": {
          "line": 28,
          "column": 29
        }
      }
    },
    {
      "type": {
        "label": "name",
        "beforeExpr": false,
        "startsExpr": true,
        "rightAssociative": false,
        "isLoop": false,
        "isAssign": false,
        "prefix": false,
        "postfix": false,
        "binop": null
      },
      "value": "_asts",
      "start": 636,
      "end": 641,
      "loc": {
        "start": {
          "line": 28,
          "column": 29
        },
        "end": {
          "line": 28,
          "column": 34
        }
      }
    },
    {
      "type": {
        "label": ")",
        "beforeExpr": false,
        "startsExpr": false,
        "rightAssociative": false,
        "isLoop": false,
        "isAssign": false,
        "prefix": false,
        "postfix": false,
        "binop": null
      },
      "start": 641,
      "end": 642,
      "loc": {
        "start": {
          "line": 28,
          "column": 34
        },
        "end": {
          "line": 28,
          "column": 35
        }
      }
    },
    {
      "type": {
        "label": "{",
        "beforeExpr": true,
        "startsExpr": true,
        "rightAssociative": false,
        "isLoop": false,
        "isAssign": false,
        "prefix": false,
        "postfix": false,
        "binop": null
      },
      "start": 649,
      "end": 650,
      "loc": {
        "start": {
          "line": 29,
          "column": 6
        },
        "end": {
          "line": 29,
          "column": 7
        }
      }
    },
    {
      "type": {
        "label": "const",
        "keyword": "const",
        "beforeExpr": false,
        "startsExpr": false,
        "rightAssociative": false,
        "isLoop": false,
        "isAssign": false,
        "prefix": false,
        "postfix": false,
        "binop": null,
        "updateContext": null
      },
      "value": "const",
      "start": 660,
      "end": 665,
      "loc": {
        "start": {
          "line": 30,
          "column": 9
        },
        "end": {
          "line": 30,
          "column": 14
        }
      }
    },
    {
      "type": {
        "label": "name",
        "beforeExpr": false,
        "startsExpr": true,
        "rightAssociative": false,
        "isLoop": false,
        "isAssign": false,
        "prefix": false,
        "postfix": false,
        "binop": null
      },
      "value": "json",
      "start": 666,
      "end": 670,
      "loc": {
        "start": {
          "line": 30,
          "column": 15
        },
        "end": {
          "line": 30,
          "column": 19
        }
      }
    },
    {
      "type": {
        "label": "=",
        "beforeExpr": true,
        "startsExpr": false,
        "rightAssociative": false,
        "isLoop": false,
        "isAssign": true,
        "prefix": false,
        "postfix": false,
        "binop": null,
        "updateContext": null
      },
      "value": "=",
      "start": 671,
      "end": 672,
      "loc": {
        "start": {
          "line": 30,
          "column": 20
        },
        "end": {
          "line": 30,
          "column": 21
        }
      }
    },
    {
      "type": {
        "label": "name",
        "beforeExpr": false,
        "startsExpr": true,
        "rightAssociative": false,
        "isLoop": false,
        "isAssign": false,
        "prefix": false,
        "postfix": false,
        "binop": null
      },
      "value": "JSON",
      "start": 673,
      "end": 677,
      "loc": {
        "start": {
          "line": 30,
          "column": 22
        },
        "end": {
          "line": 30,
          "column": 26
        }
      }
    },
    {
      "type": {
        "label": ".",
        "beforeExpr": false,
        "startsExpr": false,
        "rightAssociative": false,
        "isLoop": false,
        "isAssign": false,
        "prefix": false,
        "postfix": false,
        "binop": null,
        "updateContext": null
      },
      "start": 677,
      "end": 678,
      "loc": {
        "start": {
          "line": 30,
          "column": 26
        },
        "end": {
          "line": 30,
          "column": 27
        }
      }
    },
    {
      "type": {
        "label": "name",
        "beforeExpr": false,
        "startsExpr": true,
        "rightAssociative": false,
        "isLoop": false,
        "isAssign": false,
        "prefix": false,
        "postfix": false,
        "binop": null
      },
      "value": "stringify",
      "start": 678,
      "end": 687,
      "loc": {
        "start": {
          "line": 30,
          "column": 27
        },
        "end": {
          "line": 30,
          "column": 36
        }
      }
    },
    {
      "type": {
        "label": "(",
        "beforeExpr": true,
        "startsExpr": true,
        "rightAssociative": false,
        "isLoop": false,
        "isAssign": false,
        "prefix": false,
        "postfix": false,
        "binop": null
      },
      "start": 687,
      "end": 688,
      "loc": {
        "start": {
          "line": 30,
          "column": 36
        },
        "end": {
          "line": 30,
          "column": 37
        }
      }
    },
    {
      "type": {
        "label": "name",
        "beforeExpr": false,
        "startsExpr": true,
        "rightAssociative": false,
        "isLoop": false,
        "isAssign": false,
        "prefix": false,
        "postfix": false,
        "binop": null
      },
      "value": "ast",
      "start": 688,
      "end": 691,
      "loc": {
        "start": {
          "line": 30,
          "column": 37
        },
        "end": {
          "line": 30,
          "column": 40
        }
      }
    },
    {
      "type": {
        "label": ".",
        "beforeExpr": false,
        "startsExpr": false,
        "rightAssociative": false,
        "isLoop": false,
        "isAssign": false,
        "prefix": false,
        "postfix": false,
        "binop": null,
        "updateContext": null
      },
      "start": 691,
      "end": 692,
      "loc": {
        "start": {
          "line": 30,
          "column": 40
        },
        "end": {
          "line": 30,
          "column": 41
        }
      }
    },
    {
      "type": {
        "label": "name",
        "beforeExpr": false,
        "startsExpr": true,
        "rightAssociative": false,
        "isLoop": false,
        "isAssign": false,
        "prefix": false,
        "postfix": false,
        "binop": null
      },
      "value": "ast",
      "start": 692,
      "end": 695,
      "loc": {
        "start": {
          "line": 30,
          "column": 41
        },
        "end": {
          "line": 30,
          "column": 44
        }
      }
    },
    {
      "type": {
        "label": ",",
        "beforeExpr": true,
        "startsExpr": false,
        "rightAssociative": false,
        "isLoop": false,
        "isAssign": false,
        "prefix": false,
        "postfix": false,
        "binop": null,
        "updateContext": null
      },
      "start": 695,
      "end": 696,
      "loc": {
        "start": {
          "line": 30,
          "column": 44
        },
        "end": {
          "line": 30,
          "column": 45
        }
      }
    },
    {
      "type": {
        "label": "null",
        "keyword": "null",
        "beforeExpr": false,
        "startsExpr": true,
        "rightAssociative": false,
        "isLoop": false,
        "isAssign": false,
        "prefix": false,
        "postfix": false,
        "binop": null,
        "updateContext": null
      },
      "value": "null",
      "start": 697,
      "end": 701,
      "loc": {
        "start": {
          "line": 30,
          "column": 46
        },
        "end": {
          "line": 30,
          "column": 50
        }
      }
    },
    {
      "type": {
        "label": ",",
        "beforeExpr": true,
        "startsExpr": false,
        "rightAssociative": false,
        "isLoop": false,
        "isAssign": false,
        "prefix": false,
        "postfix": false,
        "binop": null,
        "updateContext": null
      },
      "start": 701,
      "end": 702,
      "loc": {
        "start": {
          "line": 30,
          "column": 50
        },
        "end": {
          "line": 30,
          "column": 51
        }
      }
    },
    {
      "type": {
        "label": "num",
        "beforeExpr": false,
        "startsExpr": true,
        "rightAssociative": false,
        "isLoop": false,
        "isAssign": false,
        "prefix": false,
        "postfix": false,
        "binop": null,
        "updateContext": null
      },
      "value": 2,
      "start": 703,
      "end": 704,
      "loc": {
        "start": {
          "line": 30,
          "column": 52
        },
        "end": {
          "line": 30,
          "column": 53
        }
      }
    },
    {
      "type": {
        "label": ")",
        "beforeExpr": false,
        "startsExpr": false,
        "rightAssociative": false,
        "isLoop": false,
        "isAssign": false,
        "prefix": false,
        "postfix": false,
        "binop": null
      },
      "start": 704,
      "end": 705,
      "loc": {
        "start": {
          "line": 30,
          "column": 53
        },
        "end": {
          "line": 30,
          "column": 54
        }
      }
    },
    {
      "type": {
        "label": ";",
        "beforeExpr": true,
        "startsExpr": false,
        "rightAssociative": false,
        "isLoop": false,
        "isAssign": false,
        "prefix": false,
        "postfix": false,
        "binop": null,
        "updateContext": null
      },
      "start": 705,
      "end": 706,
      "loc": {
        "start": {
          "line": 30,
          "column": 54
        },
        "end": {
          "line": 30,
          "column": 55
        }
      }
    },
    {
      "type": {
        "label": "const",
        "keyword": "const",
        "beforeExpr": false,
        "startsExpr": false,
        "rightAssociative": false,
        "isLoop": false,
        "isAssign": false,
        "prefix": false,
        "postfix": false,
        "binop": null,
        "updateContext": null
      },
      "value": "const",
      "start": 716,
      "end": 721,
      "loc": {
        "start": {
          "line": 31,
          "column": 9
        },
        "end": {
          "line": 31,
          "column": 14
        }
      }
    },
    {
      "type": {
        "label": "name",
        "beforeExpr": false,
        "startsExpr": true,
        "rightAssociative": false,
        "isLoop": false,
        "isAssign": false,
        "prefix": false,
        "postfix": false,
        "binop": null
      },
      "value": "filePath",
      "start": 722,
      "end": 730,
      "loc": {
        "start": {
          "line": 31,
          "column": 15
        },
        "end": {
          "line": 31,
          "column": 23
        }
      }
    },
    {
      "type": {
        "label": "=",
        "beforeExpr": true,
        "startsExpr": false,
        "rightAssociative": false,
        "isLoop": false,
        "isAssign": true,
        "prefix": false,
        "postfix": false,
        "binop": null,
        "updateContext": null
      },
      "value": "=",
      "start": 731,
      "end": 732,
      "loc": {
        "start": {
          "line": 31,
          "column": 24
        },
        "end": {
          "line": 31,
          "column": 25
        }
      }
    },
    {
      "type": {
        "label": "`",
        "beforeExpr": false,
        "startsExpr": true,
        "rightAssociative": false,
        "isLoop": false,
        "isAssign": false,
        "prefix": false,
        "postfix": false,
        "binop": null
      },
      "start": 733,
      "end": 734,
      "loc": {
        "start": {
          "line": 31,
          "column": 26
        },
        "end": {
          "line": 31,
          "column": 27
        }
      }
    },
    {
      "type": {
        "label": "template",
        "beforeExpr": false,
        "startsExpr": false,
        "rightAssociative": false,
        "isLoop": false,
        "isAssign": false,
        "prefix": false,
        "postfix": false,
        "binop": null,
        "updateContext": null
      },
      "value": "ast/",
      "start": 734,
      "end": 738,
      "loc": {
        "start": {
          "line": 31,
          "column": 27
        },
        "end": {
          "line": 31,
          "column": 31
        }
      }
    },
    {
      "type": {
        "label": "${",
        "beforeExpr": true,
        "startsExpr": true,
        "rightAssociative": false,
        "isLoop": false,
        "isAssign": false,
        "prefix": false,
        "postfix": false,
        "binop": null
      },
      "start": 738,
      "end": 740,
      "loc": {
        "start": {
          "line": 31,
          "column": 31
        },
        "end": {
          "line": 31,
          "column": 33
        }
      }
    },
    {
      "type": {
        "label": "name",
        "beforeExpr": false,
        "startsExpr": true,
        "rightAssociative": false,
        "isLoop": false,
        "isAssign": false,
        "prefix": false,
        "postfix": false,
        "binop": null
      },
      "value": "ast",
      "start": 740,
      "end": 743,
      "loc": {
        "start": {
          "line": 31,
          "column": 33
        },
        "end": {
          "line": 31,
          "column": 36
        }
      }
    },
    {
      "type": {
        "label": ".",
        "beforeExpr": false,
        "startsExpr": false,
        "rightAssociative": false,
        "isLoop": false,
        "isAssign": false,
        "prefix": false,
        "postfix": false,
        "binop": null,
        "updateContext": null
      },
      "start": 743,
      "end": 744,
      "loc": {
        "start": {
          "line": 31,
          "column": 36
        },
        "end": {
          "line": 31,
          "column": 37
        }
      }
    },
    {
      "type": {
        "label": "name",
        "beforeExpr": false,
        "startsExpr": true,
        "rightAssociative": false,
        "isLoop": false,
        "isAssign": false,
        "prefix": false,
        "postfix": false,
        "binop": null
      },
      "value": "filePath",
      "start": 744,
      "end": 752,
      "loc": {
        "start": {
          "line": 31,
          "column": 37
        },
        "end": {
          "line": 31,
          "column": 45
        }
      }
    },
    {
      "type": {
        "label": "}",
        "beforeExpr": false,
        "startsExpr": false,
        "rightAssociative": false,
        "isLoop": false,
        "isAssign": false,
        "prefix": false,
        "postfix": false,
        "binop": null
      },
      "start": 752,
      "end": 753,
      "loc": {
        "start": {
          "line": 31,
          "column": 45
        },
        "end": {
          "line": 31,
          "column": 46
        }
      }
    },
    {
      "type": {
        "label": "template",
        "beforeExpr": false,
        "startsExpr": false,
        "rightAssociative": false,
        "isLoop": false,
        "isAssign": false,
        "prefix": false,
        "postfix": false,
        "binop": null,
        "updateContext": null
      },
      "value": ".json",
      "start": 753,
      "end": 758,
      "loc": {
        "start": {
          "line": 31,
          "column": 46
        },
        "end": {
          "line": 31,
          "column": 51
        }
      }
    },
    {
      "type": {
        "label": "`",
        "beforeExpr": false,
        "startsExpr": true,
        "rightAssociative": false,
        "isLoop": false,
        "isAssign": false,
        "prefix": false,
        "postfix": false,
        "binop": null
      },
      "start": 758,
      "end": 759,
      "loc": {
        "start": {
          "line": 31,
          "column": 51
        },
        "end": {
          "line": 31,
          "column": 52
        }
      }
    },
    {
      "type": {
        "label": ";",
        "beforeExpr": true,
        "startsExpr": false,
        "rightAssociative": false,
        "isLoop": false,
        "isAssign": false,
        "prefix": false,
        "postfix": false,
        "binop": null,
        "updateContext": null
      },
      "start": 759,
      "end": 760,
      "loc": {
        "start": {
          "line": 31,
          "column": 52
        },
        "end": {
          "line": 31,
          "column": 53
        }
      }
    },
    {
      "type": {
        "label": "name",
        "beforeExpr": false,
        "startsExpr": true,
        "rightAssociative": false,
        "isLoop": false,
        "isAssign": false,
        "prefix": false,
        "postfix": false,
        "binop": null
      },
      "value": "callback",
      "start": 771,
      "end": 779,
      "loc": {
        "start": {
          "line": 33,
          "column": 9
        },
        "end": {
          "line": 33,
          "column": 17
        }
      }
    },
    {
      "type": {
        "label": "(",
        "beforeExpr": true,
        "startsExpr": true,
        "rightAssociative": false,
        "isLoop": false,
        "isAssign": false,
        "prefix": false,
        "postfix": false,
        "binop": null
      },
      "start": 779,
      "end": 780,
      "loc": {
        "start": {
          "line": 33,
          "column": 17
        },
        "end": {
          "line": 33,
          "column": 18
        }
      }
    },
    {
      "type": {
        "label": "name",
        "beforeExpr": false,
        "startsExpr": true,
        "rightAssociative": false,
        "isLoop": false,
        "isAssign": false,
        "prefix": false,
        "postfix": false,
        "binop": null
      },
      "value": "json",
      "start": 780,
      "end": 784,
      "loc": {
        "start": {
          "line": 33,
          "column": 18
        },
        "end": {
          "line": 33,
          "column": 22
        }
      }
    },
    {
      "type": {
        "label": ",",
        "beforeExpr": true,
        "startsExpr": false,
        "rightAssociative": false,
        "isLoop": false,
        "isAssign": false,
        "prefix": false,
        "postfix": false,
        "binop": null,
        "updateContext": null
      },
      "start": 784,
      "end": 785,
      "loc": {
        "start": {
          "line": 33,
          "column": 22
        },
        "end": {
          "line": 33,
          "column": 23
        }
      }
    },
    {
      "type": {
        "label": "name",
        "beforeExpr": false,
        "startsExpr": true,
        "rightAssociative": false,
        "isLoop": false,
        "isAssign": false,
        "prefix": false,
        "postfix": false,
        "binop": null
      },
      "value": "filePath",
      "start": 786,
      "end": 794,
      "loc": {
        "start": {
          "line": 33,
          "column": 24
        },
        "end": {
          "line": 33,
          "column": 32
        }
      }
    },
    {
      "type": {
        "label": ")",
        "beforeExpr": false,
        "startsExpr": false,
        "rightAssociative": false,
        "isLoop": false,
        "isAssign": false,
        "prefix": false,
        "postfix": false,
        "binop": null
      },
      "start": 794,
      "end": 795,
      "loc": {
        "start": {
          "line": 33,
          "column": 32
        },
        "end": {
          "line": 33,
          "column": 33
        }
      }
    },
    {
      "type": {
        "label": ";",
        "beforeExpr": true,
        "startsExpr": false,
        "rightAssociative": false,
        "isLoop": false,
        "isAssign": false,
        "prefix": false,
        "postfix": false,
        "binop": null,
        "updateContext": null
      },
      "start": 795,
      "end": 796,
      "loc": {
        "start": {
          "line": 33,
          "column": 33
        },
        "end": {
          "line": 33,
          "column": 34
        }
      }
    },
    {
      "type": {
        "label": "}",
        "beforeExpr": false,
        "startsExpr": false,
        "rightAssociative": false,
        "isLoop": false,
        "isAssign": false,
        "prefix": false,
        "postfix": false,
        "binop": null
      },
      "start": 803,
      "end": 804,
      "loc": {
        "start": {
          "line": 34,
          "column": 6
        },
        "end": {
          "line": 34,
          "column": 7
        }
      }
    },
    {
      "type": {
        "label": "}",
        "beforeExpr": false,
        "startsExpr": false,
        "rightAssociative": false,
        "isLoop": false,
        "isAssign": false,
        "prefix": false,
        "postfix": false,
        "binop": null
      },
      "start": 808,
      "end": 809,
      "loc": {
        "start": {
          "line": 35,
          "column": 3
        },
        "end": {
          "line": 35,
          "column": 4
        }
      }
    },
    {
      "type": {
        "label": "}",
        "beforeExpr": false,
        "startsExpr": false,
        "rightAssociative": false,
        "isLoop": false,
        "isAssign": false,
        "prefix": false,
        "postfix": false,
        "binop": null
      },
      "start": 810,
      "end": 811,
      "loc": {
        "start": {
          "line": 36,
          "column": 0
        },
        "end": {
          "line": 36,
          "column": 1
        }
      }
    },
    {
      "type": {
        "label": "eof",
        "beforeExpr": false,
        "startsExpr": false,
        "rightAssociative": false,
        "isLoop": false,
        "isAssign": false,
        "prefix": false,
        "postfix": false,
        "binop": null,
        "updateContext": null
      },
      "start": 812,
      "end": 812,
      "loc": {
        "start": {
          "line": 37,
          "column": 0
        },
        "end": {
          "line": 37,
          "column": 0
        }
      }
    }
  ]
}