{
  "type": "File",
  "start": 0,
  "end": 628,
  "loc": {
    "start": {
      "line": 1,
      "column": 0
    },
    "end": {
      "line": 29,
      "column": 0
    }
  },
  "program": {
    "type": "Program",
    "start": 0,
    "end": 628,
    "loc": {
      "start": {
        "line": 1,
        "column": 0
      },
      "end": {
        "line": 29,
        "column": 0
      }
    },
    "sourceType": "module",
    "body": [
      {
        "type": "ImportDeclaration",
        "start": 0,
        "end": 41,
        "loc": {
          "start": {
            "line": 1,
            "column": 0
          },
          "end": {
            "line": 1,
            "column": 41
          }
        },
        "specifiers": [
          {
            "type": "ImportDefaultSpecifier",
            "start": 7,
            "end": 13,
            "loc": {
              "start": {
                "line": 1,
                "column": 7
              },
              "end": {
                "line": 1,
                "column": 13
              }
            },
            "local": {
              "type": "Identifier",
              "start": 7,
              "end": 13,
              "loc": {
                "start": {
                  "line": 1,
                  "column": 7
                },
                "end": {
                  "line": 1,
                  "column": 13
                },
                "identifierName": "walker"
              },
              "name": "walker"
            }
          }
        ],
        "importKind": "value",
        "source": {
          "type": "StringLiteral",
          "start": 19,
          "end": 40,
          "loc": {
            "start": {
              "line": 1,
              "column": 19
            },
            "end": {
              "line": 1,
              "column": 40
            }
          },
          "extra": {
            "rawValue": "typhonjs-ast-walker",
            "raw": "'typhonjs-ast-walker'"
          },
          "value": "typhonjs-ast-walker"
        },
        "trailingComments": [
          {
            "type": "CommentBlock",
            "value": "*\n * Wires up walker on the plugin eventbus.\n *\n * @param {PluginEvent} ev - The plugin event.\n *\n * @ignore\n ",
            "start": 43,
            "end": 157,
            "loc": {
              "start": {
                "line": 3,
                "column": 0
              },
              "end": {
                "line": 9,
                "column": 3
              }
            }
          }
        ]
      },
      {
        "type": "ExportNamedDeclaration",
        "start": 158,
        "end": 279,
        "loc": {
          "start": {
            "line": 10,
            "column": 0
          },
          "end": {
            "line": 15,
            "column": 1
          }
        },
        "specifiers": [],
        "source": null,
        "declaration": {
          "type": "FunctionDeclaration",
          "start": 165,
          "end": 279,
          "loc": {
            "start": {
              "line": 10,
              "column": 7
            },
            "end": {
              "line": 15,
              "column": 1
            }
          },
          "id": {
            "type": "Identifier",
            "start": 174,
            "end": 186,
            "loc": {
              "start": {
                "line": 10,
                "column": 16
              },
              "end": {
                "line": 10,
                "column": 28
              },
              "identifierName": "onPluginLoad"
            },
            "name": "onPluginLoad",
            "leadingComments": null
          },
          "generator": false,
          "expression": false,
          "async": false,
          "params": [
            {
              "type": "Identifier",
              "start": 187,
              "end": 189,
              "loc": {
                "start": {
                  "line": 10,
                  "column": 29
                },
                "end": {
                  "line": 10,
                  "column": 31
                },
                "identifierName": "ev"
              },
              "name": "ev"
            }
          ],
          "body": {
            "type": "BlockStatement",
            "start": 191,
            "end": 279,
            "loc": {
              "start": {
                "line": 11,
                "column": 0
              },
              "end": {
                "line": 15,
                "column": 1
              }
            },
            "body": [
              {
                "type": "VariableDeclaration",
                "start": 196,
                "end": 225,
                "loc": {
                  "start": {
                    "line": 12,
                    "column": 3
                  },
                  "end": {
                    "line": 12,
                    "column": 32
                  }
                },
                "declarations": [
                  {
                    "type": "VariableDeclarator",
                    "start": 202,
                    "end": 224,
                    "loc": {
                      "start": {
                        "line": 12,
                        "column": 9
                      },
                      "end": {
                        "line": 12,
                        "column": 31
                      }
                    },
                    "id": {
                      "type": "Identifier",
                      "start": 202,
                      "end": 210,
                      "loc": {
                        "start": {
                          "line": 12,
                          "column": 9
                        },
                        "end": {
                          "line": 12,
                          "column": 17
                        },
                        "identifierName": "eventbus"
                      },
                      "name": "eventbus"
                    },
                    "init": {
                      "type": "MemberExpression",
                      "start": 213,
                      "end": 224,
                      "loc": {
                        "start": {
                          "line": 12,
                          "column": 20
                        },
                        "end": {
                          "line": 12,
                          "column": 31
                        }
                      },
                      "object": {
                        "type": "Identifier",
                        "start": 213,
                        "end": 215,
                        "loc": {
                          "start": {
                            "line": 12,
                            "column": 20
                          },
                          "end": {
                            "line": 12,
                            "column": 22
                          },
                          "identifierName": "ev"
                        },
                        "name": "ev"
                      },
                      "property": {
                        "type": "Identifier",
                        "start": 216,
                        "end": 224,
                        "loc": {
                          "start": {
                            "line": 12,
                            "column": 23
                          },
                          "end": {
                            "line": 12,
                            "column": 31
                          },
                          "identifierName": "eventbus"
                        },
                        "name": "eventbus"
                      },
                      "computed": false
                    }
                  }
                ],
                "kind": "const"
              },
              {
                "type": "ExpressionStatement",
                "start": 230,
                "end": 277,
                "loc": {
                  "start": {
                    "line": 14,
                    "column": 3
                  },
                  "end": {
                    "line": 14,
                    "column": 50
                  }
                },
                "expression": {
                  "type": "CallExpression",
                  "start": 230,
                  "end": 276,
                  "loc": {
                    "start": {
                      "line": 14,
                      "column": 3
                    },
                    "end": {
                      "line": 14,
                      "column": 49
                    }
                  },
                  "callee": {
                    "type": "MemberExpression",
                    "start": 230,
                    "end": 241,
                    "loc": {
                      "start": {
                        "line": 14,
                        "column": 3
                      },
                      "end": {
                        "line": 14,
                        "column": 14
                      }
                    },
                    "object": {
                      "type": "Identifier",
                      "start": 230,
                      "end": 238,
                      "loc": {
                        "start": {
                          "line": 14,
                          "column": 3
                        },
                        "end": {
                          "line": 14,
                          "column": 11
                        },
                        "identifierName": "eventbus"
                      },
                      "name": "eventbus"
                    },
                    "property": {
                      "type": "Identifier",
                      "start": 239,
                      "end": 241,
                      "loc": {
                        "start": {
                          "line": 14,
                          "column": 12
                        },
                        "end": {
                          "line": 14,
                          "column": 14
                        },
                        "identifierName": "on"
                      },
                      "name": "on"
                    },
                    "computed": false
                  },
                  "arguments": [
                    {
                      "type": "StringLiteral",
                      "start": 242,
                      "end": 263,
                      "loc": {
                        "start": {
                          "line": 14,
                          "column": 15
                        },
                        "end": {
                          "line": 14,
                          "column": 36
                        }
                      },
                      "extra": {
                        "rawValue": "ast:walker:traverse",
                        "raw": "'ast:walker:traverse'"
                      },
                      "value": "ast:walker:traverse"
                    },
                    {
                      "type": "Identifier",
                      "start": 265,
                      "end": 275,
                      "loc": {
                        "start": {
                          "line": 14,
                          "column": 38
                        },
                        "end": {
                          "line": 14,
                          "column": 48
                        },
                        "identifierName": "s_TRAVERSE"
                      },
                      "name": "s_TRAVERSE"
                    }
                  ]
                }
              }
            ],
            "directives": [],
            "trailingComments": null
          },
          "leadingComments": [
            {
              "type": "CommentBlock",
              "value": "*\n * Wires up walker on the plugin eventbus.\n *\n * @param {PluginEvent} ev - The plugin event.\n *\n * @ignore\n ",
              "start": 43,
              "end": 157,
              "loc": {
                "start": {
                  "line": 3,
                  "column": 0
                },
                "end": {
                  "line": 9,
                  "column": 3
                }
              }
            }
          ],
          "trailingComments": [
            {
              "type": "CommentBlock",
              "value": "*\n * traverse ast nodes.\n *\n * @param {AST}                                    ast - target AST.\n * @param {function(node: Object, parent: Object)} callback - this is called with each node.\n *\n * @ignore\n ",
              "start": 281,
              "end": 490,
              "loc": {
                "start": {
                  "line": 17,
                  "column": 0
                },
                "end": {
                  "line": 24,
                  "column": 3
                }
              }
            }
          ]
        },
        "leadingComments": [
          {
            "type": "CommentBlock",
            "value": "*\n * Wires up walker on the plugin eventbus.\n *\n * @param {PluginEvent} ev - The plugin event.\n *\n * @ignore\n ",
            "start": 43,
            "end": 157,
            "loc": {
              "start": {
                "line": 3,
                "column": 0
              },
              "end": {
                "line": 9,
                "column": 3
              }
            }
          }
        ],
        "trailingComments": [
          {
            "type": "CommentBlock",
            "value": "*\n * traverse ast nodes.\n *\n * @param {AST}                                    ast - target AST.\n * @param {function(node: Object, parent: Object)} callback - this is called with each node.\n *\n * @ignore\n ",
            "start": 281,
            "end": 490,
            "loc": {
              "start": {
                "line": 17,
                "column": 0
              },
              "end": {
                "line": 24,
                "column": 3
              }
            }
          }
        ],
        "exportKind": "value"
      },
      {
        "type": "VariableDeclaration",
        "start": 491,
        "end": 627,
        "loc": {
          "start": {
            "line": 25,
            "column": 0
          },
          "end": {
            "line": 28,
            "column": 2
          }
        },
        "declarations": [
          {
            "type": "VariableDeclarator",
            "start": 497,
            "end": 626,
            "loc": {
              "start": {
                "line": 25,
                "column": 6
              },
              "end": {
                "line": 28,
                "column": 1
              }
            },
            "id": {
              "type": "Identifier",
              "start": 497,
              "end": 507,
              "loc": {
                "start": {
                  "line": 25,
                  "column": 6
                },
                "end": {
                  "line": 25,
                  "column": 16
                },
                "identifierName": "s_TRAVERSE"
              },
              "name": "s_TRAVERSE",
              "leadingComments": null
            },
            "init": {
              "type": "ArrowFunctionExpression",
              "start": 510,
              "end": 626,
              "loc": {
                "start": {
                  "line": 25,
                  "column": 19
                },
                "end": {
                  "line": 28,
                  "column": 1
                }
              },
              "id": {
                "type": "Identifier",
                "start": 497,
                "end": 507,
                "loc": {
                  "start": {
                    "line": 25,
                    "column": 6
                  },
                  "end": {
                    "line": 25,
                    "column": 16
                  },
                  "identifierName": "s_TRAVERSE"
                },
                "name": "s_TRAVERSE",
                "leadingComments": null
              },
              "generator": false,
              "expression": false,
              "async": false,
              "params": [
                {
                  "type": "Identifier",
                  "start": 511,
                  "end": 514,
                  "loc": {
                    "start": {
                      "line": 25,
                      "column": 20
                    },
                    "end": {
                      "line": 25,
                      "column": 23
                    },
                    "identifierName": "ast"
                  },
                  "name": "ast"
                },
                {
                  "type": "Identifier",
                  "start": 516,
                  "end": 524,
                  "loc": {
                    "start": {
                      "line": 25,
                      "column": 25
                    },
                    "end": {
                      "line": 25,
                      "column": 33
                    },
                    "identifierName": "callback"
                  },
                  "name": "callback"
                }
              ],
              "body": {
                "type": "BlockStatement",
                "start": 529,
                "end": 626,
                "loc": {
                  "start": {
                    "line": 26,
                    "column": 0
                  },
                  "end": {
                    "line": 28,
                    "column": 1
                  }
                },
                "body": [
                  {
                    "type": "ExpressionStatement",
                    "start": 534,
                    "end": 624,
                    "loc": {
                      "start": {
                        "line": 27,
                        "column": 3
                      },
                      "end": {
                        "line": 27,
                        "column": 93
                      }
                    },
                    "expression": {
                      "type": "CallExpression",
                      "start": 534,
                      "end": 623,
                      "loc": {
                        "start": {
                          "line": 27,
                          "column": 3
                        },
                        "end": {
                          "line": 27,
                          "column": 92
                        }
                      },
                      "callee": {
                        "type": "MemberExpression",
                        "start": 534,
                        "end": 549,
                        "loc": {
                          "start": {
                            "line": 27,
                            "column": 3
                          },
                          "end": {
                            "line": 27,
                            "column": 18
                          }
                        },
                        "object": {
                          "type": "Identifier",
                          "start": 534,
                          "end": 540,
                          "loc": {
                            "start": {
                              "line": 27,
                              "column": 3
                            },
                            "end": {
                              "line": 27,
                              "column": 9
                            },
                            "identifierName": "walker"
                          },
                          "name": "walker"
                        },
                        "property": {
                          "type": "Identifier",
                          "start": 541,
                          "end": 549,
                          "loc": {
                            "start": {
                              "line": 27,
                              "column": 10
                            },
                            "end": {
                              "line": 27,
                              "column": 18
                            },
                            "identifierName": "traverse"
                          },
                          "name": "traverse"
                        },
                        "computed": false
                      },
                      "arguments": [
                        {
                          "type": "Identifier",
                          "start": 550,
                          "end": 553,
                          "loc": {
                            "start": {
                              "line": 27,
                              "column": 19
                            },
                            "end": {
                              "line": 27,
                              "column": 22
                            },
                            "identifierName": "ast"
                          },
                          "name": "ast"
                        },
                        {
                          "type": "ObjectExpression",
                          "start": 555,
                          "end": 622,
                          "loc": {
                            "start": {
                              "line": 27,
                              "column": 24
                            },
                            "end": {
                              "line": 27,
                              "column": 91
                            }
                          },
                          "properties": [
                            {
                              "type": "ObjectProperty",
                              "start": 557,
                              "end": 620,
                              "loc": {
                                "start": {
                                  "line": 27,
                                  "column": 26
                                },
                                "end": {
                                  "line": 27,
                                  "column": 89
                                }
                              },
                              "method": false,
                              "shorthand": false,
                              "computed": false,
                              "key": {
                                "type": "Identifier",
                                "start": 557,
                                "end": 566,
                                "loc": {
                                  "start": {
                                    "line": 27,
                                    "column": 26
                                  },
                                  "end": {
                                    "line": 27,
                                    "column": 35
                                  },
                                  "identifierName": "enterNode"
                                },
                                "name": "enterNode"
                              },
                              "value": {
                                "type": "ArrowFunctionExpression",
                                "start": 568,
                                "end": 620,
                                "loc": {
                                  "start": {
                                    "line": 27,
                                    "column": 37
                                  },
                                  "end": {
                                    "line": 27,
                                    "column": 89
                                  }
                                },
                                "id": null,
                                "generator": false,
                                "expression": false,
                                "async": false,
                                "params": [
                                  {
                                    "type": "Identifier",
                                    "start": 569,
                                    "end": 573,
                                    "loc": {
                                      "start": {
                                        "line": 27,
                                        "column": 38
                                      },
                                      "end": {
                                        "line": 27,
                                        "column": 42
                                      },
                                      "identifierName": "node"
                                    },
                                    "name": "node"
                                  },
                                  {
                                    "type": "Identifier",
                                    "start": 575,
                                    "end": 581,
                                    "loc": {
                                      "start": {
                                        "line": 27,
                                        "column": 44
                                      },
                                      "end": {
                                        "line": 27,
                                        "column": 50
                                      },
                                      "identifierName": "parent"
                                    },
                                    "name": "parent"
                                  }
                                ],
                                "body": {
                                  "type": "BlockStatement",
                                  "start": 586,
                                  "end": 620,
                                  "loc": {
                                    "start": {
                                      "line": 27,
                                      "column": 55
                                    },
                                    "end": {
                                      "line": 27,
                                      "column": 89
                                    }
                                  },
                                  "body": [
                                    {
                                      "type": "ReturnStatement",
                                      "start": 588,
                                      "end": 618,
                                      "loc": {
                                        "start": {
                                          "line": 27,
                                          "column": 57
                                        },
                                        "end": {
                                          "line": 27,
                                          "column": 87
                                        }
                                      },
                                      "argument": {
                                        "type": "CallExpression",
                                        "start": 595,
                                        "end": 617,
                                        "loc": {
                                          "start": {
                                            "line": 27,
                                            "column": 64
                                          },
                                          "end": {
                                            "line": 27,
                                            "column": 86
                                          }
                                        },
                                        "callee": {
                                          "type": "Identifier",
                                          "start": 595,
                                          "end": 603,
                                          "loc": {
                                            "start": {
                                              "line": 27,
                                              "column": 64
                                            },
                                            "end": {
                                              "line": 27,
                                              "column": 72
                                            },
                                            "identifierName": "callback"
                                          },
                                          "name": "callback"
                                        },
                                        "arguments": [
                                          {
                                            "type": "Identifier",
                                            "start": 604,
                                            "end": 608,
                                            "loc": {
                                              "start": {
                                                "line": 27,
                                                "column": 73
                                              },
                                              "end": {
                                                "line": 27,
                                                "column": 77
                                              },
                                              "identifierName": "node"
                                            },
                                            "name": "node"
                                          },
                                          {
                                            "type": "Identifier",
                                            "start": 610,
                                            "end": 616,
                                            "loc": {
                                              "start": {
                                                "line": 27,
                                                "column": 79
                                              },
                                              "end": {
                                                "line": 27,
                                                "column": 85
                                              },
                                              "identifierName": "parent"
                                            },
                                            "name": "parent"
                                          }
                                        ]
                                      }
                                    }
                                  ],
                                  "directives": []
                                }
                              }
                            }
                          ]
                        }
                      ]
                    }
                  }
                ],
                "directives": []
              }
            },
            "leadingComments": null
          }
        ],
        "kind": "const",
        "leadingComments": [
          {
            "type": "CommentBlock",
            "value": "*\n * traverse ast nodes.\n *\n * @param {AST}                                    ast - target AST.\n * @param {function(node: Object, parent: Object)} callback - this is called with each node.\n *\n * @ignore\n ",
            "start": 281,
            "end": 490,
            "loc": {
              "start": {
                "line": 17,
                "column": 0
              },
              "end": {
                "line": 24,
                "column": 3
              }
            }
          }
        ]
      }
    ],
    "directives": []
  },
  "comments": [
    {
      "type": "CommentBlock",
      "value": "*\n * Wires up walker on the plugin eventbus.\n *\n * @param {PluginEvent} ev - The plugin event.\n *\n * @ignore\n ",
      "start": 43,
      "end": 157,
      "loc": {
        "start": {
          "line": 3,
          "column": 0
        },
        "end": {
          "line": 9,
          "column": 3
        }
      }
    },
    {
      "type": "CommentBlock",
      "value": "*\n * traverse ast nodes.\n *\n * @param {AST}                                    ast - target AST.\n * @param {function(node: Object, parent: Object)} callback - this is called with each node.\n *\n * @ignore\n ",
      "start": 281,
      "end": 490,
      "loc": {
        "start": {
          "line": 17,
          "column": 0
        },
        "end": {
          "line": 24,
          "column": 3
        }
      }
    }
  ],
  "tokens": [
    {
      "type": {
        "label": "import",
        "keyword": "import",
        "beforeExpr": false,
        "startsExpr": false,
        "rightAssociative": false,
        "isLoop": false,
        "isAssign": false,
        "prefix": false,
        "postfix": false,
        "binop": null,
        "updateContext": null
      },
      "value": "import",
      "start": 0,
      "end": 6,
      "loc": {
        "start": {
          "line": 1,
          "column": 0
        },
        "end": {
          "line": 1,
          "column": 6
        }
      }
    },
    {
      "type": {
        "label": "name",
        "beforeExpr": false,
        "startsExpr": true,
        "rightAssociative": false,
        "isLoop": false,
        "isAssign": false,
        "prefix": false,
        "postfix": false,
        "binop": null
      },
      "value": "walker",
      "start": 7,
      "end": 13,
      "loc": {
        "start": {
          "line": 1,
          "column": 7
        },
        "end": {
          "line": 1,
          "column": 13
        }
      }
    },
    {
      "type": {
        "label": "name",
        "beforeExpr": false,
        "startsExpr": true,
        "rightAssociative": false,
        "isLoop": false,
        "isAssign": false,
        "prefix": false,
        "postfix": false,
        "binop": null
      },
      "value": "from",
      "start": 14,
      "end": 18,
      "loc": {
        "start": {
          "line": 1,
          "column": 14
        },
        "end": {
          "line": 1,
          "column": 18
        }
      }
    },
    {
      "type": {
        "label": "string",
        "beforeExpr": false,
        "startsExpr": true,
        "rightAssociative": false,
        "isLoop": false,
        "isAssign": false,
        "prefix": false,
        "postfix": false,
        "binop": null,
        "updateContext": null
      },
      "value": "typhonjs-ast-walker",
      "start": 19,
      "end": 40,
      "loc": {
        "start": {
          "line": 1,
          "column": 19
        },
        "end": {
          "line": 1,
          "column": 40
        }
      }
    },
    {
      "type": {
        "label": ";",
        "beforeExpr": true,
        "startsExpr": false,
        "rightAssociative": false,
        "isLoop": false,
        "isAssign": false,
        "prefix": false,
        "postfix": false,
        "binop": null,
        "updateContext": null
      },
      "start": 40,
      "end": 41,
      "loc": {
        "start": {
          "line": 1,
          "column": 40
        },
        "end": {
          "line": 1,
          "column": 41
        }
      }
    },
    {
      "type": "CommentBlock",
      "value": "*\n * Wires up walker on the plugin eventbus.\n *\n * @param {PluginEvent} ev - The plugin event.\n *\n * @ignore\n ",
      "start": 43,
      "end": 157,
      "loc": {
        "start": {
          "line": 3,
          "column": 0
        },
        "end": {
          "line": 9,
          "column": 3
        }
      }
    },
    {
      "type": {
        "label": "export",
        "keyword": "export",
        "beforeExpr": false,
        "startsExpr": false,
        "rightAssociative": false,
        "isLoop": false,
        "isAssign": false,
        "prefix": false,
        "postfix": false,
        "binop": null,
        "updateContext": null
      },
      "value": "export",
      "start": 158,
      "end": 164,
      "loc": {
        "start": {
          "line": 10,
          "column": 0
        },
        "end": {
          "line": 10,
          "column": 6
        }
      }
    },
    {
      "type": {
        "label": "function",
        "keyword": "function",
        "beforeExpr": false,
        "startsExpr": true,
        "rightAssociative": false,
        "isLoop": false,
        "isAssign": false,
        "prefix": false,
        "postfix": false,
        "binop": null
      },
      "value": "function",
      "start": 165,
      "end": 173,
      "loc": {
        "start": {
          "line": 10,
          "column": 7
        },
        "end": {
          "line": 10,
          "column": 15
        }
      }
    },
    {
      "type": {
        "label": "name",
        "beforeExpr": false,
        "startsExpr": true,
        "rightAssociative": false,
        "isLoop": false,
        "isAssign": false,
        "prefix": false,
        "postfix": false,
        "binop": null
      },
      "value": "onPluginLoad",
      "start": 174,
      "end": 186,
      "loc": {
        "start": {
          "line": 10,
          "column": 16
        },
        "end": {
          "line": 10,
          "column": 28
        }
      }
    },
    {
      "type": {
        "label": "(",
        "beforeExpr": true,
        "startsExpr": true,
        "rightAssociative": false,
        "isLoop": false,
        "isAssign": false,
        "prefix": false,
        "postfix": false,
        "binop": null
      },
      "start": 186,
      "end": 187,
      "loc": {
        "start": {
          "line": 10,
          "column": 28
        },
        "end": {
          "line": 10,
          "column": 29
        }
      }
    },
    {
      "type": {
        "label": "name",
        "beforeExpr": false,
        "startsExpr": true,
        "rightAssociative": false,
        "isLoop": false,
        "isAssign": false,
        "prefix": false,
        "postfix": false,
        "binop": null
      },
      "value": "ev",
      "start": 187,
      "end": 189,
      "loc": {
        "start": {
          "line": 10,
          "column": 29
        },
        "end": {
          "line": 10,
          "column": 31
        }
      }
    },
    {
      "type": {
        "label": ")",
        "beforeExpr": false,
        "startsExpr": false,
        "rightAssociative": false,
        "isLoop": false,
        "isAssign": false,
        "prefix": false,
        "postfix": false,
        "binop": null
      },
      "start": 189,
      "end": 190,
      "loc": {
        "start": {
          "line": 10,
          "column": 31
        },
        "end": {
          "line": 10,
          "column": 32
        }
      }
    },
    {
      "type": {
        "label": "{",
        "beforeExpr": true,
        "startsExpr": true,
        "rightAssociative": false,
        "isLoop": false,
        "isAssign": false,
        "prefix": false,
        "postfix": false,
        "binop": null
      },
      "start": 191,
      "end": 192,
      "loc": {
        "start": {
          "line": 11,
          "column": 0
        },
        "end": {
          "line": 11,
          "column": 1
        }
      }
    },
    {
      "type": {
        "label": "const",
        "keyword": "const",
        "beforeExpr": false,
        "startsExpr": false,
        "rightAssociative": false,
        "isLoop": false,
        "isAssign": false,
        "prefix": false,
        "postfix": false,
        "binop": null,
        "updateContext": null
      },
      "value": "const",
      "start": 196,
      "end": 201,
      "loc": {
        "start": {
          "line": 12,
          "column": 3
        },
        "end": {
          "line": 12,
          "column": 8
        }
      }
    },
    {
      "type": {
        "label": "name",
        "beforeExpr": false,
        "startsExpr": true,
        "rightAssociative": false,
        "isLoop": false,
        "isAssign": false,
        "prefix": false,
        "postfix": false,
        "binop": null
      },
      "value": "eventbus",
      "start": 202,
      "end": 210,
      "loc": {
        "start": {
          "line": 12,
          "column": 9
        },
        "end": {
          "line": 12,
          "column": 17
        }
      }
    },
    {
      "type": {
        "label": "=",
        "beforeExpr": true,
        "startsExpr": false,
        "rightAssociative": false,
        "isLoop": false,
        "isAssign": true,
        "prefix": false,
        "postfix": false,
        "binop": null,
        "updateContext": null
      },
      "value": "=",
      "start": 211,
      "end": 212,
      "loc": {
        "start": {
          "line": 12,
          "column": 18
        },
        "end": {
          "line": 12,
          "column": 19
        }
      }
    },
    {
      "type": {
        "label": "name",
        "beforeExpr": false,
        "startsExpr": true,
        "rightAssociative": false,
        "isLoop": false,
        "isAssign": false,
        "prefix": false,
        "postfix": false,
        "binop": null
      },
      "value": "ev",
      "start": 213,
      "end": 215,
      "loc": {
        "start": {
          "line": 12,
          "column": 20
        },
        "end": {
          "line": 12,
          "column": 22
        }
      }
    },
    {
      "type": {
        "label": ".",
        "beforeExpr": false,
        "startsExpr": false,
        "rightAssociative": false,
        "isLoop": false,
        "isAssign": false,
        "prefix": false,
        "postfix": false,
        "binop": null,
        "updateContext": null
      },
      "start": 215,
      "end": 216,
      "loc": {
        "start": {
          "line": 12,
          "column": 22
        },
        "end": {
          "line": 12,
          "column": 23
        }
      }
    },
    {
      "type": {
        "label": "name",
        "beforeExpr": false,
        "startsExpr": true,
        "rightAssociative": false,
        "isLoop": false,
        "isAssign": false,
        "prefix": false,
        "postfix": false,
        "binop": null
      },
      "value": "eventbus",
      "start": 216,
      "end": 224,
      "loc": {
        "start": {
          "line": 12,
          "column": 23
        },
        "end": {
          "line": 12,
          "column": 31
        }
      }
    },
    {
      "type": {
        "label": ";",
        "beforeExpr": true,
        "startsExpr": false,
        "rightAssociative": false,
        "isLoop": false,
        "isAssign": false,
        "prefix": false,
        "postfix": false,
        "binop": null,
        "updateContext": null
      },
      "start": 224,
      "end": 225,
      "loc": {
        "start": {
          "line": 12,
          "column": 31
        },
        "end": {
          "line": 12,
          "column": 32
        }
      }
    },
    {
      "type": {
        "label": "name",
        "beforeExpr": false,
        "startsExpr": true,
        "rightAssociative": false,
        "isLoop": false,
        "isAssign": false,
        "prefix": false,
        "postfix": false,
        "binop": null
      },
      "value": "eventbus",
      "start": 230,
      "end": 238,
      "loc": {
        "start": {
          "line": 14,
          "column": 3
        },
        "end": {
          "line": 14,
          "column": 11
        }
      }
    },
    {
      "type": {
        "label": ".",
        "beforeExpr": false,
        "startsExpr": false,
        "rightAssociative": false,
        "isLoop": false,
        "isAssign": false,
        "prefix": false,
        "postfix": false,
        "binop": null,
        "updateContext": null
      },
      "start": 238,
      "end": 239,
      "loc": {
        "start": {
          "line": 14,
          "column": 11
        },
        "end": {
          "line": 14,
          "column": 12
        }
      }
    },
    {
      "type": {
        "label": "name",
        "beforeExpr": false,
        "startsExpr": true,
        "rightAssociative": false,
        "isLoop": false,
        "isAssign": false,
        "prefix": false,
        "postfix": false,
        "binop": null
      },
      "value": "on",
      "start": 239,
      "end": 241,
      "loc": {
        "start": {
          "line": 14,
          "column": 12
        },
        "end": {
          "line": 14,
          "column": 14
        }
      }
    },
    {
      "type": {
        "label": "(",
        "beforeExpr": true,
        "startsExpr": true,
        "rightAssociative": false,
        "isLoop": false,
        "isAssign": false,
        "prefix": false,
        "postfix": false,
        "binop": null
      },
      "start": 241,
      "end": 242,
      "loc": {
        "start": {
          "line": 14,
          "column": 14
        },
        "end": {
          "line": 14,
          "column": 15
        }
      }
    },
    {
      "type": {
        "label": "string",
        "beforeExpr": false,
        "startsExpr": true,
        "rightAssociative": false,
        "isLoop": false,
        "isAssign": false,
        "prefix": false,
        "postfix": false,
        "binop": null,
        "updateContext": null
      },
      "value": "ast:walker:traverse",
      "start": 242,
      "end": 263,
      "loc": {
        "start": {
          "line": 14,
          "column": 15
        },
        "end": {
          "line": 14,
          "column": 36
        }
      }
    },
    {
      "type": {
        "label": ",",
        "beforeExpr": true,
        "startsExpr": false,
        "rightAssociative": false,
        "isLoop": false,
        "isAssign": false,
        "prefix": false,
        "postfix": false,
        "binop": null,
        "updateContext": null
      },
      "start": 263,
      "end": 264,
      "loc": {
        "start": {
          "line": 14,
          "column": 36
        },
        "end": {
          "line": 14,
          "column": 37
        }
      }
    },
    {
      "type": {
        "label": "name",
        "beforeExpr": false,
        "startsExpr": true,
        "rightAssociative": false,
        "isLoop": false,
        "isAssign": false,
        "prefix": false,
        "postfix": false,
        "binop": null
      },
      "value": "s_TRAVERSE",
      "start": 265,
      "end": 275,
      "loc": {
        "start": {
          "line": 14,
          "column": 38
        },
        "end": {
          "line": 14,
          "column": 48
        }
      }
    },
    {
      "type": {
        "label": ")",
        "beforeExpr": false,
        "startsExpr": false,
        "rightAssociative": false,
        "isLoop": false,
        "isAssign": false,
        "prefix": false,
        "postfix": false,
        "binop": null
      },
      "start": 275,
      "end": 276,
      "loc": {
        "start": {
          "line": 14,
          "column": 48
        },
        "end": {
          "line": 14,
          "column": 49
        }
      }
    },
    {
      "type": {
        "label": ";",
        "beforeExpr": true,
        "startsExpr": false,
        "rightAssociative": false,
        "isLoop": false,
        "isAssign": false,
        "prefix": false,
        "postfix": false,
        "binop": null,
        "updateContext": null
      },
      "start": 276,
      "end": 277,
      "loc": {
        "start": {
          "line": 14,
          "column": 49
        },
        "end": {
          "line": 14,
          "column": 50
        }
      }
    },
    {
      "type": {
        "label": "}",
        "beforeExpr": false,
        "startsExpr": false,
        "rightAssociative": false,
        "isLoop": false,
        "isAssign": false,
        "prefix": false,
        "postfix": false,
        "binop": null
      },
      "start": 278,
      "end": 279,
      "loc": {
        "start": {
          "line": 15,
          "column": 0
        },
        "end": {
          "line": 15,
          "column": 1
        }
      }
    },
    {
      "type": "CommentBlock",
      "value": "*\n * traverse ast nodes.\n *\n * @param {AST}                                    ast - target AST.\n * @param {function(node: Object, parent: Object)} callback - this is called with each node.\n *\n * @ignore\n ",
      "start": 281,
      "end": 490,
      "loc": {
        "start": {
          "line": 17,
          "column": 0
        },
        "end": {
          "line": 24,
          "column": 3
        }
      }
    },
    {
      "type": {
        "label": "const",
        "keyword": "const",
        "beforeExpr": false,
        "startsExpr": false,
        "rightAssociative": false,
        "isLoop": false,
        "isAssign": false,
        "prefix": false,
        "postfix": false,
        "binop": null,
        "updateContext": null
      },
      "value": "const",
      "start": 491,
      "end": 496,
      "loc": {
        "start": {
          "line": 25,
          "column": 0
        },
        "end": {
          "line": 25,
          "column": 5
        }
      }
    },
    {
      "type": {
        "label": "name",
        "beforeExpr": false,
        "startsExpr": true,
        "rightAssociative": false,
        "isLoop": false,
        "isAssign": false,
        "prefix": false,
        "postfix": false,
        "binop": null
      },
      "value": "s_TRAVERSE",
      "start": 497,
      "end": 507,
      "loc": {
        "start": {
          "line": 25,
          "column": 6
        },
        "end": {
          "line": 25,
          "column": 16
        }
      }
    },
    {
      "type": {
        "label": "=",
        "beforeExpr": true,
        "startsExpr": false,
        "rightAssociative": false,
        "isLoop": false,
        "isAssign": true,
        "prefix": false,
        "postfix": false,
        "binop": null,
        "updateContext": null
      },
      "value": "=",
      "start": 508,
      "end": 509,
      "loc": {
        "start": {
          "line": 25,
          "column": 17
        },
        "end": {
          "line": 25,
          "column": 18
        }
      }
    },
    {
      "type": {
        "label": "(",
        "beforeExpr": true,
        "startsExpr": true,
        "rightAssociative": false,
        "isLoop": false,
        "isAssign": false,
        "prefix": false,
        "postfix": false,
        "binop": null
      },
      "start": 510,
      "end": 511,
      "loc": {
        "start": {
          "line": 25,
          "column": 19
        },
        "end": {
          "line": 25,
          "column": 20
        }
      }
    },
    {
      "type": {
        "label": "name",
        "beforeExpr": false,
        "startsExpr": true,
        "rightAssociative": false,
        "isLoop": false,
        "isAssign": false,
        "prefix": false,
        "postfix": false,
        "binop": null
      },
      "value": "ast",
      "start": 511,
      "end": 514,
      "loc": {
        "start": {
          "line": 25,
          "column": 20
        },
        "end": {
          "line": 25,
          "column": 23
        }
      }
    },
    {
      "type": {
        "label": ",",
        "beforeExpr": true,
        "startsExpr": false,
        "rightAssociative": false,
        "isLoop": false,
        "isAssign": false,
        "prefix": false,
        "postfix": false,
        "binop": null,
        "updateContext": null
      },
      "start": 514,
      "end": 515,
      "loc": {
        "start": {
          "line": 25,
          "column": 23
        },
        "end": {
          "line": 25,
          "column": 24
        }
      }
    },
    {
      "type": {
        "label": "name",
        "beforeExpr": false,
        "startsExpr": true,
        "rightAssociative": false,
        "isLoop": false,
        "isAssign": false,
        "prefix": false,
        "postfix": false,
        "binop": null
      },
      "value": "callback",
      "start": 516,
      "end": 524,
      "loc": {
        "start": {
          "line": 25,
          "column": 25
        },
        "end": {
          "line": 25,
          "column": 33
        }
      }
    },
    {
      "type": {
        "label": ")",
        "beforeExpr": false,
        "startsExpr": false,
        "rightAssociative": false,
        "isLoop": false,
        "isAssign": false,
        "prefix": false,
        "postfix": false,
        "binop": null
      },
      "start": 524,
      "end": 525,
      "loc": {
        "start": {
          "line": 25,
          "column": 33
        },
        "end": {
          "line": 25,
          "column": 34
        }
      }
    },
    {
      "type": {
        "label": "=>",
        "beforeExpr": true,
        "startsExpr": false,
        "rightAssociative": false,
        "isLoop": false,
        "isAssign": false,
        "prefix": false,
        "postfix": false,
        "binop": null,
        "updateContext": null
      },
      "start": 526,
      "end": 528,
      "loc": {
        "start": {
          "line": 25,
          "column": 35
        },
        "end": {
          "line": 25,
          "column": 37
        }
      }
    },
    {
      "type": {
        "label": "{",
        "beforeExpr": true,
        "startsExpr": true,
        "rightAssociative": false,
        "isLoop": false,
        "isAssign": false,
        "prefix": false,
        "postfix": false,
        "binop": null
      },
      "start": 529,
      "end": 530,
      "loc": {
        "start": {
          "line": 26,
          "column": 0
        },
        "end": {
          "line": 26,
          "column": 1
        }
      }
    },
    {
      "type": {
        "label": "name",
        "beforeExpr": false,
        "startsExpr": true,
        "rightAssociative": false,
        "isLoop": false,
        "isAssign": false,
        "prefix": false,
        "postfix": false,
        "binop": null
      },
      "value": "walker",
      "start": 534,
      "end": 540,
      "loc": {
        "start": {
          "line": 27,
          "column": 3
        },
        "end": {
          "line": 27,
          "column": 9
        }
      }
    },
    {
      "type": {
        "label": ".",
        "beforeExpr": false,
        "startsExpr": false,
        "rightAssociative": false,
        "isLoop": false,
        "isAssign": false,
        "prefix": false,
        "postfix": false,
        "binop": null,
        "updateContext": null
      },
      "start": 540,
      "end": 541,
      "loc": {
        "start": {
          "line": 27,
          "column": 9
        },
        "end": {
          "line": 27,
          "column": 10
        }
      }
    },
    {
      "type": {
        "label": "name",
        "beforeExpr": false,
        "startsExpr": true,
        "rightAssociative": false,
        "isLoop": false,
        "isAssign": false,
        "prefix": false,
        "postfix": false,
        "binop": null
      },
      "value": "traverse",
      "start": 541,
      "end": 549,
      "loc": {
        "start": {
          "line": 27,
          "column": 10
        },
        "end": {
          "line": 27,
          "column": 18
        }
      }
    },
    {
      "type": {
        "label": "(",
        "beforeExpr": true,
        "startsExpr": true,
        "rightAssociative": false,
        "isLoop": false,
        "isAssign": false,
        "prefix": false,
        "postfix": false,
        "binop": null
      },
      "start": 549,
      "end": 550,
      "loc": {
        "start": {
          "line": 27,
          "column": 18
        },
        "end": {
          "line": 27,
          "column": 19
        }
      }
    },
    {
      "type": {
        "label": "name",
        "beforeExpr": false,
        "startsExpr": true,
        "rightAssociative": false,
        "isLoop": false,
        "isAssign": false,
        "prefix": false,
        "postfix": false,
        "binop": null
      },
      "value": "ast",
      "start": 550,
      "end": 553,
      "loc": {
        "start": {
          "line": 27,
          "column": 19
        },
        "end": {
          "line": 27,
          "column": 22
        }
      }
    },
    {
      "type": {
        "label": ",",
        "beforeExpr": true,
        "startsExpr": false,
        "rightAssociative": false,
        "isLoop": false,
        "isAssign": false,
        "prefix": false,
        "postfix": false,
        "binop": null,
        "updateContext": null
      },
      "start": 553,
      "end": 554,
      "loc": {
        "start": {
          "line": 27,
          "column": 22
        },
        "end": {
          "line": 27,
          "column": 23
        }
      }
    },
    {
      "type": {
        "label": "{",
        "beforeExpr": true,
        "startsExpr": true,
        "rightAssociative": false,
        "isLoop": false,
        "isAssign": false,
        "prefix": false,
        "postfix": false,
        "binop": null
      },
      "start": 555,
      "end": 556,
      "loc": {
        "start": {
          "line": 27,
          "column": 24
        },
        "end": {
          "line": 27,
          "column": 25
        }
      }
    },
    {
      "type": {
        "label": "name",
        "beforeExpr": false,
        "startsExpr": true,
        "rightAssociative": false,
        "isLoop": false,
        "isAssign": false,
        "prefix": false,
        "postfix": false,
        "binop": null
      },
      "value": "enterNode",
      "start": 557,
      "end": 566,
      "loc": {
        "start": {
          "line": 27,
          "column": 26
        },
        "end": {
          "line": 27,
          "column": 35
        }
      }
    },
    {
      "type": {
        "label": ":",
        "beforeExpr": true,
        "startsExpr": false,
        "rightAssociative": false,
        "isLoop": false,
        "isAssign": false,
        "prefix": false,
        "postfix": false,
        "binop": null,
        "updateContext": null
      },
      "start": 566,
      "end": 567,
      "loc": {
        "start": {
          "line": 27,
          "column": 35
        },
        "end": {
          "line": 27,
          "column": 36
        }
      }
    },
    {
      "type": {
        "label": "(",
        "beforeExpr": true,
        "startsExpr": true,
        "rightAssociative": false,
        "isLoop": false,
        "isAssign": false,
        "prefix": false,
        "postfix": false,
        "binop": null
      },
      "start": 568,
      "end": 569,
      "loc": {
        "start": {
          "line": 27,
          "column": 37
        },
        "end": {
          "line": 27,
          "column": 38
        }
      }
    },
    {
      "type": {
        "label": "name",
        "beforeExpr": false,
        "startsExpr": true,
        "rightAssociative": false,
        "isLoop": false,
        "isAssign": false,
        "prefix": false,
        "postfix": false,
        "binop": null
      },
      "value": "node",
      "start": 569,
      "end": 573,
      "loc": {
        "start": {
          "line": 27,
          "column": 38
        },
        "end": {
          "line": 27,
          "column": 42
        }
      }
    },
    {
      "type": {
        "label": ",",
        "beforeExpr": true,
        "startsExpr": false,
        "rightAssociative": false,
        "isLoop": false,
        "isAssign": false,
        "prefix": false,
        "postfix": false,
        "binop": null,
        "updateContext": null
      },
      "start": 573,
      "end": 574,
      "loc": {
        "start": {
          "line": 27,
          "column": 42
        },
        "end": {
          "line": 27,
          "column": 43
        }
      }
    },
    {
      "type": {
        "label": "name",
        "beforeExpr": false,
        "startsExpr": true,
        "rightAssociative": false,
        "isLoop": false,
        "isAssign": false,
        "prefix": false,
        "postfix": false,
        "binop": null
      },
      "value": "parent",
      "start": 575,
      "end": 581,
      "loc": {
        "start": {
          "line": 27,
          "column": 44
        },
        "end": {
          "line": 27,
          "column": 50
        }
      }
    },
    {
      "type": {
        "label": ")",
        "beforeExpr": false,
        "startsExpr": false,
        "rightAssociative": false,
        "isLoop": false,
        "isAssign": false,
        "prefix": false,
        "postfix": false,
        "binop": null
      },
      "start": 581,
      "end": 582,
      "loc": {
        "start": {
          "line": 27,
          "column": 50
        },
        "end": {
          "line": 27,
          "column": 51
        }
      }
    },
    {
      "type": {
        "label": "=>",
        "beforeExpr": true,
        "startsExpr": false,
        "rightAssociative": false,
        "isLoop": false,
        "isAssign": false,
        "prefix": false,
        "postfix": false,
        "binop": null,
        "updateContext": null
      },
      "start": 583,
      "end": 585,
      "loc": {
        "start": {
          "line": 27,
          "column": 52
        },
        "end": {
          "line": 27,
          "column": 54
        }
      }
    },
    {
      "type": {
        "label": "{",
        "beforeExpr": true,
        "startsExpr": true,
        "rightAssociative": false,
        "isLoop": false,
        "isAssign": false,
        "prefix": false,
        "postfix": false,
        "binop": null
      },
      "start": 586,
      "end": 587,
      "loc": {
        "start": {
          "line": 27,
          "column": 55
        },
        "end": {
          "line": 27,
          "column": 56
        }
      }
    },
    {
      "type": {
        "label": "return",
        "keyword": "return",
        "beforeExpr": true,
        "startsExpr": false,
        "rightAssociative": false,
        "isLoop": false,
        "isAssign": false,
        "prefix": false,
        "postfix": false,
        "binop": null,
        "updateContext": null
      },
      "value": "return",
      "start": 588,
      "end": 594,
      "loc": {
        "start": {
          "line": 27,
          "column": 57
        },
        "end": {
          "line": 27,
          "column": 63
        }
      }
    },
    {
      "type": {
        "label": "name",
        "beforeExpr": false,
        "startsExpr": true,
        "rightAssociative": false,
        "isLoop": false,
        "isAssign": false,
        "prefix": false,
        "postfix": false,
        "binop": null
      },
      "value": "callback",
      "start": 595,
      "end": 603,
      "loc": {
        "start": {
          "line": 27,
          "column": 64
        },
        "end": {
          "line": 27,
          "column": 72
        }
      }
    },
    {
      "type": {
        "label": "(",
        "beforeExpr": true,
        "startsExpr": true,
        "rightAssociative": false,
        "isLoop": false,
        "isAssign": false,
        "prefix": false,
        "postfix": false,
        "binop": null
      },
      "start": 603,
      "end": 604,
      "loc": {
        "start": {
          "line": 27,
          "column": 72
        },
        "end": {
          "line": 27,
          "column": 73
        }
      }
    },
    {
      "type": {
        "label": "name",
        "beforeExpr": false,
        "startsExpr": true,
        "rightAssociative": false,
        "isLoop": false,
        "isAssign": false,
        "prefix": false,
        "postfix": false,
        "binop": null
      },
      "value": "node",
      "start": 604,
      "end": 608,
      "loc": {
        "start": {
          "line": 27,
          "column": 73
        },
        "end": {
          "line": 27,
          "column": 77
        }
      }
    },
    {
      "type": {
        "label": ",",
        "beforeExpr": true,
        "startsExpr": false,
        "rightAssociative": false,
        "isLoop": false,
        "isAssign": false,
        "prefix": false,
        "postfix": false,
        "binop": null,
        "updateContext": null
      },
      "start": 608,
      "end": 609,
      "loc": {
        "start": {
          "line": 27,
          "column": 77
        },
        "end": {
          "line": 27,
          "column": 78
        }
      }
    },
    {
      "type": {
        "label": "name",
        "beforeExpr": false,
        "startsExpr": true,
        "rightAssociative": false,
        "isLoop": false,
        "isAssign": false,
        "prefix": false,
        "postfix": false,
        "binop": null
      },
      "value": "parent",
      "start": 610,
      "end": 616,
      "loc": {
        "start": {
          "line": 27,
          "column": 79
        },
        "end": {
          "line": 27,
          "column": 85
        }
      }
    },
    {
      "type": {
        "label": ")",
        "beforeExpr": false,
        "startsExpr": false,
        "rightAssociative": false,
        "isLoop": false,
        "isAssign": false,
        "prefix": false,
        "postfix": false,
        "binop": null
      },
      "start": 616,
      "end": 617,
      "loc": {
        "start": {
          "line": 27,
          "column": 85
        },
        "end": {
          "line": 27,
          "column": 86
        }
      }
    },
    {
      "type": {
        "label": ";",
        "beforeExpr": true,
        "startsExpr": false,
        "rightAssociative": false,
        "isLoop": false,
        "isAssign": false,
        "prefix": false,
        "postfix": false,
        "binop": null,
        "updateContext": null
      },
      "start": 617,
      "end": 618,
      "loc": {
        "start": {
          "line": 27,
          "column": 86
        },
        "end": {
          "line": 27,
          "column": 87
        }
      }
    },
    {
      "type": {
        "label": "}",
        "beforeExpr": false,
        "startsExpr": false,
        "rightAssociative": false,
        "isLoop": false,
        "isAssign": false,
        "prefix": false,
        "postfix": false,
        "binop": null
      },
      "start": 619,
      "end": 620,
      "loc": {
        "start": {
          "line": 27,
          "column": 88
        },
        "end": {
          "line": 27,
          "column": 89
        }
      }
    },
    {
      "type": {
        "label": "}",
        "beforeExpr": false,
        "startsExpr": false,
        "rightAssociative": false,
        "isLoop": false,
        "isAssign": false,
        "prefix": false,
        "postfix": false,
        "binop": null
      },
      "start": 621,
      "end": 622,
      "loc": {
        "start": {
          "line": 27,
          "column": 90
        },
        "end": {
          "line": 27,
          "column": 91
        }
      }
    },
    {
      "type": {
        "label": ")",
        "beforeExpr": false,
        "startsExpr": false,
        "rightAssociative": false,
        "isLoop": false,
        "isAssign": false,
        "prefix": false,
        "postfix": false,
        "binop": null
      },
      "start": 622,
      "end": 623,
      "loc": {
        "start": {
          "line": 27,
          "column": 91
        },
        "end": {
          "line": 27,
          "column": 92
        }
      }
    },
    {
      "type": {
        "label": ";",
        "beforeExpr": true,
        "startsExpr": false,
        "rightAssociative": false,
        "isLoop": false,
        "isAssign": false,
        "prefix": false,
        "postfix": false,
        "binop": null,
        "updateContext": null
      },
      "start": 623,
      "end": 624,
      "loc": {
        "start": {
          "line": 27,
          "column": 92
        },
        "end": {
          "line": 27,
          "column": 93
        }
      }
    },
    {
      "type": {
        "label": "}",
        "beforeExpr": false,
        "startsExpr": false,
        "rightAssociative": false,
        "isLoop": false,
        "isAssign": false,
        "prefix": false,
        "postfix": false,
        "binop": null
      },
      "start": 625,
      "end": 626,
      "loc": {
        "start": {
          "line": 28,
          "column": 0
        },
        "end": {
          "line": 28,
          "column": 1
        }
      }
    },
    {
      "type": {
        "label": ";",
        "beforeExpr": true,
        "startsExpr": false,
        "rightAssociative": false,
        "isLoop": false,
        "isAssign": false,
        "prefix": false,
        "postfix": false,
        "binop": null,
        "updateContext": null
      },
      "start": 626,
      "end": 627,
      "loc": {
        "start": {
          "line": 28,
          "column": 1
        },
        "end": {
          "line": 28,
          "column": 2
        }
      }
    },
    {
      "type": {
        "label": "eof",
        "beforeExpr": false,
        "startsExpr": false,
        "rightAssociative": false,
        "isLoop": false,
        "isAssign": false,
        "prefix": false,
        "postfix": false,
        "binop": null,
        "updateContext": null
      },
      "start": 628,
      "end": 628,
      "loc": {
        "start": {
          "line": 29,
          "column": 0
        },
        "end": {
          "line": 29,
          "column": 0
        }
      }
    }
  ]
}