{
  "type": "File",
  "start": 0,
  "end": 584,
  "loc": {
    "start": {
      "line": 1,
      "column": 0
    },
    "end": {
      "line": 25,
      "column": 0
    }
  },
  "program": {
    "type": "Program",
    "start": 0,
    "end": 584,
    "loc": {
      "start": {
        "line": 1,
        "column": 0
      },
      "end": {
        "line": 25,
        "column": 0
      }
    },
    "sourceType": "module",
    "body": [
      {
        "type": "ExportDefaultDeclaration",
        "start": 212,
        "end": 583,
        "loc": {
          "start": {
            "line": 9,
            "column": 0
          },
          "end": {
            "line": 24,
            "column": 1
          }
        },
        "declaration": {
          "type": "FunctionDeclaration",
          "start": 227,
          "end": 583,
          "loc": {
            "start": {
              "line": 9,
              "column": 15
            },
            "end": {
              "line": 24,
              "column": 1
            }
          },
          "id": {
            "type": "Identifier",
            "start": 236,
            "end": 248,
            "loc": {
              "start": {
                "line": 9,
                "column": 24
              },
              "end": {
                "line": 9,
                "column": 36
              },
              "identifierName": "parseExample"
            },
            "name": "parseExample",
            "leadingComments": null
          },
          "generator": false,
          "expression": false,
          "async": false,
          "params": [
            {
              "type": "Identifier",
              "start": 249,
              "end": 256,
              "loc": {
                "start": {
                  "line": 9,
                  "column": 37
                },
                "end": {
                  "line": 9,
                  "column": 44
                },
                "identifierName": "example"
              },
              "name": "example"
            }
          ],
          "body": {
            "type": "BlockStatement",
            "start": 258,
            "end": 583,
            "loc": {
              "start": {
                "line": 10,
                "column": 0
              },
              "end": {
                "line": 24,
                "column": 1
              }
            },
            "body": [
              {
                "type": "VariableDeclaration",
                "start": 263,
                "end": 282,
                "loc": {
                  "start": {
                    "line": 11,
                    "column": 3
                  },
                  "end": {
                    "line": 11,
                    "column": 22
                  }
                },
                "declarations": [
                  {
                    "type": "VariableDeclarator",
                    "start": 267,
                    "end": 281,
                    "loc": {
                      "start": {
                        "line": 11,
                        "column": 7
                      },
                      "end": {
                        "line": 11,
                        "column": 21
                      }
                    },
                    "id": {
                      "type": "Identifier",
                      "start": 267,
                      "end": 271,
                      "loc": {
                        "start": {
                          "line": 11,
                          "column": 7
                        },
                        "end": {
                          "line": 11,
                          "column": 11
                        },
                        "identifierName": "body"
                      },
                      "name": "body"
                    },
                    "init": {
                      "type": "Identifier",
                      "start": 274,
                      "end": 281,
                      "loc": {
                        "start": {
                          "line": 11,
                          "column": 14
                        },
                        "end": {
                          "line": 11,
                          "column": 21
                        },
                        "identifierName": "example"
                      },
                      "name": "example"
                    }
                  }
                ],
                "kind": "let"
              },
              {
                "type": "VariableDeclaration",
                "start": 286,
                "end": 303,
                "loc": {
                  "start": {
                    "line": 12,
                    "column": 3
                  },
                  "end": {
                    "line": 12,
                    "column": 20
                  }
                },
                "declarations": [
                  {
                    "type": "VariableDeclarator",
                    "start": 290,
                    "end": 302,
                    "loc": {
                      "start": {
                        "line": 12,
                        "column": 7
                      },
                      "end": {
                        "line": 12,
                        "column": 19
                      }
                    },
                    "id": {
                      "type": "Identifier",
                      "start": 290,
                      "end": 297,
                      "loc": {
                        "start": {
                          "line": 12,
                          "column": 7
                        },
                        "end": {
                          "line": 12,
                          "column": 14
                        },
                        "identifierName": "caption"
                      },
                      "name": "caption"
                    },
                    "init": {
                      "type": "StringLiteral",
                      "start": 300,
                      "end": 302,
                      "loc": {
                        "start": {
                          "line": 12,
                          "column": 17
                        },
                        "end": {
                          "line": 12,
                          "column": 19
                        }
                      },
                      "extra": {
                        "rawValue": "",
                        "raw": "''"
                      },
                      "value": ""
                    }
                  }
                ],
                "kind": "let"
              },
              {
                "type": "VariableDeclaration",
                "start": 308,
                "end": 365,
                "loc": {
                  "start": {
                    "line": 14,
                    "column": 3
                  },
                  "end": {
                    "line": 14,
                    "column": 60
                  }
                },
                "declarations": [
                  {
                    "type": "VariableDeclarator",
                    "start": 314,
                    "end": 364,
                    "loc": {
                      "start": {
                        "line": 14,
                        "column": 9
                      },
                      "end": {
                        "line": 14,
                        "column": 59
                      }
                    },
                    "id": {
                      "type": "Identifier",
                      "start": 314,
                      "end": 320,
                      "loc": {
                        "start": {
                          "line": 14,
                          "column": 9
                        },
                        "end": {
                          "line": 14,
                          "column": 15
                        },
                        "identifierName": "regexp"
                      },
                      "name": "regexp"
                    },
                    "init": {
                      "type": "NewExpression",
                      "start": 323,
                      "end": 364,
                      "loc": {
                        "start": {
                          "line": 14,
                          "column": 18
                        },
                        "end": {
                          "line": 14,
                          "column": 59
                        }
                      },
                      "callee": {
                        "type": "Identifier",
                        "start": 327,
                        "end": 333,
                        "loc": {
                          "start": {
                            "line": 14,
                            "column": 22
                          },
                          "end": {
                            "line": 14,
                            "column": 28
                          },
                          "identifierName": "RegExp"
                        },
                        "name": "RegExp"
                      },
                      "arguments": [
                        {
                          "type": "StringLiteral",
                          "start": 334,
                          "end": 363,
                          "loc": {
                            "start": {
                              "line": 14,
                              "column": 29
                            },
                            "end": {
                              "line": 14,
                              "column": 58
                            }
                          },
                          "extra": {
                            "rawValue": "^<caption>(.*?)</caption>\n",
                            "raw": "'^<caption>(.*?)</caption>\\n'"
                          },
                          "value": "^<caption>(.*?)</caption>\n"
                        }
                      ]
                    }
                  }
                ],
                "kind": "const",
                "trailingComments": [
                  {
                    "type": "CommentLine",
                    "value": " eslint-disable-line no-control-regex",
                    "start": 366,
                    "end": 405,
                    "loc": {
                      "start": {
                        "line": 14,
                        "column": 61
                      },
                      "end": {
                        "line": 14,
                        "column": 100
                      }
                    }
                  }
                ]
              },
              {
                "type": "VariableDeclaration",
                "start": 409,
                "end": 447,
                "loc": {
                  "start": {
                    "line": 15,
                    "column": 3
                  },
                  "end": {
                    "line": 15,
                    "column": 41
                  }
                },
                "declarations": [
                  {
                    "type": "VariableDeclarator",
                    "start": 415,
                    "end": 446,
                    "loc": {
                      "start": {
                        "line": 15,
                        "column": 9
                      },
                      "end": {
                        "line": 15,
                        "column": 40
                      }
                    },
                    "id": {
                      "type": "Identifier",
                      "start": 415,
                      "end": 422,
                      "loc": {
                        "start": {
                          "line": 15,
                          "column": 9
                        },
                        "end": {
                          "line": 15,
                          "column": 16
                        },
                        "identifierName": "matched"
                      },
                      "name": "matched",
                      "leadingComments": null
                    },
                    "init": {
                      "type": "CallExpression",
                      "start": 425,
                      "end": 446,
                      "loc": {
                        "start": {
                          "line": 15,
                          "column": 19
                        },
                        "end": {
                          "line": 15,
                          "column": 40
                        }
                      },
                      "callee": {
                        "type": "MemberExpression",
                        "start": 425,
                        "end": 438,
                        "loc": {
                          "start": {
                            "line": 15,
                            "column": 19
                          },
                          "end": {
                            "line": 15,
                            "column": 32
                          }
                        },
                        "object": {
                          "type": "Identifier",
                          "start": 425,
                          "end": 432,
                          "loc": {
                            "start": {
                              "line": 15,
                              "column": 19
                            },
                            "end": {
                              "line": 15,
                              "column": 26
                            },
                            "identifierName": "example"
                          },
                          "name": "example"
                        },
                        "property": {
                          "type": "Identifier",
                          "start": 433,
                          "end": 438,
                          "loc": {
                            "start": {
                              "line": 15,
                              "column": 27
                            },
                            "end": {
                              "line": 15,
                              "column": 32
                            },
                            "identifierName": "match"
                          },
                          "name": "match"
                        },
                        "computed": false
                      },
                      "arguments": [
                        {
                          "type": "Identifier",
                          "start": 439,
                          "end": 445,
                          "loc": {
                            "start": {
                              "line": 15,
                              "column": 33
                            },
                            "end": {
                              "line": 15,
                              "column": 39
                            },
                            "identifierName": "regexp"
                          },
                          "name": "regexp"
                        }
                      ]
                    },
                    "leadingComments": null
                  }
                ],
                "kind": "const",
                "leadingComments": [
                  {
                    "type": "CommentLine",
                    "value": " eslint-disable-line no-control-regex",
                    "start": 366,
                    "end": 405,
                    "loc": {
                      "start": {
                        "line": 14,
                        "column": 61
                      },
                      "end": {
                        "line": 14,
                        "column": 100
                      }
                    }
                  }
                ]
              },
              {
                "type": "IfStatement",
                "start": 452,
                "end": 551,
                "loc": {
                  "start": {
                    "line": 17,
                    "column": 3
                  },
                  "end": {
                    "line": 21,
                    "column": 4
                  }
                },
                "test": {
                  "type": "Identifier",
                  "start": 456,
                  "end": 463,
                  "loc": {
                    "start": {
                      "line": 17,
                      "column": 7
                    },
                    "end": {
                      "line": 17,
                      "column": 14
                    },
                    "identifierName": "matched"
                  },
                  "name": "matched"
                },
                "consequent": {
                  "type": "BlockStatement",
                  "start": 468,
                  "end": 551,
                  "loc": {
                    "start": {
                      "line": 18,
                      "column": 3
                    },
                    "end": {
                      "line": 21,
                      "column": 4
                    }
                  },
                  "body": [
                    {
                      "type": "ExpressionStatement",
                      "start": 476,
                      "end": 511,
                      "loc": {
                        "start": {
                          "line": 19,
                          "column": 6
                        },
                        "end": {
                          "line": 19,
                          "column": 41
                        }
                      },
                      "expression": {
                        "type": "AssignmentExpression",
                        "start": 476,
                        "end": 510,
                        "loc": {
                          "start": {
                            "line": 19,
                            "column": 6
                          },
                          "end": {
                            "line": 19,
                            "column": 40
                          }
                        },
                        "operator": "=",
                        "left": {
                          "type": "Identifier",
                          "start": 476,
                          "end": 480,
                          "loc": {
                            "start": {
                              "line": 19,
                              "column": 6
                            },
                            "end": {
                              "line": 19,
                              "column": 10
                            },
                            "identifierName": "body"
                          },
                          "name": "body"
                        },
                        "right": {
                          "type": "CallExpression",
                          "start": 483,
                          "end": 510,
                          "loc": {
                            "start": {
                              "line": 19,
                              "column": 13
                            },
                            "end": {
                              "line": 19,
                              "column": 40
                            }
                          },
                          "callee": {
                            "type": "MemberExpression",
                            "start": 483,
                            "end": 498,
                            "loc": {
                              "start": {
                                "line": 19,
                                "column": 13
                              },
                              "end": {
                                "line": 19,
                                "column": 28
                              }
                            },
                            "object": {
                              "type": "Identifier",
                              "start": 483,
                              "end": 490,
                              "loc": {
                                "start": {
                                  "line": 19,
                                  "column": 13
                                },
                                "end": {
                                  "line": 19,
                                  "column": 20
                                },
                                "identifierName": "example"
                              },
                              "name": "example"
                            },
                            "property": {
                              "type": "Identifier",
                              "start": 491,
                              "end": 498,
                              "loc": {
                                "start": {
                                  "line": 19,
                                  "column": 21
                                },
                                "end": {
                                  "line": 19,
                                  "column": 28
                                },
                                "identifierName": "replace"
                              },
                              "name": "replace"
                            },
                            "computed": false
                          },
                          "arguments": [
                            {
                              "type": "Identifier",
                              "start": 499,
                              "end": 505,
                              "loc": {
                                "start": {
                                  "line": 19,
                                  "column": 29
                                },
                                "end": {
                                  "line": 19,
                                  "column": 35
                                },
                                "identifierName": "regexp"
                              },
                              "name": "regexp"
                            },
                            {
                              "type": "StringLiteral",
                              "start": 507,
                              "end": 509,
                              "loc": {
                                "start": {
                                  "line": 19,
                                  "column": 37
                                },
                                "end": {
                                  "line": 19,
                                  "column": 39
                                }
                              },
                              "extra": {
                                "rawValue": "",
                                "raw": "''"
                              },
                              "value": ""
                            }
                          ]
                        }
                      }
                    },
                    {
                      "type": "ExpressionStatement",
                      "start": 518,
                      "end": 546,
                      "loc": {
                        "start": {
                          "line": 20,
                          "column": 6
                        },
                        "end": {
                          "line": 20,
                          "column": 34
                        }
                      },
                      "expression": {
                        "type": "AssignmentExpression",
                        "start": 518,
                        "end": 545,
                        "loc": {
                          "start": {
                            "line": 20,
                            "column": 6
                          },
                          "end": {
                            "line": 20,
                            "column": 33
                          }
                        },
                        "operator": "=",
                        "left": {
                          "type": "Identifier",
                          "start": 518,
                          "end": 525,
                          "loc": {
                            "start": {
                              "line": 20,
                              "column": 6
                            },
                            "end": {
                              "line": 20,
                              "column": 13
                            },
                            "identifierName": "caption"
                          },
                          "name": "caption"
                        },
                        "right": {
                          "type": "CallExpression",
                          "start": 528,
                          "end": 545,
                          "loc": {
                            "start": {
                              "line": 20,
                              "column": 16
                            },
                            "end": {
                              "line": 20,
                              "column": 33
                            }
                          },
                          "callee": {
                            "type": "MemberExpression",
                            "start": 528,
                            "end": 543,
                            "loc": {
                              "start": {
                                "line": 20,
                                "column": 16
                              },
                              "end": {
                                "line": 20,
                                "column": 31
                              }
                            },
                            "object": {
                              "type": "MemberExpression",
                              "start": 528,
                              "end": 538,
                              "loc": {
                                "start": {
                                  "line": 20,
                                  "column": 16
                                },
                                "end": {
                                  "line": 20,
                                  "column": 26
                                }
                              },
                              "object": {
                                "type": "Identifier",
                                "start": 528,
                                "end": 535,
                                "loc": {
                                  "start": {
                                    "line": 20,
                                    "column": 16
                                  },
                                  "end": {
                                    "line": 20,
                                    "column": 23
                                  },
                                  "identifierName": "matched"
                                },
                                "name": "matched"
                              },
                              "property": {
                                "type": "NumericLiteral",
                                "start": 536,
                                "end": 537,
                                "loc": {
                                  "start": {
                                    "line": 20,
                                    "column": 24
                                  },
                                  "end": {
                                    "line": 20,
                                    "column": 25
                                  }
                                },
                                "extra": {
                                  "rawValue": 1,
                                  "raw": "1"
                                },
                                "value": 1
                              },
                              "computed": true
                            },
                            "property": {
                              "type": "Identifier",
                              "start": 539,
                              "end": 543,
                              "loc": {
                                "start": {
                                  "line": 20,
                                  "column": 27
                                },
                                "end": {
                                  "line": 20,
                                  "column": 31
                                },
                                "identifierName": "trim"
                              },
                              "name": "trim"
                            },
                            "computed": false
                          },
                          "arguments": []
                        }
                      }
                    }
                  ],
                  "directives": []
                },
                "alternate": null
              },
              {
                "type": "ReturnStatement",
                "start": 556,
                "end": 581,
                "loc": {
                  "start": {
                    "line": 23,
                    "column": 3
                  },
                  "end": {
                    "line": 23,
                    "column": 28
                  }
                },
                "argument": {
                  "type": "ObjectExpression",
                  "start": 563,
                  "end": 580,
                  "loc": {
                    "start": {
                      "line": 23,
                      "column": 10
                    },
                    "end": {
                      "line": 23,
                      "column": 27
                    }
                  },
                  "properties": [
                    {
                      "type": "ObjectProperty",
                      "start": 565,
                      "end": 569,
                      "loc": {
                        "start": {
                          "line": 23,
                          "column": 12
                        },
                        "end": {
                          "line": 23,
                          "column": 16
                        }
                      },
                      "method": false,
                      "shorthand": true,
                      "computed": false,
                      "key": {
                        "type": "Identifier",
                        "start": 565,
                        "end": 569,
                        "loc": {
                          "start": {
                            "line": 23,
                            "column": 12
                          },
                          "end": {
                            "line": 23,
                            "column": 16
                          },
                          "identifierName": "body"
                        },
                        "name": "body"
                      },
                      "value": {
                        "type": "Identifier",
                        "start": 565,
                        "end": 569,
                        "loc": {
                          "start": {
                            "line": 23,
                            "column": 12
                          },
                          "end": {
                            "line": 23,
                            "column": 16
                          },
                          "identifierName": "body"
                        },
                        "name": "body"
                      },
                      "extra": {
                        "shorthand": true
                      }
                    },
                    {
                      "type": "ObjectProperty",
                      "start": 571,
                      "end": 578,
                      "loc": {
                        "start": {
                          "line": 23,
                          "column": 18
                        },
                        "end": {
                          "line": 23,
                          "column": 25
                        }
                      },
                      "method": false,
                      "shorthand": true,
                      "computed": false,
                      "key": {
                        "type": "Identifier",
                        "start": 571,
                        "end": 578,
                        "loc": {
                          "start": {
                            "line": 23,
                            "column": 18
                          },
                          "end": {
                            "line": 23,
                            "column": 25
                          },
                          "identifierName": "caption"
                        },
                        "name": "caption"
                      },
                      "value": {
                        "type": "Identifier",
                        "start": 571,
                        "end": 578,
                        "loc": {
                          "start": {
                            "line": 23,
                            "column": 18
                          },
                          "end": {
                            "line": 23,
                            "column": 25
                          },
                          "identifierName": "caption"
                        },
                        "name": "caption"
                      },
                      "extra": {
                        "shorthand": true
                      }
                    }
                  ]
                }
              }
            ],
            "directives": []
          },
          "leadingComments": [
            {
              "type": "CommentBlock",
              "value": "*\n * parse ``@example`` value.\n * ``@example`` value can have ``<caption>`` tag.\n *\n * @param {string} example - target example value.\n *\n * @returns {{body: string, caption: string}} parsed example value.\n ",
              "start": 0,
              "end": 211,
              "loc": {
                "start": {
                  "line": 1,
                  "column": 0
                },
                "end": {
                  "line": 8,
                  "column": 3
                }
              }
            }
          ],
          "trailingComments": []
        },
        "leadingComments": [
          {
            "type": "CommentBlock",
            "value": "*\n * parse ``@example`` value.\n * ``@example`` value can have ``<caption>`` tag.\n *\n * @param {string} example - target example value.\n *\n * @returns {{body: string, caption: string}} parsed example value.\n ",
            "start": 0,
            "end": 211,
            "loc": {
              "start": {
                "line": 1,
                "column": 0
              },
              "end": {
                "line": 8,
                "column": 3
              }
            }
          }
        ]
      }
    ],
    "directives": []
  },
  "comments": [
    {
      "type": "CommentBlock",
      "value": "*\n * parse ``@example`` value.\n * ``@example`` value can have ``<caption>`` tag.\n *\n * @param {string} example - target example value.\n *\n * @returns {{body: string, caption: string}} parsed example value.\n ",
      "start": 0,
      "end": 211,
      "loc": {
        "start": {
          "line": 1,
          "column": 0
        },
        "end": {
          "line": 8,
          "column": 3
        }
      }
    },
    {
      "type": "CommentLine",
      "value": " eslint-disable-line no-control-regex",
      "start": 366,
      "end": 405,
      "loc": {
        "start": {
          "line": 14,
          "column": 61
        },
        "end": {
          "line": 14,
          "column": 100
        }
      }
    }
  ],
  "tokens": [
    {
      "type": "CommentBlock",
      "value": "*\n * parse ``@example`` value.\n * ``@example`` value can have ``<caption>`` tag.\n *\n * @param {string} example - target example value.\n *\n * @returns {{body: string, caption: string}} parsed example value.\n ",
      "start": 0,
      "end": 211,
      "loc": {
        "start": {
          "line": 1,
          "column": 0
        },
        "end": {
          "line": 8,
          "column": 3
        }
      }
    },
    {
      "type": {
        "label": "export",
        "keyword": "export",
        "beforeExpr": false,
        "startsExpr": false,
        "rightAssociative": false,
        "isLoop": false,
        "isAssign": false,
        "prefix": false,
        "postfix": false,
        "binop": null,
        "updateContext": null
      },
      "value": "export",
      "start": 212,
      "end": 218,
      "loc": {
        "start": {
          "line": 9,
          "column": 0
        },
        "end": {
          "line": 9,
          "column": 6
        }
      }
    },
    {
      "type": {
        "label": "default",
        "keyword": "default",
        "beforeExpr": true,
        "startsExpr": false,
        "rightAssociative": false,
        "isLoop": false,
        "isAssign": false,
        "prefix": false,
        "postfix": false,
        "binop": null,
        "updateContext": null
      },
      "value": "default",
      "start": 219,
      "end": 226,
      "loc": {
        "start": {
          "line": 9,
          "column": 7
        },
        "end": {
          "line": 9,
          "column": 14
        }
      }
    },
    {
      "type": {
        "label": "function",
        "keyword": "function",
        "beforeExpr": false,
        "startsExpr": true,
        "rightAssociative": false,
        "isLoop": false,
        "isAssign": false,
        "prefix": false,
        "postfix": false,
        "binop": null
      },
      "value": "function",
      "start": 227,
      "end": 235,
      "loc": {
        "start": {
          "line": 9,
          "column": 15
        },
        "end": {
          "line": 9,
          "column": 23
        }
      }
    },
    {
      "type": {
        "label": "name",
        "beforeExpr": false,
        "startsExpr": true,
        "rightAssociative": false,
        "isLoop": false,
        "isAssign": false,
        "prefix": false,
        "postfix": false,
        "binop": null
      },
      "value": "parseExample",
      "start": 236,
      "end": 248,
      "loc": {
        "start": {
          "line": 9,
          "column": 24
        },
        "end": {
          "line": 9,
          "column": 36
        }
      }
    },
    {
      "type": {
        "label": "(",
        "beforeExpr": true,
        "startsExpr": true,
        "rightAssociative": false,
        "isLoop": false,
        "isAssign": false,
        "prefix": false,
        "postfix": false,
        "binop": null
      },
      "start": 248,
      "end": 249,
      "loc": {
        "start": {
          "line": 9,
          "column": 36
        },
        "end": {
          "line": 9,
          "column": 37
        }
      }
    },
    {
      "type": {
        "label": "name",
        "beforeExpr": false,
        "startsExpr": true,
        "rightAssociative": false,
        "isLoop": false,
        "isAssign": false,
        "prefix": false,
        "postfix": false,
        "binop": null
      },
      "value": "example",
      "start": 249,
      "end": 256,
      "loc": {
        "start": {
          "line": 9,
          "column": 37
        },
        "end": {
          "line": 9,
          "column": 44
        }
      }
    },
    {
      "type": {
        "label": ")",
        "beforeExpr": false,
        "startsExpr": false,
        "rightAssociative": false,
        "isLoop": false,
        "isAssign": false,
        "prefix": false,
        "postfix": false,
        "binop": null
      },
      "start": 256,
      "end": 257,
      "loc": {
        "start": {
          "line": 9,
          "column": 44
        },
        "end": {
          "line": 9,
          "column": 45
        }
      }
    },
    {
      "type": {
        "label": "{",
        "beforeExpr": true,
        "startsExpr": true,
        "rightAssociative": false,
        "isLoop": false,
        "isAssign": false,
        "prefix": false,
        "postfix": false,
        "binop": null
      },
      "start": 258,
      "end": 259,
      "loc": {
        "start": {
          "line": 10,
          "column": 0
        },
        "end": {
          "line": 10,
          "column": 1
        }
      }
    },
    {
      "type": {
        "label": "let",
        "keyword": "let",
        "beforeExpr": false,
        "startsExpr": false,
        "rightAssociative": false,
        "isLoop": false,
        "isAssign": false,
        "prefix": false,
        "postfix": false,
        "binop": null,
        "updateContext": null
      },
      "value": "let",
      "start": 263,
      "end": 266,
      "loc": {
        "start": {
          "line": 11,
          "column": 3
        },
        "end": {
          "line": 11,
          "column": 6
        }
      }
    },
    {
      "type": {
        "label": "name",
        "beforeExpr": false,
        "startsExpr": true,
        "rightAssociative": false,
        "isLoop": false,
        "isAssign": false,
        "prefix": false,
        "postfix": false,
        "binop": null
      },
      "value": "body",
      "start": 267,
      "end": 271,
      "loc": {
        "start": {
          "line": 11,
          "column": 7
        },
        "end": {
          "line": 11,
          "column": 11
        }
      }
    },
    {
      "type": {
        "label": "=",
        "beforeExpr": true,
        "startsExpr": false,
        "rightAssociative": false,
        "isLoop": false,
        "isAssign": true,
        "prefix": false,
        "postfix": false,
        "binop": null,
        "updateContext": null
      },
      "value": "=",
      "start": 272,
      "end": 273,
      "loc": {
        "start": {
          "line": 11,
          "column": 12
        },
        "end": {
          "line": 11,
          "column": 13
        }
      }
    },
    {
      "type": {
        "label": "name",
        "beforeExpr": false,
        "startsExpr": true,
        "rightAssociative": false,
        "isLoop": false,
        "isAssign": false,
        "prefix": false,
        "postfix": false,
        "binop": null
      },
      "value": "example",
      "start": 274,
      "end": 281,
      "loc": {
        "start": {
          "line": 11,
          "column": 14
        },
        "end": {
          "line": 11,
          "column": 21
        }
      }
    },
    {
      "type": {
        "label": ";",
        "beforeExpr": true,
        "startsExpr": false,
        "rightAssociative": false,
        "isLoop": false,
        "isAssign": false,
        "prefix": false,
        "postfix": false,
        "binop": null,
        "updateContext": null
      },
      "start": 281,
      "end": 282,
      "loc": {
        "start": {
          "line": 11,
          "column": 21
        },
        "end": {
          "line": 11,
          "column": 22
        }
      }
    },
    {
      "type": {
        "label": "let",
        "keyword": "let",
        "beforeExpr": false,
        "startsExpr": false,
        "rightAssociative": false,
        "isLoop": false,
        "isAssign": false,
        "prefix": false,
        "postfix": false,
        "binop": null,
        "updateContext": null
      },
      "value": "let",
      "start": 286,
      "end": 289,
      "loc": {
        "start": {
          "line": 12,
          "column": 3
        },
        "end": {
          "line": 12,
          "column": 6
        }
      }
    },
    {
      "type": {
        "label": "name",
        "beforeExpr": false,
        "startsExpr": true,
        "rightAssociative": false,
        "isLoop": false,
        "isAssign": false,
        "prefix": false,
        "postfix": false,
        "binop": null
      },
      "value": "caption",
      "start": 290,
      "end": 297,
      "loc": {
        "start": {
          "line": 12,
          "column": 7
        },
        "end": {
          "line": 12,
          "column": 14
        }
      }
    },
    {
      "type": {
        "label": "=",
        "beforeExpr": true,
        "startsExpr": false,
        "rightAssociative": false,
        "isLoop": false,
        "isAssign": true,
        "prefix": false,
        "postfix": false,
        "binop": null,
        "updateContext": null
      },
      "value": "=",
      "start": 298,
      "end": 299,
      "loc": {
        "start": {
          "line": 12,
          "column": 15
        },
        "end": {
          "line": 12,
          "column": 16
        }
      }
    },
    {
      "type": {
        "label": "string",
        "beforeExpr": false,
        "startsExpr": true,
        "rightAssociative": false,
        "isLoop": false,
        "isAssign": false,
        "prefix": false,
        "postfix": false,
        "binop": null,
        "updateContext": null
      },
      "value": "",
      "start": 300,
      "end": 302,
      "loc": {
        "start": {
          "line": 12,
          "column": 17
        },
        "end": {
          "line": 12,
          "column": 19
        }
      }
    },
    {
      "type": {
        "label": ";",
        "beforeExpr": true,
        "startsExpr": false,
        "rightAssociative": false,
        "isLoop": false,
        "isAssign": false,
        "prefix": false,
        "postfix": false,
        "binop": null,
        "updateContext": null
      },
      "start": 302,
      "end": 303,
      "loc": {
        "start": {
          "line": 12,
          "column": 19
        },
        "end": {
          "line": 12,
          "column": 20
        }
      }
    },
    {
      "type": {
        "label": "const",
        "keyword": "const",
        "beforeExpr": false,
        "startsExpr": false,
        "rightAssociative": false,
        "isLoop": false,
        "isAssign": false,
        "prefix": false,
        "postfix": false,
        "binop": null,
        "updateContext": null
      },
      "value": "const",
      "start": 308,
      "end": 313,
      "loc": {
        "start": {
          "line": 14,
          "column": 3
        },
        "end": {
          "line": 14,
          "column": 8
        }
      }
    },
    {
      "type": {
        "label": "name",
        "beforeExpr": false,
        "startsExpr": true,
        "rightAssociative": false,
        "isLoop": false,
        "isAssign": false,
        "prefix": false,
        "postfix": false,
        "binop": null
      },
      "value": "regexp",
      "start": 314,
      "end": 320,
      "loc": {
        "start": {
          "line": 14,
          "column": 9
        },
        "end": {
          "line": 14,
          "column": 15
        }
      }
    },
    {
      "type": {
        "label": "=",
        "beforeExpr": true,
        "startsExpr": false,
        "rightAssociative": false,
        "isLoop": false,
        "isAssign": true,
        "prefix": false,
        "postfix": false,
        "binop": null,
        "updateContext": null
      },
      "value": "=",
      "start": 321,
      "end": 322,
      "loc": {
        "start": {
          "line": 14,
          "column": 16
        },
        "end": {
          "line": 14,
          "column": 17
        }
      }
    },
    {
      "type": {
        "label": "new",
        "keyword": "new",
        "beforeExpr": true,
        "startsExpr": true,
        "rightAssociative": false,
        "isLoop": false,
        "isAssign": false,
        "prefix": false,
        "postfix": false,
        "binop": null,
        "updateContext": null
      },
      "value": "new",
      "start": 323,
      "end": 326,
      "loc": {
        "start": {
          "line": 14,
          "column": 18
        },
        "end": {
          "line": 14,
          "column": 21
        }
      }
    },
    {
      "type": {
        "label": "name",
        "beforeExpr": false,
        "startsExpr": true,
        "rightAssociative": false,
        "isLoop": false,
        "isAssign": false,
        "prefix": false,
        "postfix": false,
        "binop": null
      },
      "value": "RegExp",
      "start": 327,
      "end": 333,
      "loc": {
        "start": {
          "line": 14,
          "column": 22
        },
        "end": {
          "line": 14,
          "column": 28
        }
      }
    },
    {
      "type": {
        "label": "(",
        "beforeExpr": true,
        "startsExpr": true,
        "rightAssociative": false,
        "isLoop": false,
        "isAssign": false,
        "prefix": false,
        "postfix": false,
        "binop": null
      },
      "start": 333,
      "end": 334,
      "loc": {
        "start": {
          "line": 14,
          "column": 28
        },
        "end": {
          "line": 14,
          "column": 29
        }
      }
    },
    {
      "type": {
        "label": "string",
        "beforeExpr": false,
        "startsExpr": true,
        "rightAssociative": false,
        "isLoop": false,
        "isAssign": false,
        "prefix": false,
        "postfix": false,
        "binop": null,
        "updateContext": null
      },
      "value": "^<caption>(.*?)</caption>\n",
      "start": 334,
      "end": 363,
      "loc": {
        "start": {
          "line": 14,
          "column": 29
        },
        "end": {
          "line": 14,
          "column": 58
        }
      }
    },
    {
      "type": {
        "label": ")",
        "beforeExpr": false,
        "startsExpr": false,
        "rightAssociative": false,
        "isLoop": false,
        "isAssign": false,
        "prefix": false,
        "postfix": false,
        "binop": null
      },
      "start": 363,
      "end": 364,
      "loc": {
        "start": {
          "line": 14,
          "column": 58
        },
        "end": {
          "line": 14,
          "column": 59
        }
      }
    },
    {
      "type": {
        "label": ";",
        "beforeExpr": true,
        "startsExpr": false,
        "rightAssociative": false,
        "isLoop": false,
        "isAssign": false,
        "prefix": false,
        "postfix": false,
        "binop": null,
        "updateContext": null
      },
      "start": 364,
      "end": 365,
      "loc": {
        "start": {
          "line": 14,
          "column": 59
        },
        "end": {
          "line": 14,
          "column": 60
        }
      }
    },
    {
      "type": "CommentLine",
      "value": " eslint-disable-line no-control-regex",
      "start": 366,
      "end": 405,
      "loc": {
        "start": {
          "line": 14,
          "column": 61
        },
        "end": {
          "line": 14,
          "column": 100
        }
      }
    },
    {
      "type": {
        "label": "const",
        "keyword": "const",
        "beforeExpr": false,
        "startsExpr": false,
        "rightAssociative": false,
        "isLoop": false,
        "isAssign": false,
        "prefix": false,
        "postfix": false,
        "binop": null,
        "updateContext": null
      },
      "value": "const",
      "start": 409,
      "end": 414,
      "loc": {
        "start": {
          "line": 15,
          "column": 3
        },
        "end": {
          "line": 15,
          "column": 8
        }
      }
    },
    {
      "type": {
        "label": "name",
        "beforeExpr": false,
        "startsExpr": true,
        "rightAssociative": false,
        "isLoop": false,
        "isAssign": false,
        "prefix": false,
        "postfix": false,
        "binop": null
      },
      "value": "matched",
      "start": 415,
      "end": 422,
      "loc": {
        "start": {
          "line": 15,
          "column": 9
        },
        "end": {
          "line": 15,
          "column": 16
        }
      }
    },
    {
      "type": {
        "label": "=",
        "beforeExpr": true,
        "startsExpr": false,
        "rightAssociative": false,
        "isLoop": false,
        "isAssign": true,
        "prefix": false,
        "postfix": false,
        "binop": null,
        "updateContext": null
      },
      "value": "=",
      "start": 423,
      "end": 424,
      "loc": {
        "start": {
          "line": 15,
          "column": 17
        },
        "end": {
          "line": 15,
          "column": 18
        }
      }
    },
    {
      "type": {
        "label": "name",
        "beforeExpr": false,
        "startsExpr": true,
        "rightAssociative": false,
        "isLoop": false,
        "isAssign": false,
        "prefix": false,
        "postfix": false,
        "binop": null
      },
      "value": "example",
      "start": 425,
      "end": 432,
      "loc": {
        "start": {
          "line": 15,
          "column": 19
        },
        "end": {
          "line": 15,
          "column": 26
        }
      }
    },
    {
      "type": {
        "label": ".",
        "beforeExpr": false,
        "startsExpr": false,
        "rightAssociative": false,
        "isLoop": false,
        "isAssign": false,
        "prefix": false,
        "postfix": false,
        "binop": null,
        "updateContext": null
      },
      "start": 432,
      "end": 433,
      "loc": {
        "start": {
          "line": 15,
          "column": 26
        },
        "end": {
          "line": 15,
          "column": 27
        }
      }
    },
    {
      "type": {
        "label": "name",
        "beforeExpr": false,
        "startsExpr": true,
        "rightAssociative": false,
        "isLoop": false,
        "isAssign": false,
        "prefix": false,
        "postfix": false,
        "binop": null
      },
      "value": "match",
      "start": 433,
      "end": 438,
      "loc": {
        "start": {
          "line": 15,
          "column": 27
        },
        "end": {
          "line": 15,
          "column": 32
        }
      }
    },
    {
      "type": {
        "label": "(",
        "beforeExpr": true,
        "startsExpr": true,
        "rightAssociative": false,
        "isLoop": false,
        "isAssign": false,
        "prefix": false,
        "postfix": false,
        "binop": null
      },
      "start": 438,
      "end": 439,
      "loc": {
        "start": {
          "line": 15,
          "column": 32
        },
        "end": {
          "line": 15,
          "column": 33
        }
      }
    },
    {
      "type": {
        "label": "name",
        "beforeExpr": false,
        "startsExpr": true,
        "rightAssociative": false,
        "isLoop": false,
        "isAssign": false,
        "prefix": false,
        "postfix": false,
        "binop": null
      },
      "value": "regexp",
      "start": 439,
      "end": 445,
      "loc": {
        "start": {
          "line": 15,
          "column": 33
        },
        "end": {
          "line": 15,
          "column": 39
        }
      }
    },
    {
      "type": {
        "label": ")",
        "beforeExpr": false,
        "startsExpr": false,
        "rightAssociative": false,
        "isLoop": false,
        "isAssign": false,
        "prefix": false,
        "postfix": false,
        "binop": null
      },
      "start": 445,
      "end": 446,
      "loc": {
        "start": {
          "line": 15,
          "column": 39
        },
        "end": {
          "line": 15,
          "column": 40
        }
      }
    },
    {
      "type": {
        "label": ";",
        "beforeExpr": true,
        "startsExpr": false,
        "rightAssociative": false,
        "isLoop": false,
        "isAssign": false,
        "prefix": false,
        "postfix": false,
        "binop": null,
        "updateContext": null
      },
      "start": 446,
      "end": 447,
      "loc": {
        "start": {
          "line": 15,
          "column": 40
        },
        "end": {
          "line": 15,
          "column": 41
        }
      }
    },
    {
      "type": {
        "label": "if",
        "keyword": "if",
        "beforeExpr": false,
        "startsExpr": false,
        "rightAssociative": false,
        "isLoop": false,
        "isAssign": false,
        "prefix": false,
        "postfix": false,
        "binop": null,
        "updateContext": null
      },
      "value": "if",
      "start": 452,
      "end": 454,
      "loc": {
        "start": {
          "line": 17,
          "column": 3
        },
        "end": {
          "line": 17,
          "column": 5
        }
      }
    },
    {
      "type": {
        "label": "(",
        "beforeExpr": true,
        "startsExpr": true,
        "rightAssociative": false,
        "isLoop": false,
        "isAssign": false,
        "prefix": false,
        "postfix": false,
        "binop": null
      },
      "start": 455,
      "end": 456,
      "loc": {
        "start": {
          "line": 17,
          "column": 6
        },
        "end": {
          "line": 17,
          "column": 7
        }
      }
    },
    {
      "type": {
        "label": "name",
        "beforeExpr": false,
        "startsExpr": true,
        "rightAssociative": false,
        "isLoop": false,
        "isAssign": false,
        "prefix": false,
        "postfix": false,
        "binop": null
      },
      "value": "matched",
      "start": 456,
      "end": 463,
      "loc": {
        "start": {
          "line": 17,
          "column": 7
        },
        "end": {
          "line": 17,
          "column": 14
        }
      }
    },
    {
      "type": {
        "label": ")",
        "beforeExpr": false,
        "startsExpr": false,
        "rightAssociative": false,
        "isLoop": false,
        "isAssign": false,
        "prefix": false,
        "postfix": false,
        "binop": null
      },
      "start": 463,
      "end": 464,
      "loc": {
        "start": {
          "line": 17,
          "column": 14
        },
        "end": {
          "line": 17,
          "column": 15
        }
      }
    },
    {
      "type": {
        "label": "{",
        "beforeExpr": true,
        "startsExpr": true,
        "rightAssociative": false,
        "isLoop": false,
        "isAssign": false,
        "prefix": false,
        "postfix": false,
        "binop": null
      },
      "start": 468,
      "end": 469,
      "loc": {
        "start": {
          "line": 18,
          "column": 3
        },
        "end": {
          "line": 18,
          "column": 4
        }
      }
    },
    {
      "type": {
        "label": "name",
        "beforeExpr": false,
        "startsExpr": true,
        "rightAssociative": false,
        "isLoop": false,
        "isAssign": false,
        "prefix": false,
        "postfix": false,
        "binop": null
      },
      "value": "body",
      "start": 476,
      "end": 480,
      "loc": {
        "start": {
          "line": 19,
          "column": 6
        },
        "end": {
          "line": 19,
          "column": 10
        }
      }
    },
    {
      "type": {
        "label": "=",
        "beforeExpr": true,
        "startsExpr": false,
        "rightAssociative": false,
        "isLoop": false,
        "isAssign": true,
        "prefix": false,
        "postfix": false,
        "binop": null,
        "updateContext": null
      },
      "value": "=",
      "start": 481,
      "end": 482,
      "loc": {
        "start": {
          "line": 19,
          "column": 11
        },
        "end": {
          "line": 19,
          "column": 12
        }
      }
    },
    {
      "type": {
        "label": "name",
        "beforeExpr": false,
        "startsExpr": true,
        "rightAssociative": false,
        "isLoop": false,
        "isAssign": false,
        "prefix": false,
        "postfix": false,
        "binop": null
      },
      "value": "example",
      "start": 483,
      "end": 490,
      "loc": {
        "start": {
          "line": 19,
          "column": 13
        },
        "end": {
          "line": 19,
          "column": 20
        }
      }
    },
    {
      "type": {
        "label": ".",
        "beforeExpr": false,
        "startsExpr": false,
        "rightAssociative": false,
        "isLoop": false,
        "isAssign": false,
        "prefix": false,
        "postfix": false,
        "binop": null,
        "updateContext": null
      },
      "start": 490,
      "end": 491,
      "loc": {
        "start": {
          "line": 19,
          "column": 20
        },
        "end": {
          "line": 19,
          "column": 21
        }
      }
    },
    {
      "type": {
        "label": "name",
        "beforeExpr": false,
        "startsExpr": true,
        "rightAssociative": false,
        "isLoop": false,
        "isAssign": false,
        "prefix": false,
        "postfix": false,
        "binop": null
      },
      "value": "replace",
      "start": 491,
      "end": 498,
      "loc": {
        "start": {
          "line": 19,
          "column": 21
        },
        "end": {
          "line": 19,
          "column": 28
        }
      }
    },
    {
      "type": {
        "label": "(",
        "beforeExpr": true,
        "startsExpr": true,
        "rightAssociative": false,
        "isLoop": false,
        "isAssign": false,
        "prefix": false,
        "postfix": false,
        "binop": null
      },
      "start": 498,
      "end": 499,
      "loc": {
        "start": {
          "line": 19,
          "column": 28
        },
        "end": {
          "line": 19,
          "column": 29
        }
      }
    },
    {
      "type": {
        "label": "name",
        "beforeExpr": false,
        "startsExpr": true,
        "rightAssociative": false,
        "isLoop": false,
        "isAssign": false,
        "prefix": false,
        "postfix": false,
        "binop": null
      },
      "value": "regexp",
      "start": 499,
      "end": 505,
      "loc": {
        "start": {
          "line": 19,
          "column": 29
        },
        "end": {
          "line": 19,
          "column": 35
        }
      }
    },
    {
      "type": {
        "label": ",",
        "beforeExpr": true,
        "startsExpr": false,
        "rightAssociative": false,
        "isLoop": false,
        "isAssign": false,
        "prefix": false,
        "postfix": false,
        "binop": null,
        "updateContext": null
      },
      "start": 505,
      "end": 506,
      "loc": {
        "start": {
          "line": 19,
          "column": 35
        },
        "end": {
          "line": 19,
          "column": 36
        }
      }
    },
    {
      "type": {
        "label": "string",
        "beforeExpr": false,
        "startsExpr": true,
        "rightAssociative": false,
        "isLoop": false,
        "isAssign": false,
        "prefix": false,
        "postfix": false,
        "binop": null,
        "updateContext": null
      },
      "value": "",
      "start": 507,
      "end": 509,
      "loc": {
        "start": {
          "line": 19,
          "column": 37
        },
        "end": {
          "line": 19,
          "column": 39
        }
      }
    },
    {
      "type": {
        "label": ")",
        "beforeExpr": false,
        "startsExpr": false,
        "rightAssociative": false,
        "isLoop": false,
        "isAssign": false,
        "prefix": false,
        "postfix": false,
        "binop": null
      },
      "start": 509,
      "end": 510,
      "loc": {
        "start": {
          "line": 19,
          "column": 39
        },
        "end": {
          "line": 19,
          "column": 40
        }
      }
    },
    {
      "type": {
        "label": ";",
        "beforeExpr": true,
        "startsExpr": false,
        "rightAssociative": false,
        "isLoop": false,
        "isAssign": false,
        "prefix": false,
        "postfix": false,
        "binop": null,
        "updateContext": null
      },
      "start": 510,
      "end": 511,
      "loc": {
        "start": {
          "line": 19,
          "column": 40
        },
        "end": {
          "line": 19,
          "column": 41
        }
      }
    },
    {
      "type": {
        "label": "name",
        "beforeExpr": false,
        "startsExpr": true,
        "rightAssociative": false,
        "isLoop": false,
        "isAssign": false,
        "prefix": false,
        "postfix": false,
        "binop": null
      },
      "value": "caption",
      "start": 518,
      "end": 525,
      "loc": {
        "start": {
          "line": 20,
          "column": 6
        },
        "end": {
          "line": 20,
          "column": 13
        }
      }
    },
    {
      "type": {
        "label": "=",
        "beforeExpr": true,
        "startsExpr": false,
        "rightAssociative": false,
        "isLoop": false,
        "isAssign": true,
        "prefix": false,
        "postfix": false,
        "binop": null,
        "updateContext": null
      },
      "value": "=",
      "start": 526,
      "end": 527,
      "loc": {
        "start": {
          "line": 20,
          "column": 14
        },
        "end": {
          "line": 20,
          "column": 15
        }
      }
    },
    {
      "type": {
        "label": "name",
        "beforeExpr": false,
        "startsExpr": true,
        "rightAssociative": false,
        "isLoop": false,
        "isAssign": false,
        "prefix": false,
        "postfix": false,
        "binop": null
      },
      "value": "matched",
      "start": 528,
      "end": 535,
      "loc": {
        "start": {
          "line": 20,
          "column": 16
        },
        "end": {
          "line": 20,
          "column": 23
        }
      }
    },
    {
      "type": {
        "label": "[",
        "beforeExpr": true,
        "startsExpr": true,
        "rightAssociative": false,
        "isLoop": false,
        "isAssign": false,
        "prefix": false,
        "postfix": false,
        "binop": null,
        "updateContext": null
      },
      "start": 535,
      "end": 536,
      "loc": {
        "start": {
          "line": 20,
          "column": 23
        },
        "end": {
          "line": 20,
          "column": 24
        }
      }
    },
    {
      "type": {
        "label": "num",
        "beforeExpr": false,
        "startsExpr": true,
        "rightAssociative": false,
        "isLoop": false,
        "isAssign": false,
        "prefix": false,
        "postfix": false,
        "binop": null,
        "updateContext": null
      },
      "value": 1,
      "start": 536,
      "end": 537,
      "loc": {
        "start": {
          "line": 20,
          "column": 24
        },
        "end": {
          "line": 20,
          "column": 25
        }
      }
    },
    {
      "type": {
        "label": "]",
        "beforeExpr": false,
        "startsExpr": false,
        "rightAssociative": false,
        "isLoop": false,
        "isAssign": false,
        "prefix": false,
        "postfix": false,
        "binop": null,
        "updateContext": null
      },
      "start": 537,
      "end": 538,
      "loc": {
        "start": {
          "line": 20,
          "column": 25
        },
        "end": {
          "line": 20,
          "column": 26
        }
      }
    },
    {
      "type": {
        "label": ".",
        "beforeExpr": false,
        "startsExpr": false,
        "rightAssociative": false,
        "isLoop": false,
        "isAssign": false,
        "prefix": false,
        "postfix": false,
        "binop": null,
        "updateContext": null
      },
      "start": 538,
      "end": 539,
      "loc": {
        "start": {
          "line": 20,
          "column": 26
        },
        "end": {
          "line": 20,
          "column": 27
        }
      }
    },
    {
      "type": {
        "label": "name",
        "beforeExpr": false,
        "startsExpr": true,
        "rightAssociative": false,
        "isLoop": false,
        "isAssign": false,
        "prefix": false,
        "postfix": false,
        "binop": null
      },
      "value": "trim",
      "start": 539,
      "end": 543,
      "loc": {
        "start": {
          "line": 20,
          "column": 27
        },
        "end": {
          "line": 20,
          "column": 31
        }
      }
    },
    {
      "type": {
        "label": "(",
        "beforeExpr": true,
        "startsExpr": true,
        "rightAssociative": false,
        "isLoop": false,
        "isAssign": false,
        "prefix": false,
        "postfix": false,
        "binop": null
      },
      "start": 543,
      "end": 544,
      "loc": {
        "start": {
          "line": 20,
          "column": 31
        },
        "end": {
          "line": 20,
          "column": 32
        }
      }
    },
    {
      "type": {
        "label": ")",
        "beforeExpr": false,
        "startsExpr": false,
        "rightAssociative": false,
        "isLoop": false,
        "isAssign": false,
        "prefix": false,
        "postfix": false,
        "binop": null
      },
      "start": 544,
      "end": 545,
      "loc": {
        "start": {
          "line": 20,
          "column": 32
        },
        "end": {
          "line": 20,
          "column": 33
        }
      }
    },
    {
      "type": {
        "label": ";",
        "beforeExpr": true,
        "startsExpr": false,
        "rightAssociative": false,
        "isLoop": false,
        "isAssign": false,
        "prefix": false,
        "postfix": false,
        "binop": null,
        "updateContext": null
      },
      "start": 545,
      "end": 546,
      "loc": {
        "start": {
          "line": 20,
          "column": 33
        },
        "end": {
          "line": 20,
          "column": 34
        }
      }
    },
    {
      "type": {
        "label": "}",
        "beforeExpr": false,
        "startsExpr": false,
        "rightAssociative": false,
        "isLoop": false,
        "isAssign": false,
        "prefix": false,
        "postfix": false,
        "binop": null
      },
      "start": 550,
      "end": 551,
      "loc": {
        "start": {
          "line": 21,
          "column": 3
        },
        "end": {
          "line": 21,
          "column": 4
        }
      }
    },
    {
      "type": {
        "label": "return",
        "keyword": "return",
        "beforeExpr": true,
        "startsExpr": false,
        "rightAssociative": false,
        "isLoop": false,
        "isAssign": false,
        "prefix": false,
        "postfix": false,
        "binop": null,
        "updateContext": null
      },
      "value": "return",
      "start": 556,
      "end": 562,
      "loc": {
        "start": {
          "line": 23,
          "column": 3
        },
        "end": {
          "line": 23,
          "column": 9
        }
      }
    },
    {
      "type": {
        "label": "{",
        "beforeExpr": true,
        "startsExpr": true,
        "rightAssociative": false,
        "isLoop": false,
        "isAssign": false,
        "prefix": false,
        "postfix": false,
        "binop": null
      },
      "start": 563,
      "end": 564,
      "loc": {
        "start": {
          "line": 23,
          "column": 10
        },
        "end": {
          "line": 23,
          "column": 11
        }
      }
    },
    {
      "type": {
        "label": "name",
        "beforeExpr": false,
        "startsExpr": true,
        "rightAssociative": false,
        "isLoop": false,
        "isAssign": false,
        "prefix": false,
        "postfix": false,
        "binop": null
      },
      "value": "body",
      "start": 565,
      "end": 569,
      "loc": {
        "start": {
          "line": 23,
          "column": 12
        },
        "end": {
          "line": 23,
          "column": 16
        }
      }
    },
    {
      "type": {
        "label": ",",
        "beforeExpr": true,
        "startsExpr": false,
        "rightAssociative": false,
        "isLoop": false,
        "isAssign": false,
        "prefix": false,
        "postfix": false,
        "binop": null,
        "updateContext": null
      },
      "start": 569,
      "end": 570,
      "loc": {
        "start": {
          "line": 23,
          "column": 16
        },
        "end": {
          "line": 23,
          "column": 17
        }
      }
    },
    {
      "type": {
        "label": "name",
        "beforeExpr": false,
        "startsExpr": true,
        "rightAssociative": false,
        "isLoop": false,
        "isAssign": false,
        "prefix": false,
        "postfix": false,
        "binop": null
      },
      "value": "caption",
      "start": 571,
      "end": 578,
      "loc": {
        "start": {
          "line": 23,
          "column": 18
        },
        "end": {
          "line": 23,
          "column": 25
        }
      }
    },
    {
      "type": {
        "label": "}",
        "beforeExpr": false,
        "startsExpr": false,
        "rightAssociative": false,
        "isLoop": false,
        "isAssign": false,
        "prefix": false,
        "postfix": false,
        "binop": null
      },
      "start": 579,
      "end": 580,
      "loc": {
        "start": {
          "line": 23,
          "column": 26
        },
        "end": {
          "line": 23,
          "column": 27
        }
      }
    },
    {
      "type": {
        "label": ";",
        "beforeExpr": true,
        "startsExpr": false,
        "rightAssociative": false,
        "isLoop": false,
        "isAssign": false,
        "prefix": false,
        "postfix": false,
        "binop": null,
        "updateContext": null
      },
      "start": 580,
      "end": 581,
      "loc": {
        "start": {
          "line": 23,
          "column": 27
        },
        "end": {
          "line": 23,
          "column": 28
        }
      }
    },
    {
      "type": {
        "label": "}",
        "beforeExpr": false,
        "startsExpr": false,
        "rightAssociative": false,
        "isLoop": false,
        "isAssign": false,
        "prefix": false,
        "postfix": false,
        "binop": null
      },
      "start": 582,
      "end": 583,
      "loc": {
        "start": {
          "line": 24,
          "column": 0
        },
        "end": {
          "line": 24,
          "column": 1
        }
      }
    },
    {
      "type": {
        "label": "eof",
        "beforeExpr": false,
        "startsExpr": false,
        "rightAssociative": false,
        "isLoop": false,
        "isAssign": false,
        "prefix": false,
        "postfix": false,
        "binop": null,
        "updateContext": null
      },
      "start": 584,
      "end": 584,
      "loc": {
        "start": {
          "line": 25,
          "column": 0
        },
        "end": {
          "line": 25,
          "column": 0
        }
      }
    }
  ]
}