{
  "coverage": "92.47%",
  "expectCount": 412,
  "actualCount": 381,
  "files": {
    "src/Publisher/Builder/ASTDocBuilder.js": {
      "expectCount": 4,
      "actualCount": 3,
      "undocumentLines": [
        18
      ]
    },
    "src/common/utils/ASTNodeContainer.js": {
      "expectCount": 6,
      "actualCount": 0,
      "undocumentLines": [
        1,
        5,
        6,
        9,
        3,
        15
      ]
    },
    "src/Doc/AbstractDoc.js": {
      "expectCount": 56,
      "actualCount": 51,
      "undocumentLines": [
        23,
        26,
        24,
        25,
        27
      ]
    },
    "src/common/doc/AbstractDoc.js": {
      "expectCount": 56,
      "actualCount": 51,
      "undocumentLines": [
        22,
        25,
        23,
        24,
        26
      ]
    },
    "src/Doc/AssignmentDoc.js": {
      "expectCount": 4,
      "actualCount": 4,
      "undocumentLines": []
    },
    "src/babylon/utils/BabylonASTUtil.js": {
      "expectCount": 8,
      "actualCount": 8,
      "undocumentLines": []
    },
    "src/babylon/parser/BabylonParser.js": {
      "expectCount": 3,
      "actualCount": 2,
      "undocumentLines": [
        14
      ]
    },
    "src/Doc/ClassDoc.js": {
      "expectCount": 9,
      "actualCount": 9,
      "undocumentLines": []
    },
    "src/Publisher/Builder/ClassDocBuilder.js": {
      "expectCount": 10,
      "actualCount": 10,
      "undocumentLines": []
    },
    "src/Doc/ClassPropertyDoc.js": {
      "expectCount": 6,
      "actualCount": 6,
      "undocumentLines": []
    },
    "src/Parser/CommentParser.js": {
      "expectCount": 3,
      "actualCount": 3,
      "undocumentLines": []
    },
    "src/Publisher/Builder/CoverageBuilder.js": {
      "expectCount": 2,
      "actualCount": 2,
      "undocumentLines": []
    },
    "src/Publisher/Builder/DocBuilder.js": {
      "expectCount": 33,
      "actualCount": 31,
      "undocumentLines": [
        24,
        23
      ]
    },
    "src/Factory/DocFactory.js": {
      "expectCount": 27,
      "actualCount": 23,
      "undocumentLines": [
        44,
        45,
        47,
        46
      ]
    },
    "src/Publisher/Builder/DocResolver.js": {
      "expectCount": 15,
      "actualCount": 13,
      "undocumentLines": [
        15,
        16
      ]
    },
    "src/ESDoc.js": {
      "expectCount": 8,
      "actualCount": 8,
      "undocumentLines": []
    },
    "src/ESDocCLI.js": {
      "expectCount": 9,
      "actualCount": 9,
      "undocumentLines": []
    },
    "src/Doc/ExternalDoc.js": {
      "expectCount": 7,
      "actualCount": 7,
      "undocumentLines": []
    },
    "src/Doc/FileDoc.js": {
      "expectCount": 6,
      "actualCount": 6,
      "undocumentLines": []
    },
    "src/Publisher/Builder/FileDocBuilder.js": {
      "expectCount": 3,
      "actualCount": 3,
      "undocumentLines": []
    },
    "src/Doc/FunctionDoc.js": {
      "expectCount": 8,
      "actualCount": 8,
      "undocumentLines": []
    },
    "src/Publisher/Builder/IdentifiersDocBuilder.js": {
      "expectCount": 3,
      "actualCount": 3,
      "undocumentLines": []
    },
    "src/Publisher/Builder/IndexDocBuilder.js": {
      "expectCount": 5,
      "actualCount": 4,
      "undocumentLines": [
        23
      ]
    },
    "src/common/utils/InvalidCodeLogger.js": {
      "expectCount": 7,
      "actualCount": 5,
      "undocumentLines": [
        10,
        8
      ]
    },
    "src/Publisher/Builder/LintDocBuilder.js": {
      "expectCount": 6,
      "actualCount": 6,
      "undocumentLines": []
    },
    "src/Publisher/Builder/ManualDocBuilder.js": {
      "expectCount": 9,
      "actualCount": 9,
      "undocumentLines": []
    },
    "src/Doc/MemberDoc.js": {
      "expectCount": 7,
      "actualCount": 7,
      "undocumentLines": []
    },
    "src/Doc/MemoryDoc.js": {
      "expectCount": 8,
      "actualCount": 7,
      "undocumentLines": [
        20
      ]
    },
    "src/Doc/MethodDoc.js": {
      "expectCount": 10,
      "actualCount": 10,
      "undocumentLines": []
    },
    "src/common/utils/NamingUtil.js": {
      "expectCount": 2,
      "actualCount": 2,
      "undocumentLines": []
    },
    "src/Parser/ParamParser.js": {
      "expectCount": 6,
      "actualCount": 6,
      "undocumentLines": []
    },
    "src/common/utils/PathResolver.js": {
      "expectCount": 11,
      "actualCount": 11,
      "undocumentLines": []
    },
    "src/Publisher/Builder/SearchIndexBuilder.js": {
      "expectCount": 2,
      "actualCount": 2,
      "undocumentLines": []
    },
    "src/Publisher/Builder/SingleDocBuilder.js": {
      "expectCount": 3,
      "actualCount": 3,
      "undocumentLines": []
    },
    "src/Publisher/Builder/SourceDocBuilder.js": {
      "expectCount": 5,
      "actualCount": 4,
      "undocumentLines": [
        23
      ]
    },
    "src/Publisher/Builder/StaticFileBuilder.js": {
      "expectCount": 2,
      "actualCount": 2,
      "undocumentLines": []
    },
    "src/Doc/TestDoc.js": {
      "expectCount": 7,
      "actualCount": 7,
      "undocumentLines": []
    },
    "src/Publisher/Builder/TestDocBuilder.js": {
      "expectCount": 4,
      "actualCount": 4,
      "undocumentLines": []
    },
    "src/Factory/TestDocFactory.js": {
      "expectCount": 11,
      "actualCount": 11,
      "undocumentLines": []
    },
    "src/Doc/TestFileDoc.js": {
      "expectCount": 2,
      "actualCount": 2,
      "undocumentLines": []
    },
    "src/Publisher/Builder/TestFileDocBuilder.js": {
      "expectCount": 3,
      "actualCount": 3,
      "undocumentLines": []
    },
    "src/Doc/TypedefDoc.js": {
      "expectCount": 6,
      "actualCount": 6,
      "undocumentLines": []
    },
    "src/Doc/VariableDoc.js": {
      "expectCount": 5,
      "actualCount": 5,
      "undocumentLines": []
    },
    "src/Publisher/Builder/utils/dateForUTC.js": {
      "expectCount": 1,
      "actualCount": 1,
      "undocumentLines": []
    },
    "src/Publisher/Builder/utils/markdown.js": {
      "expectCount": 1,
      "actualCount": 1,
      "undocumentLines": []
    },
    "src/Publisher/Builder/utils/parseExample.js": {
      "expectCount": 1,
      "actualCount": 1,
      "undocumentLines": []
    },
    "src/Publisher/publish.js": {
      "expectCount": 1,
      "actualCount": 1,
      "undocumentLines": []
    },
    "src/Publisher/Builder/utils/shorten.js": {
      "expectCount": 1,
      "actualCount": 1,
      "undocumentLines": []
    }
  }
}