{
  "type": "File",
  "start": 0,
  "end": 216,
  "loc": {
    "start": {
      "line": 1,
      "column": 0
    },
    "end": {
      "line": 12,
      "column": 1
    }
  },
  "program": {
    "type": "Program",
    "start": 0,
    "end": 216,
    "loc": {
      "start": {
        "line": 1,
        "column": 0
      },
      "end": {
        "line": 12,
        "column": 1
      }
    },
    "sourceType": "module",
    "body": [
      {
        "type": "ExportDefaultDeclaration",
        "start": 31,
        "end": 216,
        "loc": {
          "start": {
            "line": 4,
            "column": 0
          },
          "end": {
            "line": 12,
            "column": 1
          }
        },
        "declaration": {
          "type": "ClassDeclaration",
          "start": 46,
          "end": 216,
          "loc": {
            "start": {
              "line": 4,
              "column": 15
            },
            "end": {
              "line": 12,
              "column": 1
            }
          },
          "id": {
            "type": "Identifier",
            "start": 52,
            "end": 63,
            "loc": {
              "start": {
                "line": 4,
                "column": 21
              },
              "end": {
                "line": 4,
                "column": 32
              },
              "identifierName": "PluginEvent"
            },
            "name": "PluginEvent",
            "leadingComments": null
          },
          "superClass": null,
          "body": {
            "type": "ClassBody",
            "start": 64,
            "end": 216,
            "loc": {
              "start": {
                "line": 4,
                "column": 33
              },
              "end": {
                "line": 12,
                "column": 1
              }
            },
            "body": [
              {
                "type": "ClassMethod",
                "start": 145,
                "end": 214,
                "loc": {
                  "start": {
                    "line": 9,
                    "column": 2
                  },
                  "end": {
                    "line": 11,
                    "column": 3
                  }
                },
                "computed": false,
                "key": {
                  "type": "Identifier",
                  "start": 145,
                  "end": 156,
                  "loc": {
                    "start": {
                      "line": 9,
                      "column": 2
                    },
                    "end": {
                      "line": 9,
                      "column": 13
                    },
                    "identifierName": "constructor"
                  },
                  "name": "constructor",
                  "leadingComments": null
                },
                "static": false,
                "kind": "constructor",
                "id": null,
                "generator": false,
                "expression": false,
                "async": false,
                "params": [
                  {
                    "type": "AssignmentPattern",
                    "start": 157,
                    "end": 166,
                    "loc": {
                      "start": {
                        "line": 9,
                        "column": 14
                      },
                      "end": {
                        "line": 9,
                        "column": 23
                      }
                    },
                    "left": {
                      "type": "Identifier",
                      "start": 157,
                      "end": 161,
                      "loc": {
                        "start": {
                          "line": 9,
                          "column": 14
                        },
                        "end": {
                          "line": 9,
                          "column": 18
                        },
                        "identifierName": "data"
                      },
                      "name": "data"
                    },
                    "right": {
                      "type": "ObjectExpression",
                      "start": 164,
                      "end": 166,
                      "loc": {
                        "start": {
                          "line": 9,
                          "column": 21
                        },
                        "end": {
                          "line": 9,
                          "column": 23
                        }
                      },
                      "properties": []
                    }
                  }
                ],
                "body": {
                  "type": "BlockStatement",
                  "start": 168,
                  "end": 214,
                  "loc": {
                    "start": {
                      "line": 9,
                      "column": 25
                    },
                    "end": {
                      "line": 11,
                      "column": 3
                    }
                  },
                  "body": [
                    {
                      "type": "ExpressionStatement",
                      "start": 174,
                      "end": 210,
                      "loc": {
                        "start": {
                          "line": 10,
                          "column": 4
                        },
                        "end": {
                          "line": 10,
                          "column": 40
                        }
                      },
                      "expression": {
                        "type": "AssignmentExpression",
                        "start": 174,
                        "end": 209,
                        "loc": {
                          "start": {
                            "line": 10,
                            "column": 4
                          },
                          "end": {
                            "line": 10,
                            "column": 39
                          }
                        },
                        "operator": "=",
                        "left": {
                          "type": "MemberExpression",
                          "start": 174,
                          "end": 183,
                          "loc": {
                            "start": {
                              "line": 10,
                              "column": 4
                            },
                            "end": {
                              "line": 10,
                              "column": 13
                            }
                          },
                          "object": {
                            "type": "ThisExpression",
                            "start": 174,
                            "end": 178,
                            "loc": {
                              "start": {
                                "line": 10,
                                "column": 4
                              },
                              "end": {
                                "line": 10,
                                "column": 8
                              }
                            }
                          },
                          "property": {
                            "type": "Identifier",
                            "start": 179,
                            "end": 183,
                            "loc": {
                              "start": {
                                "line": 10,
                                "column": 9
                              },
                              "end": {
                                "line": 10,
                                "column": 13
                              },
                              "identifierName": "data"
                            },
                            "name": "data"
                          },
                          "computed": false
                        },
                        "right": {
                          "type": "CallExpression",
                          "start": 186,
                          "end": 209,
                          "loc": {
                            "start": {
                              "line": 10,
                              "column": 16
                            },
                            "end": {
                              "line": 10,
                              "column": 39
                            }
                          },
                          "callee": {
                            "type": "MemberExpression",
                            "start": 186,
                            "end": 199,
                            "loc": {
                              "start": {
                                "line": 10,
                                "column": 16
                              },
                              "end": {
                                "line": 10,
                                "column": 29
                              }
                            },
                            "object": {
                              "type": "Identifier",
                              "start": 186,
                              "end": 192,
                              "loc": {
                                "start": {
                                  "line": 10,
                                  "column": 16
                                },
                                "end": {
                                  "line": 10,
                                  "column": 22
                                },
                                "identifierName": "Object"
                              },
                              "name": "Object"
                            },
                            "property": {
                              "type": "Identifier",
                              "start": 193,
                              "end": 199,
                              "loc": {
                                "start": {
                                  "line": 10,
                                  "column": 23
                                },
                                "end": {
                                  "line": 10,
                                  "column": 29
                                },
                                "identifierName": "assign"
                              },
                              "name": "assign"
                            },
                            "computed": false
                          },
                          "arguments": [
                            {
                              "type": "ObjectExpression",
                              "start": 200,
                              "end": 202,
                              "loc": {
                                "start": {
                                  "line": 10,
                                  "column": 30
                                },
                                "end": {
                                  "line": 10,
                                  "column": 32
                                }
                              },
                              "properties": []
                            },
                            {
                              "type": "Identifier",
                              "start": 204,
                              "end": 208,
                              "loc": {
                                "start": {
                                  "line": 10,
                                  "column": 34
                                },
                                "end": {
                                  "line": 10,
                                  "column": 38
                                },
                                "identifierName": "data"
                              },
                              "name": "data"
                            }
                          ]
                        }
                      }
                    }
                  ],
                  "directives": []
                },
                "leadingComments": [
                  {
                    "type": "CommentBlock",
                    "value": "*\n   * create instance.\n   * @param {Object} data - event content.\n   ",
                    "start": 68,
                    "end": 142,
                    "loc": {
                      "start": {
                        "line": 5,
                        "column": 2
                      },
                      "end": {
                        "line": 8,
                        "column": 5
                      }
                    }
                  }
                ]
              }
            ]
          },
          "leadingComments": [
            {
              "type": "CommentBlock",
              "value": "*\n * Plugin Event class.\n ",
              "start": 0,
              "end": 30,
              "loc": {
                "start": {
                  "line": 1,
                  "column": 0
                },
                "end": {
                  "line": 3,
                  "column": 3
                }
              }
            }
          ],
          "trailingComments": []
        },
        "leadingComments": [
          {
            "type": "CommentBlock",
            "value": "*\n * Plugin Event class.\n ",
            "start": 0,
            "end": 30,
            "loc": {
              "start": {
                "line": 1,
                "column": 0
              },
              "end": {
                "line": 3,
                "column": 3
              }
            }
          }
        ]
      }
    ],
    "directives": []
  },
  "comments": [
    {
      "type": "CommentBlock",
      "value": "*\n * Plugin Event class.\n ",
      "start": 0,
      "end": 30,
      "loc": {
        "start": {
          "line": 1,
          "column": 0
        },
        "end": {
          "line": 3,
          "column": 3
        }
      }
    },
    {
      "type": "CommentBlock",
      "value": "*\n   * create instance.\n   * @param {Object} data - event content.\n   ",
      "start": 68,
      "end": 142,
      "loc": {
        "start": {
          "line": 5,
          "column": 2
        },
        "end": {
          "line": 8,
          "column": 5
        }
      }
    }
  ],
  "tokens": [
    {
      "type": "CommentBlock",
      "value": "*\n * Plugin Event class.\n ",
      "start": 0,
      "end": 30,
      "loc": {
        "start": {
          "line": 1,
          "column": 0
        },
        "end": {
          "line": 3,
          "column": 3
        }
      }
    },
    {
      "type": {
        "label": "export",
        "keyword": "export",
        "beforeExpr": false,
        "startsExpr": false,
        "rightAssociative": false,
        "isLoop": false,
        "isAssign": false,
        "prefix": false,
        "postfix": false,
        "binop": null,
        "updateContext": null
      },
      "value": "export",
      "start": 31,
      "end": 37,
      "loc": {
        "start": {
          "line": 4,
          "column": 0
        },
        "end": {
          "line": 4,
          "column": 6
        }
      }
    },
    {
      "type": {
        "label": "default",
        "keyword": "default",
        "beforeExpr": true,
        "startsExpr": false,
        "rightAssociative": false,
        "isLoop": false,
        "isAssign": false,
        "prefix": false,
        "postfix": false,
        "binop": null,
        "updateContext": null
      },
      "value": "default",
      "start": 38,
      "end": 45,
      "loc": {
        "start": {
          "line": 4,
          "column": 7
        },
        "end": {
          "line": 4,
          "column": 14
        }
      }
    },
    {
      "type": {
        "label": "class",
        "keyword": "class",
        "beforeExpr": false,
        "startsExpr": false,
        "rightAssociative": false,
        "isLoop": false,
        "isAssign": false,
        "prefix": false,
        "postfix": false,
        "binop": null,
        "updateContext": null
      },
      "value": "class",
      "start": 46,
      "end": 51,
      "loc": {
        "start": {
          "line": 4,
          "column": 15
        },
        "end": {
          "line": 4,
          "column": 20
        }
      }
    },
    {
      "type": {
        "label": "name",
        "beforeExpr": false,
        "startsExpr": true,
        "rightAssociative": false,
        "isLoop": false,
        "isAssign": false,
        "prefix": false,
        "postfix": false,
        "binop": null
      },
      "value": "PluginEvent",
      "start": 52,
      "end": 63,
      "loc": {
        "start": {
          "line": 4,
          "column": 21
        },
        "end": {
          "line": 4,
          "column": 32
        }
      }
    },
    {
      "type": {
        "label": "{",
        "beforeExpr": true,
        "startsExpr": true,
        "rightAssociative": false,
        "isLoop": false,
        "isAssign": false,
        "prefix": false,
        "postfix": false,
        "binop": null
      },
      "start": 64,
      "end": 65,
      "loc": {
        "start": {
          "line": 4,
          "column": 33
        },
        "end": {
          "line": 4,
          "column": 34
        }
      }
    },
    {
      "type": "CommentBlock",
      "value": "*\n   * create instance.\n   * @param {Object} data - event content.\n   ",
      "start": 68,
      "end": 142,
      "loc": {
        "start": {
          "line": 5,
          "column": 2
        },
        "end": {
          "line": 8,
          "column": 5
        }
      }
    },
    {
      "type": {
        "label": "name",
        "beforeExpr": false,
        "startsExpr": true,
        "rightAssociative": false,
        "isLoop": false,
        "isAssign": false,
        "prefix": false,
        "postfix": false,
        "binop": null
      },
      "value": "constructor",
      "start": 145,
      "end": 156,
      "loc": {
        "start": {
          "line": 9,
          "column": 2
        },
        "end": {
          "line": 9,
          "column": 13
        }
      }
    },
    {
      "type": {
        "label": "(",
        "beforeExpr": true,
        "startsExpr": true,
        "rightAssociative": false,
        "isLoop": false,
        "isAssign": false,
        "prefix": false,
        "postfix": false,
        "binop": null
      },
      "start": 156,
      "end": 157,
      "loc": {
        "start": {
          "line": 9,
          "column": 13
        },
        "end": {
          "line": 9,
          "column": 14
        }
      }
    },
    {
      "type": {
        "label": "name",
        "beforeExpr": false,
        "startsExpr": true,
        "rightAssociative": false,
        "isLoop": false,
        "isAssign": false,
        "prefix": false,
        "postfix": false,
        "binop": null
      },
      "value": "data",
      "start": 157,
      "end": 161,
      "loc": {
        "start": {
          "line": 9,
          "column": 14
        },
        "end": {
          "line": 9,
          "column": 18
        }
      }
    },
    {
      "type": {
        "label": "=",
        "beforeExpr": true,
        "startsExpr": false,
        "rightAssociative": false,
        "isLoop": false,
        "isAssign": true,
        "prefix": false,
        "postfix": false,
        "binop": null,
        "updateContext": null
      },
      "value": "=",
      "start": 162,
      "end": 163,
      "loc": {
        "start": {
          "line": 9,
          "column": 19
        },
        "end": {
          "line": 9,
          "column": 20
        }
      }
    },
    {
      "type": {
        "label": "{",
        "beforeExpr": true,
        "startsExpr": true,
        "rightAssociative": false,
        "isLoop": false,
        "isAssign": false,
        "prefix": false,
        "postfix": false,
        "binop": null
      },
      "start": 164,
      "end": 165,
      "loc": {
        "start": {
          "line": 9,
          "column": 21
        },
        "end": {
          "line": 9,
          "column": 22
        }
      }
    },
    {
      "type": {
        "label": "}",
        "beforeExpr": false,
        "startsExpr": false,
        "rightAssociative": false,
        "isLoop": false,
        "isAssign": false,
        "prefix": false,
        "postfix": false,
        "binop": null
      },
      "start": 165,
      "end": 166,
      "loc": {
        "start": {
          "line": 9,
          "column": 22
        },
        "end": {
          "line": 9,
          "column": 23
        }
      }
    },
    {
      "type": {
        "label": ")",
        "beforeExpr": false,
        "startsExpr": false,
        "rightAssociative": false,
        "isLoop": false,
        "isAssign": false,
        "prefix": false,
        "postfix": false,
        "binop": null
      },
      "start": 166,
      "end": 167,
      "loc": {
        "start": {
          "line": 9,
          "column": 23
        },
        "end": {
          "line": 9,
          "column": 24
        }
      }
    },
    {
      "type": {
        "label": "{",
        "beforeExpr": true,
        "startsExpr": true,
        "rightAssociative": false,
        "isLoop": false,
        "isAssign": false,
        "prefix": false,
        "postfix": false,
        "binop": null
      },
      "start": 168,
      "end": 169,
      "loc": {
        "start": {
          "line": 9,
          "column": 25
        },
        "end": {
          "line": 9,
          "column": 26
        }
      }
    },
    {
      "type": {
        "label": "this",
        "keyword": "this",
        "beforeExpr": false,
        "startsExpr": true,
        "rightAssociative": false,
        "isLoop": false,
        "isAssign": false,
        "prefix": false,
        "postfix": false,
        "binop": null,
        "updateContext": null
      },
      "value": "this",
      "start": 174,
      "end": 178,
      "loc": {
        "start": {
          "line": 10,
          "column": 4
        },
        "end": {
          "line": 10,
          "column": 8
        }
      }
    },
    {
      "type": {
        "label": ".",
        "beforeExpr": false,
        "startsExpr": false,
        "rightAssociative": false,
        "isLoop": false,
        "isAssign": false,
        "prefix": false,
        "postfix": false,
        "binop": null,
        "updateContext": null
      },
      "start": 178,
      "end": 179,
      "loc": {
        "start": {
          "line": 10,
          "column": 8
        },
        "end": {
          "line": 10,
          "column": 9
        }
      }
    },
    {
      "type": {
        "label": "name",
        "beforeExpr": false,
        "startsExpr": true,
        "rightAssociative": false,
        "isLoop": false,
        "isAssign": false,
        "prefix": false,
        "postfix": false,
        "binop": null
      },
      "value": "data",
      "start": 179,
      "end": 183,
      "loc": {
        "start": {
          "line": 10,
          "column": 9
        },
        "end": {
          "line": 10,
          "column": 13
        }
      }
    },
    {
      "type": {
        "label": "=",
        "beforeExpr": true,
        "startsExpr": false,
        "rightAssociative": false,
        "isLoop": false,
        "isAssign": true,
        "prefix": false,
        "postfix": false,
        "binop": null,
        "updateContext": null
      },
      "value": "=",
      "start": 184,
      "end": 185,
      "loc": {
        "start": {
          "line": 10,
          "column": 14
        },
        "end": {
          "line": 10,
          "column": 15
        }
      }
    },
    {
      "type": {
        "label": "name",
        "beforeExpr": false,
        "startsExpr": true,
        "rightAssociative": false,
        "isLoop": false,
        "isAssign": false,
        "prefix": false,
        "postfix": false,
        "binop": null
      },
      "value": "Object",
      "start": 186,
      "end": 192,
      "loc": {
        "start": {
          "line": 10,
          "column": 16
        },
        "end": {
          "line": 10,
          "column": 22
        }
      }
    },
    {
      "type": {
        "label": ".",
        "beforeExpr": false,
        "startsExpr": false,
        "rightAssociative": false,
        "isLoop": false,
        "isAssign": false,
        "prefix": false,
        "postfix": false,
        "binop": null,
        "updateContext": null
      },
      "start": 192,
      "end": 193,
      "loc": {
        "start": {
          "line": 10,
          "column": 22
        },
        "end": {
          "line": 10,
          "column": 23
        }
      }
    },
    {
      "type": {
        "label": "name",
        "beforeExpr": false,
        "startsExpr": true,
        "rightAssociative": false,
        "isLoop": false,
        "isAssign": false,
        "prefix": false,
        "postfix": false,
        "binop": null
      },
      "value": "assign",
      "start": 193,
      "end": 199,
      "loc": {
        "start": {
          "line": 10,
          "column": 23
        },
        "end": {
          "line": 10,
          "column": 29
        }
      }
    },
    {
      "type": {
        "label": "(",
        "beforeExpr": true,
        "startsExpr": true,
        "rightAssociative": false,
        "isLoop": false,
        "isAssign": false,
        "prefix": false,
        "postfix": false,
        "binop": null
      },
      "start": 199,
      "end": 200,
      "loc": {
        "start": {
          "line": 10,
          "column": 29
        },
        "end": {
          "line": 10,
          "column": 30
        }
      }
    },
    {
      "type": {
        "label": "{",
        "beforeExpr": true,
        "startsExpr": true,
        "rightAssociative": false,
        "isLoop": false,
        "isAssign": false,
        "prefix": false,
        "postfix": false,
        "binop": null
      },
      "start": 200,
      "end": 201,
      "loc": {
        "start": {
          "line": 10,
          "column": 30
        },
        "end": {
          "line": 10,
          "column": 31
        }
      }
    },
    {
      "type": {
        "label": "}",
        "beforeExpr": false,
        "startsExpr": false,
        "rightAssociative": false,
        "isLoop": false,
        "isAssign": false,
        "prefix": false,
        "postfix": false,
        "binop": null
      },
      "start": 201,
      "end": 202,
      "loc": {
        "start": {
          "line": 10,
          "column": 31
        },
        "end": {
          "line": 10,
          "column": 32
        }
      }
    },
    {
      "type": {
        "label": ",",
        "beforeExpr": true,
        "startsExpr": false,
        "rightAssociative": false,
        "isLoop": false,
        "isAssign": false,
        "prefix": false,
        "postfix": false,
        "binop": null,
        "updateContext": null
      },
      "start": 202,
      "end": 203,
      "loc": {
        "start": {
          "line": 10,
          "column": 32
        },
        "end": {
          "line": 10,
          "column": 33
        }
      }
    },
    {
      "type": {
        "label": "name",
        "beforeExpr": false,
        "startsExpr": true,
        "rightAssociative": false,
        "isLoop": false,
        "isAssign": false,
        "prefix": false,
        "postfix": false,
        "binop": null
      },
      "value": "data",
      "start": 204,
      "end": 208,
      "loc": {
        "start": {
          "line": 10,
          "column": 34
        },
        "end": {
          "line": 10,
          "column": 38
        }
      }
    },
    {
      "type": {
        "label": ")",
        "beforeExpr": false,
        "startsExpr": false,
        "rightAssociative": false,
        "isLoop": false,
        "isAssign": false,
        "prefix": false,
        "postfix": false,
        "binop": null
      },
      "start": 208,
      "end": 209,
      "loc": {
        "start": {
          "line": 10,
          "column": 38
        },
        "end": {
          "line": 10,
          "column": 39
        }
      }
    },
    {
      "type": {
        "label": ";",
        "beforeExpr": true,
        "startsExpr": false,
        "rightAssociative": false,
        "isLoop": false,
        "isAssign": false,
        "prefix": false,
        "postfix": false,
        "binop": null,
        "updateContext": null
      },
      "start": 209,
      "end": 210,
      "loc": {
        "start": {
          "line": 10,
          "column": 39
        },
        "end": {
          "line": 10,
          "column": 40
        }
      }
    },
    {
      "type": {
        "label": "}",
        "beforeExpr": false,
        "startsExpr": false,
        "rightAssociative": false,
        "isLoop": false,
        "isAssign": false,
        "prefix": false,
        "postfix": false,
        "binop": null
      },
      "start": 213,
      "end": 214,
      "loc": {
        "start": {
          "line": 11,
          "column": 2
        },
        "end": {
          "line": 11,
          "column": 3
        }
      }
    },
    {
      "type": {
        "label": "}",
        "beforeExpr": false,
        "startsExpr": false,
        "rightAssociative": false,
        "isLoop": false,
        "isAssign": false,
        "prefix": false,
        "postfix": false,
        "binop": null
      },
      "start": 215,
      "end": 216,
      "loc": {
        "start": {
          "line": 12,
          "column": 0
        },
        "end": {
          "line": 12,
          "column": 1
        }
      }
    },
    {
      "type": {
        "label": "eof",
        "beforeExpr": false,
        "startsExpr": false,
        "rightAssociative": false,
        "isLoop": false,
        "isAssign": false,
        "prefix": false,
        "postfix": false,
        "binop": null,
        "updateContext": null
      },
      "start": 216,
      "end": 216,
      "loc": {
        "start": {
          "line": 12,
          "column": 1
        },
        "end": {
          "line": 12,
          "column": 1
        }
      }
    }
  ]
}