{
  "type": "File",
  "start": 0,
  "end": 916,
  "loc": {
    "start": {
      "line": 1,
      "column": 0
    },
    "end": {
      "line": 40,
      "column": 0
    }
  },
  "program": {
    "type": "Program",
    "start": 0,
    "end": 916,
    "loc": {
      "start": {
        "line": 1,
        "column": 0
      },
      "end": {
        "line": 40,
        "column": 0
      }
    },
    "sourceType": "module",
    "body": [
      {
        "type": "VariableDeclaration",
        "start": 52,
        "end": 842,
        "loc": {
          "start": {
            "line": 2,
            "column": 0
          },
          "end": {
            "line": 34,
            "column": 2
          }
        },
        "declarations": [
          {
            "type": "VariableDeclarator",
            "start": 58,
            "end": 841,
            "loc": {
              "start": {
                "line": 2,
                "column": 6
              },
              "end": {
                "line": 34,
                "column": 1
              }
            },
            "id": {
              "type": "Identifier",
              "start": 58,
              "end": 62,
              "loc": {
                "start": {
                  "line": 2,
                  "column": 6
                },
                "end": {
                  "line": 2,
                  "column": 10
                },
                "identifierName": "code"
              },
              "name": "code",
              "leadingComments": null
            },
            "init": {
              "type": "TemplateLiteral",
              "start": 65,
              "end": 841,
              "loc": {
                "start": {
                  "line": 2,
                  "column": 13
                },
                "end": {
                  "line": 34,
                  "column": 1
                }
              },
              "expressions": [],
              "quasis": [
                {
                  "type": "TemplateElement",
                  "start": 66,
                  "end": 840,
                  "loc": {
                    "start": {
                      "line": 2,
                      "column": 14
                    },
                    "end": {
                      "line": 34,
                      "column": 0
                    }
                  },
                  "value": {
                    "raw": "\n/**\n * @external {CanvasRenderingContext2D} https://developer.mozilla.org/en-US/docs/Web/API/CanvasRenderingContext2D\n */\n\n/**\n * @external {DocumentFragment} https://developer.mozilla.org/en-US/docs/Web/API/DocumentFragment\n */\n\n/**\n * @external {Element} https://developer.mozilla.org/en-US/docs/Web/API/Element\n */\n\n/**\n * @external {Event} https://developer.mozilla.org/en-US/docs/Web/API/Event\n */\n\n/**\n * @external {Node} https://developer.mozilla.org/en-US/docs/Web/API/Node\n */\n\n/**\n * @external {NodeList} https://developer.mozilla.org/en-US/docs/Web/API/NodeList\n */\n\n/**\n * @external {XMLHttpRequest} https://developer.mozilla.org/en/docs/Web/API/XMLHttpRequest\n */\n\n/**\n * @external {AudioContext} https://developer.mozilla.org/en/docs/Web/API/AudioContext\n */\n",
                    "cooked": "\n/**\n * @external {CanvasRenderingContext2D} https://developer.mozilla.org/en-US/docs/Web/API/CanvasRenderingContext2D\n */\n\n/**\n * @external {DocumentFragment} https://developer.mozilla.org/en-US/docs/Web/API/DocumentFragment\n */\n\n/**\n * @external {Element} https://developer.mozilla.org/en-US/docs/Web/API/Element\n */\n\n/**\n * @external {Event} https://developer.mozilla.org/en-US/docs/Web/API/Event\n */\n\n/**\n * @external {Node} https://developer.mozilla.org/en-US/docs/Web/API/Node\n */\n\n/**\n * @external {NodeList} https://developer.mozilla.org/en-US/docs/Web/API/NodeList\n */\n\n/**\n * @external {XMLHttpRequest} https://developer.mozilla.org/en/docs/Web/API/XMLHttpRequest\n */\n\n/**\n * @external {AudioContext} https://developer.mozilla.org/en/docs/Web/API/AudioContext\n */\n"
                  },
                  "tail": true
                }
              ]
            },
            "leadingComments": null
          }
        ],
        "kind": "const",
        "leadingComments": [
          {
            "type": "CommentLine",
            "value": " https://developer.mozilla.org/en-US/docs/Web/API",
            "start": 0,
            "end": 51,
            "loc": {
              "start": {
                "line": 1,
                "column": 0
              },
              "end": {
                "line": 1,
                "column": 51
              }
            }
          }
        ]
      },
      {
        "type": "ExportNamedDeclaration",
        "start": 844,
        "end": 915,
        "loc": {
          "start": {
            "line": 36,
            "column": 0
          },
          "end": {
            "line": 39,
            "column": 1
          }
        },
        "specifiers": [],
        "source": null,
        "declaration": {
          "type": "FunctionDeclaration",
          "start": 851,
          "end": 915,
          "loc": {
            "start": {
              "line": 36,
              "column": 7
            },
            "end": {
              "line": 39,
              "column": 1
            }
          },
          "id": {
            "type": "Identifier",
            "start": 860,
            "end": 876,
            "loc": {
              "start": {
                "line": 36,
                "column": 16
              },
              "end": {
                "line": 36,
                "column": 32
              },
              "identifierName": "onHandleExternal"
            },
            "name": "onHandleExternal"
          },
          "generator": false,
          "expression": false,
          "async": false,
          "params": [
            {
              "type": "Identifier",
              "start": 877,
              "end": 879,
              "loc": {
                "start": {
                  "line": 36,
                  "column": 33
                },
                "end": {
                  "line": 36,
                  "column": 35
                },
                "identifierName": "ev"
              },
              "name": "ev"
            }
          ],
          "body": {
            "type": "BlockStatement",
            "start": 881,
            "end": 915,
            "loc": {
              "start": {
                "line": 37,
                "column": 0
              },
              "end": {
                "line": 39,
                "column": 1
              }
            },
            "body": [
              {
                "type": "ExpressionStatement",
                "start": 885,
                "end": 913,
                "loc": {
                  "start": {
                    "line": 38,
                    "column": 2
                  },
                  "end": {
                    "line": 38,
                    "column": 30
                  }
                },
                "expression": {
                  "type": "CallExpression",
                  "start": 885,
                  "end": 912,
                  "loc": {
                    "start": {
                      "line": 38,
                      "column": 2
                    },
                    "end": {
                      "line": 38,
                      "column": 29
                    }
                  },
                  "callee": {
                    "type": "MemberExpression",
                    "start": 885,
                    "end": 906,
                    "loc": {
                      "start": {
                        "line": 38,
                        "column": 2
                      },
                      "end": {
                        "line": 38,
                        "column": 23
                      }
                    },
                    "object": {
                      "type": "MemberExpression",
                      "start": 885,
                      "end": 901,
                      "loc": {
                        "start": {
                          "line": 38,
                          "column": 2
                        },
                        "end": {
                          "line": 38,
                          "column": 18
                        }
                      },
                      "object": {
                        "type": "MemberExpression",
                        "start": 885,
                        "end": 892,
                        "loc": {
                          "start": {
                            "line": 38,
                            "column": 2
                          },
                          "end": {
                            "line": 38,
                            "column": 9
                          }
                        },
                        "object": {
                          "type": "Identifier",
                          "start": 885,
                          "end": 887,
                          "loc": {
                            "start": {
                              "line": 38,
                              "column": 2
                            },
                            "end": {
                              "line": 38,
                              "column": 4
                            },
                            "identifierName": "ev"
                          },
                          "name": "ev"
                        },
                        "property": {
                          "type": "Identifier",
                          "start": 888,
                          "end": 892,
                          "loc": {
                            "start": {
                              "line": 38,
                              "column": 5
                            },
                            "end": {
                              "line": 38,
                              "column": 9
                            },
                            "identifierName": "data"
                          },
                          "name": "data"
                        },
                        "computed": false
                      },
                      "property": {
                        "type": "Identifier",
                        "start": 893,
                        "end": 901,
                        "loc": {
                          "start": {
                            "line": 38,
                            "column": 10
                          },
                          "end": {
                            "line": 38,
                            "column": 18
                          },
                          "identifierName": "external"
                        },
                        "name": "external"
                      },
                      "computed": false
                    },
                    "property": {
                      "type": "Identifier",
                      "start": 902,
                      "end": 906,
                      "loc": {
                        "start": {
                          "line": 38,
                          "column": 19
                        },
                        "end": {
                          "line": 38,
                          "column": 23
                        },
                        "identifierName": "push"
                      },
                      "name": "push"
                    },
                    "computed": false
                  },
                  "arguments": [
                    {
                      "type": "Identifier",
                      "start": 907,
                      "end": 911,
                      "loc": {
                        "start": {
                          "line": 38,
                          "column": 24
                        },
                        "end": {
                          "line": 38,
                          "column": 28
                        },
                        "identifierName": "code"
                      },
                      "name": "code"
                    }
                  ]
                }
              }
            ],
            "directives": []
          },
          "leadingComments": [],
          "trailingComments": []
        },
        "exportKind": "value"
      }
    ],
    "directives": []
  },
  "comments": [
    {
      "type": "CommentLine",
      "value": " https://developer.mozilla.org/en-US/docs/Web/API",
      "start": 0,
      "end": 51,
      "loc": {
        "start": {
          "line": 1,
          "column": 0
        },
        "end": {
          "line": 1,
          "column": 51
        }
      }
    }
  ],
  "tokens": [
    {
      "type": "CommentLine",
      "value": " https://developer.mozilla.org/en-US/docs/Web/API",
      "start": 0,
      "end": 51,
      "loc": {
        "start": {
          "line": 1,
          "column": 0
        },
        "end": {
          "line": 1,
          "column": 51
        }
      }
    },
    {
      "type": {
        "label": "const",
        "keyword": "const",
        "beforeExpr": false,
        "startsExpr": false,
        "rightAssociative": false,
        "isLoop": false,
        "isAssign": false,
        "prefix": false,
        "postfix": false,
        "binop": null,
        "updateContext": null
      },
      "value": "const",
      "start": 52,
      "end": 57,
      "loc": {
        "start": {
          "line": 2,
          "column": 0
        },
        "end": {
          "line": 2,
          "column": 5
        }
      }
    },
    {
      "type": {
        "label": "name",
        "beforeExpr": false,
        "startsExpr": true,
        "rightAssociative": false,
        "isLoop": false,
        "isAssign": false,
        "prefix": false,
        "postfix": false,
        "binop": null
      },
      "value": "code",
      "start": 58,
      "end": 62,
      "loc": {
        "start": {
          "line": 2,
          "column": 6
        },
        "end": {
          "line": 2,
          "column": 10
        }
      }
    },
    {
      "type": {
        "label": "=",
        "beforeExpr": true,
        "startsExpr": false,
        "rightAssociative": false,
        "isLoop": false,
        "isAssign": true,
        "prefix": false,
        "postfix": false,
        "binop": null,
        "updateContext": null
      },
      "value": "=",
      "start": 63,
      "end": 64,
      "loc": {
        "start": {
          "line": 2,
          "column": 11
        },
        "end": {
          "line": 2,
          "column": 12
        }
      }
    },
    {
      "type": {
        "label": "`",
        "beforeExpr": false,
        "startsExpr": true,
        "rightAssociative": false,
        "isLoop": false,
        "isAssign": false,
        "prefix": false,
        "postfix": false,
        "binop": null
      },
      "start": 65,
      "end": 66,
      "loc": {
        "start": {
          "line": 2,
          "column": 13
        },
        "end": {
          "line": 2,
          "column": 14
        }
      }
    },
    {
      "type": {
        "label": "template",
        "beforeExpr": false,
        "startsExpr": false,
        "rightAssociative": false,
        "isLoop": false,
        "isAssign": false,
        "prefix": false,
        "postfix": false,
        "binop": null,
        "updateContext": null
      },
      "value": "\n/**\n * @external {CanvasRenderingContext2D} https://developer.mozilla.org/en-US/docs/Web/API/CanvasRenderingContext2D\n */\n\n/**\n * @external {DocumentFragment} https://developer.mozilla.org/en-US/docs/Web/API/DocumentFragment\n */\n\n/**\n * @external {Element} https://developer.mozilla.org/en-US/docs/Web/API/Element\n */\n\n/**\n * @external {Event} https://developer.mozilla.org/en-US/docs/Web/API/Event\n */\n\n/**\n * @external {Node} https://developer.mozilla.org/en-US/docs/Web/API/Node\n */\n\n/**\n * @external {NodeList} https://developer.mozilla.org/en-US/docs/Web/API/NodeList\n */\n\n/**\n * @external {XMLHttpRequest} https://developer.mozilla.org/en/docs/Web/API/XMLHttpRequest\n */\n\n/**\n * @external {AudioContext} https://developer.mozilla.org/en/docs/Web/API/AudioContext\n */\n",
      "start": 66,
      "end": 840,
      "loc": {
        "start": {
          "line": 2,
          "column": 14
        },
        "end": {
          "line": 34,
          "column": 0
        }
      }
    },
    {
      "type": {
        "label": "`",
        "beforeExpr": false,
        "startsExpr": true,
        "rightAssociative": false,
        "isLoop": false,
        "isAssign": false,
        "prefix": false,
        "postfix": false,
        "binop": null
      },
      "start": 840,
      "end": 841,
      "loc": {
        "start": {
          "line": 34,
          "column": 0
        },
        "end": {
          "line": 34,
          "column": 1
        }
      }
    },
    {
      "type": {
        "label": ";",
        "beforeExpr": true,
        "startsExpr": false,
        "rightAssociative": false,
        "isLoop": false,
        "isAssign": false,
        "prefix": false,
        "postfix": false,
        "binop": null,
        "updateContext": null
      },
      "start": 841,
      "end": 842,
      "loc": {
        "start": {
          "line": 34,
          "column": 1
        },
        "end": {
          "line": 34,
          "column": 2
        }
      }
    },
    {
      "type": {
        "label": "export",
        "keyword": "export",
        "beforeExpr": false,
        "startsExpr": false,
        "rightAssociative": false,
        "isLoop": false,
        "isAssign": false,
        "prefix": false,
        "postfix": false,
        "binop": null,
        "updateContext": null
      },
      "value": "export",
      "start": 844,
      "end": 850,
      "loc": {
        "start": {
          "line": 36,
          "column": 0
        },
        "end": {
          "line": 36,
          "column": 6
        }
      }
    },
    {
      "type": {
        "label": "function",
        "keyword": "function",
        "beforeExpr": false,
        "startsExpr": true,
        "rightAssociative": false,
        "isLoop": false,
        "isAssign": false,
        "prefix": false,
        "postfix": false,
        "binop": null
      },
      "value": "function",
      "start": 851,
      "end": 859,
      "loc": {
        "start": {
          "line": 36,
          "column": 7
        },
        "end": {
          "line": 36,
          "column": 15
        }
      }
    },
    {
      "type": {
        "label": "name",
        "beforeExpr": false,
        "startsExpr": true,
        "rightAssociative": false,
        "isLoop": false,
        "isAssign": false,
        "prefix": false,
        "postfix": false,
        "binop": null
      },
      "value": "onHandleExternal",
      "start": 860,
      "end": 876,
      "loc": {
        "start": {
          "line": 36,
          "column": 16
        },
        "end": {
          "line": 36,
          "column": 32
        }
      }
    },
    {
      "type": {
        "label": "(",
        "beforeExpr": true,
        "startsExpr": true,
        "rightAssociative": false,
        "isLoop": false,
        "isAssign": false,
        "prefix": false,
        "postfix": false,
        "binop": null
      },
      "start": 876,
      "end": 877,
      "loc": {
        "start": {
          "line": 36,
          "column": 32
        },
        "end": {
          "line": 36,
          "column": 33
        }
      }
    },
    {
      "type": {
        "label": "name",
        "beforeExpr": false,
        "startsExpr": true,
        "rightAssociative": false,
        "isLoop": false,
        "isAssign": false,
        "prefix": false,
        "postfix": false,
        "binop": null
      },
      "value": "ev",
      "start": 877,
      "end": 879,
      "loc": {
        "start": {
          "line": 36,
          "column": 33
        },
        "end": {
          "line": 36,
          "column": 35
        }
      }
    },
    {
      "type": {
        "label": ")",
        "beforeExpr": false,
        "startsExpr": false,
        "rightAssociative": false,
        "isLoop": false,
        "isAssign": false,
        "prefix": false,
        "postfix": false,
        "binop": null
      },
      "start": 879,
      "end": 880,
      "loc": {
        "start": {
          "line": 36,
          "column": 35
        },
        "end": {
          "line": 36,
          "column": 36
        }
      }
    },
    {
      "type": {
        "label": "{",
        "beforeExpr": true,
        "startsExpr": true,
        "rightAssociative": false,
        "isLoop": false,
        "isAssign": false,
        "prefix": false,
        "postfix": false,
        "binop": null
      },
      "start": 881,
      "end": 882,
      "loc": {
        "start": {
          "line": 37,
          "column": 0
        },
        "end": {
          "line": 37,
          "column": 1
        }
      }
    },
    {
      "type": {
        "label": "name",
        "beforeExpr": false,
        "startsExpr": true,
        "rightAssociative": false,
        "isLoop": false,
        "isAssign": false,
        "prefix": false,
        "postfix": false,
        "binop": null
      },
      "value": "ev",
      "start": 885,
      "end": 887,
      "loc": {
        "start": {
          "line": 38,
          "column": 2
        },
        "end": {
          "line": 38,
          "column": 4
        }
      }
    },
    {
      "type": {
        "label": ".",
        "beforeExpr": false,
        "startsExpr": false,
        "rightAssociative": false,
        "isLoop": false,
        "isAssign": false,
        "prefix": false,
        "postfix": false,
        "binop": null,
        "updateContext": null
      },
      "start": 887,
      "end": 888,
      "loc": {
        "start": {
          "line": 38,
          "column": 4
        },
        "end": {
          "line": 38,
          "column": 5
        }
      }
    },
    {
      "type": {
        "label": "name",
        "beforeExpr": false,
        "startsExpr": true,
        "rightAssociative": false,
        "isLoop": false,
        "isAssign": false,
        "prefix": false,
        "postfix": false,
        "binop": null
      },
      "value": "data",
      "start": 888,
      "end": 892,
      "loc": {
        "start": {
          "line": 38,
          "column": 5
        },
        "end": {
          "line": 38,
          "column": 9
        }
      }
    },
    {
      "type": {
        "label": ".",
        "beforeExpr": false,
        "startsExpr": false,
        "rightAssociative": false,
        "isLoop": false,
        "isAssign": false,
        "prefix": false,
        "postfix": false,
        "binop": null,
        "updateContext": null
      },
      "start": 892,
      "end": 893,
      "loc": {
        "start": {
          "line": 38,
          "column": 9
        },
        "end": {
          "line": 38,
          "column": 10
        }
      }
    },
    {
      "type": {
        "label": "name",
        "beforeExpr": false,
        "startsExpr": true,
        "rightAssociative": false,
        "isLoop": false,
        "isAssign": false,
        "prefix": false,
        "postfix": false,
        "binop": null
      },
      "value": "external",
      "start": 893,
      "end": 901,
      "loc": {
        "start": {
          "line": 38,
          "column": 10
        },
        "end": {
          "line": 38,
          "column": 18
        }
      }
    },
    {
      "type": {
        "label": ".",
        "beforeExpr": false,
        "startsExpr": false,
        "rightAssociative": false,
        "isLoop": false,
        "isAssign": false,
        "prefix": false,
        "postfix": false,
        "binop": null,
        "updateContext": null
      },
      "start": 901,
      "end": 902,
      "loc": {
        "start": {
          "line": 38,
          "column": 18
        },
        "end": {
          "line": 38,
          "column": 19
        }
      }
    },
    {
      "type": {
        "label": "name",
        "beforeExpr": false,
        "startsExpr": true,
        "rightAssociative": false,
        "isLoop": false,
        "isAssign": false,
        "prefix": false,
        "postfix": false,
        "binop": null
      },
      "value": "push",
      "start": 902,
      "end": 906,
      "loc": {
        "start": {
          "line": 38,
          "column": 19
        },
        "end": {
          "line": 38,
          "column": 23
        }
      }
    },
    {
      "type": {
        "label": "(",
        "beforeExpr": true,
        "startsExpr": true,
        "rightAssociative": false,
        "isLoop": false,
        "isAssign": false,
        "prefix": false,
        "postfix": false,
        "binop": null
      },
      "start": 906,
      "end": 907,
      "loc": {
        "start": {
          "line": 38,
          "column": 23
        },
        "end": {
          "line": 38,
          "column": 24
        }
      }
    },
    {
      "type": {
        "label": "name",
        "beforeExpr": false,
        "startsExpr": true,
        "rightAssociative": false,
        "isLoop": false,
        "isAssign": false,
        "prefix": false,
        "postfix": false,
        "binop": null
      },
      "value": "code",
      "start": 907,
      "end": 911,
      "loc": {
        "start": {
          "line": 38,
          "column": 24
        },
        "end": {
          "line": 38,
          "column": 28
        }
      }
    },
    {
      "type": {
        "label": ")",
        "beforeExpr": false,
        "startsExpr": false,
        "rightAssociative": false,
        "isLoop": false,
        "isAssign": false,
        "prefix": false,
        "postfix": false,
        "binop": null
      },
      "start": 911,
      "end": 912,
      "loc": {
        "start": {
          "line": 38,
          "column": 28
        },
        "end": {
          "line": 38,
          "column": 29
        }
      }
    },
    {
      "type": {
        "label": ";",
        "beforeExpr": true,
        "startsExpr": false,
        "rightAssociative": false,
        "isLoop": false,
        "isAssign": false,
        "prefix": false,
        "postfix": false,
        "binop": null,
        "updateContext": null
      },
      "start": 912,
      "end": 913,
      "loc": {
        "start": {
          "line": 38,
          "column": 29
        },
        "end": {
          "line": 38,
          "column": 30
        }
      }
    },
    {
      "type": {
        "label": "}",
        "beforeExpr": false,
        "startsExpr": false,
        "rightAssociative": false,
        "isLoop": false,
        "isAssign": false,
        "prefix": false,
        "postfix": false,
        "binop": null
      },
      "start": 914,
      "end": 915,
      "loc": {
        "start": {
          "line": 39,
          "column": 0
        },
        "end": {
          "line": 39,
          "column": 1
        }
      }
    },
    {
      "type": {
        "label": "eof",
        "beforeExpr": false,
        "startsExpr": false,
        "rightAssociative": false,
        "isLoop": false,
        "isAssign": false,
        "prefix": false,
        "postfix": false,
        "binop": null,
        "updateContext": null
      },
      "start": 916,
      "end": 916,
      "loc": {
        "start": {
          "line": 40,
          "column": 0
        },
        "end": {
          "line": 40,
          "column": 0
        }
      }
    }
  ]
}