{
  "type": "File",
  "start": 0,
  "end": 6148,
  "loc": {
    "start": {
      "line": 1,
      "column": 0
    },
    "end": {
      "line": 199,
      "column": 0
    }
  },
  "program": {
    "type": "Program",
    "start": 0,
    "end": 6148,
    "loc": {
      "start": {
        "line": 1,
        "column": 0
      },
      "end": {
        "line": 199,
        "column": 0
      }
    },
    "sourceType": "module",
    "body": [
      {
        "type": "VariableDeclaration",
        "start": 104,
        "end": 6074,
        "loc": {
          "start": {
            "line": 3,
            "column": 0
          },
          "end": {
            "line": 193,
            "column": 2
          }
        },
        "declarations": [
          {
            "type": "VariableDeclarator",
            "start": 110,
            "end": 6073,
            "loc": {
              "start": {
                "line": 3,
                "column": 6
              },
              "end": {
                "line": 193,
                "column": 1
              }
            },
            "id": {
              "type": "Identifier",
              "start": 110,
              "end": 114,
              "loc": {
                "start": {
                  "line": 3,
                  "column": 6
                },
                "end": {
                  "line": 3,
                  "column": 10
                },
                "identifierName": "code"
              },
              "name": "code",
              "leadingComments": null
            },
            "init": {
              "type": "TemplateLiteral",
              "start": 117,
              "end": 6073,
              "loc": {
                "start": {
                  "line": 3,
                  "column": 13
                },
                "end": {
                  "line": 193,
                  "column": 1
                }
              },
              "expressions": [],
              "quasis": [
                {
                  "type": "TemplateElement",
                  "start": 118,
                  "end": 6072,
                  "loc": {
                    "start": {
                      "line": 3,
                      "column": 14
                    },
                    "end": {
                      "line": 193,
                      "column": 0
                    }
                  },
                  "value": {
                    "raw": "\n/**\n * @external {Infinity} https://developer.mozilla.org/en-US/docs/Web/JavaScript/Reference/Global_Objects/Infinity\n */\n\n/**\n * @external {NaN} https://developer.mozilla.org/en-US/docs/Web/JavaScript/Reference/Global_Objects/NaN\n */\n\n/**\n * @external {undefined} https://developer.mozilla.org/en-US/docs/Web/JavaScript/Reference/Global_Objects/undefined\n */\n\n/**\n * @external {null} https://developer.mozilla.org/en-US/docs/Web/JavaScript/Reference/Global_Objects/null\n */\n\n// Fundamental objects\n/**\n * @external {Object} https://developer.mozilla.org/en-US/docs/Web/JavaScript/Reference/Global_Objects/Object\n */\n/**\n * @external {object} https://developer.mozilla.org/en-US/docs/Web/JavaScript/Reference/Global_Objects/Object\n */\n\n/**\n * @external {Function} https://developer.mozilla.org/en-US/docs/Web/JavaScript/Reference/Global_Objects/Function\n */\n/**\n * @external {function} https://developer.mozilla.org/en-US/docs/Web/JavaScript/Reference/Global_Objects/Function\n */\n\n/**\n * @external {Boolean} https://developer.mozilla.org/en-US/docs/Web/JavaScript/Reference/Global_Objects/Boolean\n */\n/**\n * @external {boolean} https://developer.mozilla.org/en-US/docs/Web/JavaScript/Reference/Global_Objects/Boolean\n */\n\n/**\n * @external {Symbol} https://developer.mozilla.org/en-US/docs/Web/JavaScript/Reference/Global_Objects/Symbol\n */\n\n/**\n * @external {Error} https://developer.mozilla.org/en-US/docs/Web/JavaScript/Reference/Global_Objects/Error\n */\n\n/**\n * @external {EvalError} https://developer.mozilla.org/en-US/docs/Web/JavaScript/Reference/Global_Objects/EvalError\n */\n\n/**\n * @external {InternalError} https://developer.mozilla.org/en-US/docs/Web/JavaScript/Reference/Global_Objects/InternalError\n */\n\n/**\n * @external {RangeError} https://developer.mozilla.org/en-US/docs/Web/JavaScript/Reference/Global_Objects/RangeError\n */\n\n/**\n * @external {ReferenceError} https://developer.mozilla.org/en-US/docs/Web/JavaScript/Reference/Global_Objects/ReferenceError\n */\n\n/**\n * @external {SyntaxError} https://developer.mozilla.org/en-US/docs/Web/JavaScript/Reference/Global_Objects/SyntaxError\n */\n\n/**\n * @external {TypeError} https://developer.mozilla.org/en-US/docs/Web/JavaScript/Reference/Global_Objects/TypeError\n */\n\n/**\n * @external {URIError} https://developer.mozilla.org/en-US/docs/Web/JavaScript/Reference/Global_Objects/URIError\n */\n\n// Numbers and dates\n/**\n * @external {Number} https://developer.mozilla.org/en-US/docs/Web/JavaScript/Reference/Global_Objects/Number\n */\n/**\n * @external {number} https://developer.mozilla.org/en-US/docs/Web/JavaScript/Reference/Global_Objects/Number\n */\n\n/**\n * @external {Date} https://developer.mozilla.org/en-US/docs/Web/JavaScript/Reference/Global_Objects/Date\n */\n\n// Text processing\n/**\n * @external {String} https://developer.mozilla.org/en-US/docs/Web/JavaScript/Reference/Global_Objects/String\n */\n/**\n * @external {string} https://developer.mozilla.org/en-US/docs/Web/JavaScript/Reference/Global_Objects/String\n */\n\n/**\n * @external {RegExp} https://developer.mozilla.org/en-US/docs/Web/JavaScript/Reference/Global_Objects/RegExp\n */\n\n// Indexed collections\n/**\n * @external {Array} https://developer.mozilla.org/en-US/docs/Web/JavaScript/Reference/Global_Objects/Array\n */\n\n/**\n * @external {Int8Array} https://developer.mozilla.org/en-US/docs/Web/JavaScript/Reference/Global_Objects/Int8Array\n */\n/**\n * @external {Uint8Array} https://developer.mozilla.org/en-US/docs/Web/JavaScript/Reference/Global_Objects/Uint8Array\n */\n\n/**\n * @external {Uint8ClampedArray} https://developer.mozilla.org/en-US/docs/Web/JavaScript/Reference/Global_Objects/Uint8ClampedArray\n */\n\n/**\n * @external {Int16Array} https://developer.mozilla.org/en-US/docs/Web/JavaScript/Reference/Global_Objects/Int16Array\n */\n\n/**\n * @external {Uint16Array} https://developer.mozilla.org/en-US/docs/Web/JavaScript/Reference/Global_Objects/Uint16Array\n */\n\n/**\n * @external {Int32Array} https://developer.mozilla.org/en-US/docs/Web/JavaScript/Reference/Global_Objects/Int32Array\n */\n\n/**\n * @external {Uint32Array} https://developer.mozilla.org/en-US/docs/Web/JavaScript/Reference/Global_Objects/Uint32Array\n */\n\n/**\n * @external {Float32Array} https://developer.mozilla.org/en-US/docs/Web/JavaScript/Reference/Global_Objects/Float32Array\n */\n\n/**\n * @external {Float64Array} https://developer.mozilla.org/en-US/docs/Web/JavaScript/Reference/Global_Objects/Float64Array\n */\n\n// Keyed collections\n/**\n * @external {Map} https://developer.mozilla.org/en-US/docs/Web/JavaScript/Reference/Global_Objects/Map\n */\n\n/**\n * @external {Set} https://developer.mozilla.org/en-US/docs/Web/JavaScript/Reference/Global_Objects/Set\n */\n\n/**\n * @external {WeakMap} https://developer.mozilla.org/en-US/docs/Web/JavaScript/Reference/Global_Objects/WeakMap\n */\n\n/**\n * @external {WeakSet} https://developer.mozilla.org/en-US/docs/Web/JavaScript/Reference/Global_Objects/WeakSet\n */\n\n// Structured data\n/**\n * @external {ArrayBuffer} https://developer.mozilla.org/en-US/docs/Web/JavaScript/Reference/Global_Objects/ArrayBuffer\n */\n\n/**\n * @external {DataView} https://developer.mozilla.org/en-US/docs/Web/JavaScript/Reference/Global_Objects/DataView\n */\n\n/**\n * @external {JSON} https://developer.mozilla.org/en-US/docs/Web/JavaScript/Reference/Global_Objects/JSON\n */\n\n// Control abstraction objects\n/**\n * @external {Promise} https://developer.mozilla.org/en-US/docs/Web/JavaScript/Reference/Global_Objects/Promise\n */\n\n/**\n * @external {Generator} https://developer.mozilla.org/en-US/docs/Web/JavaScript/Reference/Global_Objects/Generator\n */\n\n/**\n * @external {GeneratorFunction} https://developer.mozilla.org/en-US/docs/Web/JavaScript/Reference/Global_Objects/GeneratorFunction\n */\n\n// Reflection\n/**\n * @external {Reflect} https://developer.mozilla.org/en-US/docs/Web/JavaScript/Reference/Global_Objects/Reflect\n */\n\n/**\n * @external {Proxy} https://developer.mozilla.org/en-US/docs/Web/JavaScript/Reference/Global_Objects/Proxy\n */\n",
                    "cooked": "\n/**\n * @external {Infinity} https://developer.mozilla.org/en-US/docs/Web/JavaScript/Reference/Global_Objects/Infinity\n */\n\n/**\n * @external {NaN} https://developer.mozilla.org/en-US/docs/Web/JavaScript/Reference/Global_Objects/NaN\n */\n\n/**\n * @external {undefined} https://developer.mozilla.org/en-US/docs/Web/JavaScript/Reference/Global_Objects/undefined\n */\n\n/**\n * @external {null} https://developer.mozilla.org/en-US/docs/Web/JavaScript/Reference/Global_Objects/null\n */\n\n// Fundamental objects\n/**\n * @external {Object} https://developer.mozilla.org/en-US/docs/Web/JavaScript/Reference/Global_Objects/Object\n */\n/**\n * @external {object} https://developer.mozilla.org/en-US/docs/Web/JavaScript/Reference/Global_Objects/Object\n */\n\n/**\n * @external {Function} https://developer.mozilla.org/en-US/docs/Web/JavaScript/Reference/Global_Objects/Function\n */\n/**\n * @external {function} https://developer.mozilla.org/en-US/docs/Web/JavaScript/Reference/Global_Objects/Function\n */\n\n/**\n * @external {Boolean} https://developer.mozilla.org/en-US/docs/Web/JavaScript/Reference/Global_Objects/Boolean\n */\n/**\n * @external {boolean} https://developer.mozilla.org/en-US/docs/Web/JavaScript/Reference/Global_Objects/Boolean\n */\n\n/**\n * @external {Symbol} https://developer.mozilla.org/en-US/docs/Web/JavaScript/Reference/Global_Objects/Symbol\n */\n\n/**\n * @external {Error} https://developer.mozilla.org/en-US/docs/Web/JavaScript/Reference/Global_Objects/Error\n */\n\n/**\n * @external {EvalError} https://developer.mozilla.org/en-US/docs/Web/JavaScript/Reference/Global_Objects/EvalError\n */\n\n/**\n * @external {InternalError} https://developer.mozilla.org/en-US/docs/Web/JavaScript/Reference/Global_Objects/InternalError\n */\n\n/**\n * @external {RangeError} https://developer.mozilla.org/en-US/docs/Web/JavaScript/Reference/Global_Objects/RangeError\n */\n\n/**\n * @external {ReferenceError} https://developer.mozilla.org/en-US/docs/Web/JavaScript/Reference/Global_Objects/ReferenceError\n */\n\n/**\n * @external {SyntaxError} https://developer.mozilla.org/en-US/docs/Web/JavaScript/Reference/Global_Objects/SyntaxError\n */\n\n/**\n * @external {TypeError} https://developer.mozilla.org/en-US/docs/Web/JavaScript/Reference/Global_Objects/TypeError\n */\n\n/**\n * @external {URIError} https://developer.mozilla.org/en-US/docs/Web/JavaScript/Reference/Global_Objects/URIError\n */\n\n// Numbers and dates\n/**\n * @external {Number} https://developer.mozilla.org/en-US/docs/Web/JavaScript/Reference/Global_Objects/Number\n */\n/**\n * @external {number} https://developer.mozilla.org/en-US/docs/Web/JavaScript/Reference/Global_Objects/Number\n */\n\n/**\n * @external {Date} https://developer.mozilla.org/en-US/docs/Web/JavaScript/Reference/Global_Objects/Date\n */\n\n// Text processing\n/**\n * @external {String} https://developer.mozilla.org/en-US/docs/Web/JavaScript/Reference/Global_Objects/String\n */\n/**\n * @external {string} https://developer.mozilla.org/en-US/docs/Web/JavaScript/Reference/Global_Objects/String\n */\n\n/**\n * @external {RegExp} https://developer.mozilla.org/en-US/docs/Web/JavaScript/Reference/Global_Objects/RegExp\n */\n\n// Indexed collections\n/**\n * @external {Array} https://developer.mozilla.org/en-US/docs/Web/JavaScript/Reference/Global_Objects/Array\n */\n\n/**\n * @external {Int8Array} https://developer.mozilla.org/en-US/docs/Web/JavaScript/Reference/Global_Objects/Int8Array\n */\n/**\n * @external {Uint8Array} https://developer.mozilla.org/en-US/docs/Web/JavaScript/Reference/Global_Objects/Uint8Array\n */\n\n/**\n * @external {Uint8ClampedArray} https://developer.mozilla.org/en-US/docs/Web/JavaScript/Reference/Global_Objects/Uint8ClampedArray\n */\n\n/**\n * @external {Int16Array} https://developer.mozilla.org/en-US/docs/Web/JavaScript/Reference/Global_Objects/Int16Array\n */\n\n/**\n * @external {Uint16Array} https://developer.mozilla.org/en-US/docs/Web/JavaScript/Reference/Global_Objects/Uint16Array\n */\n\n/**\n * @external {Int32Array} https://developer.mozilla.org/en-US/docs/Web/JavaScript/Reference/Global_Objects/Int32Array\n */\n\n/**\n * @external {Uint32Array} https://developer.mozilla.org/en-US/docs/Web/JavaScript/Reference/Global_Objects/Uint32Array\n */\n\n/**\n * @external {Float32Array} https://developer.mozilla.org/en-US/docs/Web/JavaScript/Reference/Global_Objects/Float32Array\n */\n\n/**\n * @external {Float64Array} https://developer.mozilla.org/en-US/docs/Web/JavaScript/Reference/Global_Objects/Float64Array\n */\n\n// Keyed collections\n/**\n * @external {Map} https://developer.mozilla.org/en-US/docs/Web/JavaScript/Reference/Global_Objects/Map\n */\n\n/**\n * @external {Set} https://developer.mozilla.org/en-US/docs/Web/JavaScript/Reference/Global_Objects/Set\n */\n\n/**\n * @external {WeakMap} https://developer.mozilla.org/en-US/docs/Web/JavaScript/Reference/Global_Objects/WeakMap\n */\n\n/**\n * @external {WeakSet} https://developer.mozilla.org/en-US/docs/Web/JavaScript/Reference/Global_Objects/WeakSet\n */\n\n// Structured data\n/**\n * @external {ArrayBuffer} https://developer.mozilla.org/en-US/docs/Web/JavaScript/Reference/Global_Objects/ArrayBuffer\n */\n\n/**\n * @external {DataView} https://developer.mozilla.org/en-US/docs/Web/JavaScript/Reference/Global_Objects/DataView\n */\n\n/**\n * @external {JSON} https://developer.mozilla.org/en-US/docs/Web/JavaScript/Reference/Global_Objects/JSON\n */\n\n// Control abstraction objects\n/**\n * @external {Promise} https://developer.mozilla.org/en-US/docs/Web/JavaScript/Reference/Global_Objects/Promise\n */\n\n/**\n * @external {Generator} https://developer.mozilla.org/en-US/docs/Web/JavaScript/Reference/Global_Objects/Generator\n */\n\n/**\n * @external {GeneratorFunction} https://developer.mozilla.org/en-US/docs/Web/JavaScript/Reference/Global_Objects/GeneratorFunction\n */\n\n// Reflection\n/**\n * @external {Reflect} https://developer.mozilla.org/en-US/docs/Web/JavaScript/Reference/Global_Objects/Reflect\n */\n\n/**\n * @external {Proxy} https://developer.mozilla.org/en-US/docs/Web/JavaScript/Reference/Global_Objects/Proxy\n */\n"
                  },
                  "tail": true
                }
              ]
            },
            "leadingComments": null
          }
        ],
        "kind": "const",
        "leadingComments": [
          {
            "type": "CommentLine",
            "value": " https://developer.mozilla.org/en-US/docs/Web/JavaScript/Reference/Global_Objects",
            "start": 0,
            "end": 83,
            "loc": {
              "start": {
                "line": 1,
                "column": 0
              },
              "end": {
                "line": 1,
                "column": 83
              }
            }
          },
          {
            "type": "CommentLine",
            "value": " Value properties",
            "start": 84,
            "end": 103,
            "loc": {
              "start": {
                "line": 2,
                "column": 0
              },
              "end": {
                "line": 2,
                "column": 19
              }
            }
          }
        ]
      },
      {
        "type": "ExportNamedDeclaration",
        "start": 6076,
        "end": 6147,
        "loc": {
          "start": {
            "line": 195,
            "column": 0
          },
          "end": {
            "line": 198,
            "column": 1
          }
        },
        "specifiers": [],
        "source": null,
        "declaration": {
          "type": "FunctionDeclaration",
          "start": 6083,
          "end": 6147,
          "loc": {
            "start": {
              "line": 195,
              "column": 7
            },
            "end": {
              "line": 198,
              "column": 1
            }
          },
          "id": {
            "type": "Identifier",
            "start": 6092,
            "end": 6108,
            "loc": {
              "start": {
                "line": 195,
                "column": 16
              },
              "end": {
                "line": 195,
                "column": 32
              },
              "identifierName": "onHandleExternal"
            },
            "name": "onHandleExternal"
          },
          "generator": false,
          "expression": false,
          "async": false,
          "params": [
            {
              "type": "Identifier",
              "start": 6109,
              "end": 6111,
              "loc": {
                "start": {
                  "line": 195,
                  "column": 33
                },
                "end": {
                  "line": 195,
                  "column": 35
                },
                "identifierName": "ev"
              },
              "name": "ev"
            }
          ],
          "body": {
            "type": "BlockStatement",
            "start": 6113,
            "end": 6147,
            "loc": {
              "start": {
                "line": 196,
                "column": 0
              },
              "end": {
                "line": 198,
                "column": 1
              }
            },
            "body": [
              {
                "type": "ExpressionStatement",
                "start": 6117,
                "end": 6145,
                "loc": {
                  "start": {
                    "line": 197,
                    "column": 2
                  },
                  "end": {
                    "line": 197,
                    "column": 30
                  }
                },
                "expression": {
                  "type": "CallExpression",
                  "start": 6117,
                  "end": 6144,
                  "loc": {
                    "start": {
                      "line": 197,
                      "column": 2
                    },
                    "end": {
                      "line": 197,
                      "column": 29
                    }
                  },
                  "callee": {
                    "type": "MemberExpression",
                    "start": 6117,
                    "end": 6138,
                    "loc": {
                      "start": {
                        "line": 197,
                        "column": 2
                      },
                      "end": {
                        "line": 197,
                        "column": 23
                      }
                    },
                    "object": {
                      "type": "MemberExpression",
                      "start": 6117,
                      "end": 6133,
                      "loc": {
                        "start": {
                          "line": 197,
                          "column": 2
                        },
                        "end": {
                          "line": 197,
                          "column": 18
                        }
                      },
                      "object": {
                        "type": "MemberExpression",
                        "start": 6117,
                        "end": 6124,
                        "loc": {
                          "start": {
                            "line": 197,
                            "column": 2
                          },
                          "end": {
                            "line": 197,
                            "column": 9
                          }
                        },
                        "object": {
                          "type": "Identifier",
                          "start": 6117,
                          "end": 6119,
                          "loc": {
                            "start": {
                              "line": 197,
                              "column": 2
                            },
                            "end": {
                              "line": 197,
                              "column": 4
                            },
                            "identifierName": "ev"
                          },
                          "name": "ev"
                        },
                        "property": {
                          "type": "Identifier",
                          "start": 6120,
                          "end": 6124,
                          "loc": {
                            "start": {
                              "line": 197,
                              "column": 5
                            },
                            "end": {
                              "line": 197,
                              "column": 9
                            },
                            "identifierName": "data"
                          },
                          "name": "data"
                        },
                        "computed": false
                      },
                      "property": {
                        "type": "Identifier",
                        "start": 6125,
                        "end": 6133,
                        "loc": {
                          "start": {
                            "line": 197,
                            "column": 10
                          },
                          "end": {
                            "line": 197,
                            "column": 18
                          },
                          "identifierName": "external"
                        },
                        "name": "external"
                      },
                      "computed": false
                    },
                    "property": {
                      "type": "Identifier",
                      "start": 6134,
                      "end": 6138,
                      "loc": {
                        "start": {
                          "line": 197,
                          "column": 19
                        },
                        "end": {
                          "line": 197,
                          "column": 23
                        },
                        "identifierName": "push"
                      },
                      "name": "push"
                    },
                    "computed": false
                  },
                  "arguments": [
                    {
                      "type": "Identifier",
                      "start": 6139,
                      "end": 6143,
                      "loc": {
                        "start": {
                          "line": 197,
                          "column": 24
                        },
                        "end": {
                          "line": 197,
                          "column": 28
                        },
                        "identifierName": "code"
                      },
                      "name": "code"
                    }
                  ]
                }
              }
            ],
            "directives": []
          },
          "leadingComments": [],
          "trailingComments": []
        },
        "exportKind": "value"
      }
    ],
    "directives": []
  },
  "comments": [
    {
      "type": "CommentLine",
      "value": " https://developer.mozilla.org/en-US/docs/Web/JavaScript/Reference/Global_Objects",
      "start": 0,
      "end": 83,
      "loc": {
        "start": {
          "line": 1,
          "column": 0
        },
        "end": {
          "line": 1,
          "column": 83
        }
      }
    },
    {
      "type": "CommentLine",
      "value": " Value properties",
      "start": 84,
      "end": 103,
      "loc": {
        "start": {
          "line": 2,
          "column": 0
        },
        "end": {
          "line": 2,
          "column": 19
        }
      }
    }
  ],
  "tokens": [
    {
      "type": "CommentLine",
      "value": " https://developer.mozilla.org/en-US/docs/Web/JavaScript/Reference/Global_Objects",
      "start": 0,
      "end": 83,
      "loc": {
        "start": {
          "line": 1,
          "column": 0
        },
        "end": {
          "line": 1,
          "column": 83
        }
      }
    },
    {
      "type": "CommentLine",
      "value": " Value properties",
      "start": 84,
      "end": 103,
      "loc": {
        "start": {
          "line": 2,
          "column": 0
        },
        "end": {
          "line": 2,
          "column": 19
        }
      }
    },
    {
      "type": {
        "label": "const",
        "keyword": "const",
        "beforeExpr": false,
        "startsExpr": false,
        "rightAssociative": false,
        "isLoop": false,
        "isAssign": false,
        "prefix": false,
        "postfix": false,
        "binop": null,
        "updateContext": null
      },
      "value": "const",
      "start": 104,
      "end": 109,
      "loc": {
        "start": {
          "line": 3,
          "column": 0
        },
        "end": {
          "line": 3,
          "column": 5
        }
      }
    },
    {
      "type": {
        "label": "name",
        "beforeExpr": false,
        "startsExpr": true,
        "rightAssociative": false,
        "isLoop": false,
        "isAssign": false,
        "prefix": false,
        "postfix": false,
        "binop": null
      },
      "value": "code",
      "start": 110,
      "end": 114,
      "loc": {
        "start": {
          "line": 3,
          "column": 6
        },
        "end": {
          "line": 3,
          "column": 10
        }
      }
    },
    {
      "type": {
        "label": "=",
        "beforeExpr": true,
        "startsExpr": false,
        "rightAssociative": false,
        "isLoop": false,
        "isAssign": true,
        "prefix": false,
        "postfix": false,
        "binop": null,
        "updateContext": null
      },
      "value": "=",
      "start": 115,
      "end": 116,
      "loc": {
        "start": {
          "line": 3,
          "column": 11
        },
        "end": {
          "line": 3,
          "column": 12
        }
      }
    },
    {
      "type": {
        "label": "`",
        "beforeExpr": false,
        "startsExpr": true,
        "rightAssociative": false,
        "isLoop": false,
        "isAssign": false,
        "prefix": false,
        "postfix": false,
        "binop": null
      },
      "start": 117,
      "end": 118,
      "loc": {
        "start": {
          "line": 3,
          "column": 13
        },
        "end": {
          "line": 3,
          "column": 14
        }
      }
    },
    {
      "type": {
        "label": "template",
        "beforeExpr": false,
        "startsExpr": false,
        "rightAssociative": false,
        "isLoop": false,
        "isAssign": false,
        "prefix": false,
        "postfix": false,
        "binop": null,
        "updateContext": null
      },
      "value": "\n/**\n * @external {Infinity} https://developer.mozilla.org/en-US/docs/Web/JavaScript/Reference/Global_Objects/Infinity\n */\n\n/**\n * @external {NaN} https://developer.mozilla.org/en-US/docs/Web/JavaScript/Reference/Global_Objects/NaN\n */\n\n/**\n * @external {undefined} https://developer.mozilla.org/en-US/docs/Web/JavaScript/Reference/Global_Objects/undefined\n */\n\n/**\n * @external {null} https://developer.mozilla.org/en-US/docs/Web/JavaScript/Reference/Global_Objects/null\n */\n\n// Fundamental objects\n/**\n * @external {Object} https://developer.mozilla.org/en-US/docs/Web/JavaScript/Reference/Global_Objects/Object\n */\n/**\n * @external {object} https://developer.mozilla.org/en-US/docs/Web/JavaScript/Reference/Global_Objects/Object\n */\n\n/**\n * @external {Function} https://developer.mozilla.org/en-US/docs/Web/JavaScript/Reference/Global_Objects/Function\n */\n/**\n * @external {function} https://developer.mozilla.org/en-US/docs/Web/JavaScript/Reference/Global_Objects/Function\n */\n\n/**\n * @external {Boolean} https://developer.mozilla.org/en-US/docs/Web/JavaScript/Reference/Global_Objects/Boolean\n */\n/**\n * @external {boolean} https://developer.mozilla.org/en-US/docs/Web/JavaScript/Reference/Global_Objects/Boolean\n */\n\n/**\n * @external {Symbol} https://developer.mozilla.org/en-US/docs/Web/JavaScript/Reference/Global_Objects/Symbol\n */\n\n/**\n * @external {Error} https://developer.mozilla.org/en-US/docs/Web/JavaScript/Reference/Global_Objects/Error\n */\n\n/**\n * @external {EvalError} https://developer.mozilla.org/en-US/docs/Web/JavaScript/Reference/Global_Objects/EvalError\n */\n\n/**\n * @external {InternalError} https://developer.mozilla.org/en-US/docs/Web/JavaScript/Reference/Global_Objects/InternalError\n */\n\n/**\n * @external {RangeError} https://developer.mozilla.org/en-US/docs/Web/JavaScript/Reference/Global_Objects/RangeError\n */\n\n/**\n * @external {ReferenceError} https://developer.mozilla.org/en-US/docs/Web/JavaScript/Reference/Global_Objects/ReferenceError\n */\n\n/**\n * @external {SyntaxError} https://developer.mozilla.org/en-US/docs/Web/JavaScript/Reference/Global_Objects/SyntaxError\n */\n\n/**\n * @external {TypeError} https://developer.mozilla.org/en-US/docs/Web/JavaScript/Reference/Global_Objects/TypeError\n */\n\n/**\n * @external {URIError} https://developer.mozilla.org/en-US/docs/Web/JavaScript/Reference/Global_Objects/URIError\n */\n\n// Numbers and dates\n/**\n * @external {Number} https://developer.mozilla.org/en-US/docs/Web/JavaScript/Reference/Global_Objects/Number\n */\n/**\n * @external {number} https://developer.mozilla.org/en-US/docs/Web/JavaScript/Reference/Global_Objects/Number\n */\n\n/**\n * @external {Date} https://developer.mozilla.org/en-US/docs/Web/JavaScript/Reference/Global_Objects/Date\n */\n\n// Text processing\n/**\n * @external {String} https://developer.mozilla.org/en-US/docs/Web/JavaScript/Reference/Global_Objects/String\n */\n/**\n * @external {string} https://developer.mozilla.org/en-US/docs/Web/JavaScript/Reference/Global_Objects/String\n */\n\n/**\n * @external {RegExp} https://developer.mozilla.org/en-US/docs/Web/JavaScript/Reference/Global_Objects/RegExp\n */\n\n// Indexed collections\n/**\n * @external {Array} https://developer.mozilla.org/en-US/docs/Web/JavaScript/Reference/Global_Objects/Array\n */\n\n/**\n * @external {Int8Array} https://developer.mozilla.org/en-US/docs/Web/JavaScript/Reference/Global_Objects/Int8Array\n */\n/**\n * @external {Uint8Array} https://developer.mozilla.org/en-US/docs/Web/JavaScript/Reference/Global_Objects/Uint8Array\n */\n\n/**\n * @external {Uint8ClampedArray} https://developer.mozilla.org/en-US/docs/Web/JavaScript/Reference/Global_Objects/Uint8ClampedArray\n */\n\n/**\n * @external {Int16Array} https://developer.mozilla.org/en-US/docs/Web/JavaScript/Reference/Global_Objects/Int16Array\n */\n\n/**\n * @external {Uint16Array} https://developer.mozilla.org/en-US/docs/Web/JavaScript/Reference/Global_Objects/Uint16Array\n */\n\n/**\n * @external {Int32Array} https://developer.mozilla.org/en-US/docs/Web/JavaScript/Reference/Global_Objects/Int32Array\n */\n\n/**\n * @external {Uint32Array} https://developer.mozilla.org/en-US/docs/Web/JavaScript/Reference/Global_Objects/Uint32Array\n */\n\n/**\n * @external {Float32Array} https://developer.mozilla.org/en-US/docs/Web/JavaScript/Reference/Global_Objects/Float32Array\n */\n\n/**\n * @external {Float64Array} https://developer.mozilla.org/en-US/docs/Web/JavaScript/Reference/Global_Objects/Float64Array\n */\n\n// Keyed collections\n/**\n * @external {Map} https://developer.mozilla.org/en-US/docs/Web/JavaScript/Reference/Global_Objects/Map\n */\n\n/**\n * @external {Set} https://developer.mozilla.org/en-US/docs/Web/JavaScript/Reference/Global_Objects/Set\n */\n\n/**\n * @external {WeakMap} https://developer.mozilla.org/en-US/docs/Web/JavaScript/Reference/Global_Objects/WeakMap\n */\n\n/**\n * @external {WeakSet} https://developer.mozilla.org/en-US/docs/Web/JavaScript/Reference/Global_Objects/WeakSet\n */\n\n// Structured data\n/**\n * @external {ArrayBuffer} https://developer.mozilla.org/en-US/docs/Web/JavaScript/Reference/Global_Objects/ArrayBuffer\n */\n\n/**\n * @external {DataView} https://developer.mozilla.org/en-US/docs/Web/JavaScript/Reference/Global_Objects/DataView\n */\n\n/**\n * @external {JSON} https://developer.mozilla.org/en-US/docs/Web/JavaScript/Reference/Global_Objects/JSON\n */\n\n// Control abstraction objects\n/**\n * @external {Promise} https://developer.mozilla.org/en-US/docs/Web/JavaScript/Reference/Global_Objects/Promise\n */\n\n/**\n * @external {Generator} https://developer.mozilla.org/en-US/docs/Web/JavaScript/Reference/Global_Objects/Generator\n */\n\n/**\n * @external {GeneratorFunction} https://developer.mozilla.org/en-US/docs/Web/JavaScript/Reference/Global_Objects/GeneratorFunction\n */\n\n// Reflection\n/**\n * @external {Reflect} https://developer.mozilla.org/en-US/docs/Web/JavaScript/Reference/Global_Objects/Reflect\n */\n\n/**\n * @external {Proxy} https://developer.mozilla.org/en-US/docs/Web/JavaScript/Reference/Global_Objects/Proxy\n */\n",
      "start": 118,
      "end": 6072,
      "loc": {
        "start": {
          "line": 3,
          "column": 14
        },
        "end": {
          "line": 193,
          "column": 0
        }
      }
    },
    {
      "type": {
        "label": "`",
        "beforeExpr": false,
        "startsExpr": true,
        "rightAssociative": false,
        "isLoop": false,
        "isAssign": false,
        "prefix": false,
        "postfix": false,
        "binop": null
      },
      "start": 6072,
      "end": 6073,
      "loc": {
        "start": {
          "line": 193,
          "column": 0
        },
        "end": {
          "line": 193,
          "column": 1
        }
      }
    },
    {
      "type": {
        "label": ";",
        "beforeExpr": true,
        "startsExpr": false,
        "rightAssociative": false,
        "isLoop": false,
        "isAssign": false,
        "prefix": false,
        "postfix": false,
        "binop": null,
        "updateContext": null
      },
      "start": 6073,
      "end": 6074,
      "loc": {
        "start": {
          "line": 193,
          "column": 1
        },
        "end": {
          "line": 193,
          "column": 2
        }
      }
    },
    {
      "type": {
        "label": "export",
        "keyword": "export",
        "beforeExpr": false,
        "startsExpr": false,
        "rightAssociative": false,
        "isLoop": false,
        "isAssign": false,
        "prefix": false,
        "postfix": false,
        "binop": null,
        "updateContext": null
      },
      "value": "export",
      "start": 6076,
      "end": 6082,
      "loc": {
        "start": {
          "line": 195,
          "column": 0
        },
        "end": {
          "line": 195,
          "column": 6
        }
      }
    },
    {
      "type": {
        "label": "function",
        "keyword": "function",
        "beforeExpr": false,
        "startsExpr": true,
        "rightAssociative": false,
        "isLoop": false,
        "isAssign": false,
        "prefix": false,
        "postfix": false,
        "binop": null
      },
      "value": "function",
      "start": 6083,
      "end": 6091,
      "loc": {
        "start": {
          "line": 195,
          "column": 7
        },
        "end": {
          "line": 195,
          "column": 15
        }
      }
    },
    {
      "type": {
        "label": "name",
        "beforeExpr": false,
        "startsExpr": true,
        "rightAssociative": false,
        "isLoop": false,
        "isAssign": false,
        "prefix": false,
        "postfix": false,
        "binop": null
      },
      "value": "onHandleExternal",
      "start": 6092,
      "end": 6108,
      "loc": {
        "start": {
          "line": 195,
          "column": 16
        },
        "end": {
          "line": 195,
          "column": 32
        }
      }
    },
    {
      "type": {
        "label": "(",
        "beforeExpr": true,
        "startsExpr": true,
        "rightAssociative": false,
        "isLoop": false,
        "isAssign": false,
        "prefix": false,
        "postfix": false,
        "binop": null
      },
      "start": 6108,
      "end": 6109,
      "loc": {
        "start": {
          "line": 195,
          "column": 32
        },
        "end": {
          "line": 195,
          "column": 33
        }
      }
    },
    {
      "type": {
        "label": "name",
        "beforeExpr": false,
        "startsExpr": true,
        "rightAssociative": false,
        "isLoop": false,
        "isAssign": false,
        "prefix": false,
        "postfix": false,
        "binop": null
      },
      "value": "ev",
      "start": 6109,
      "end": 6111,
      "loc": {
        "start": {
          "line": 195,
          "column": 33
        },
        "end": {
          "line": 195,
          "column": 35
        }
      }
    },
    {
      "type": {
        "label": ")",
        "beforeExpr": false,
        "startsExpr": false,
        "rightAssociative": false,
        "isLoop": false,
        "isAssign": false,
        "prefix": false,
        "postfix": false,
        "binop": null
      },
      "start": 6111,
      "end": 6112,
      "loc": {
        "start": {
          "line": 195,
          "column": 35
        },
        "end": {
          "line": 195,
          "column": 36
        }
      }
    },
    {
      "type": {
        "label": "{",
        "beforeExpr": true,
        "startsExpr": true,
        "rightAssociative": false,
        "isLoop": false,
        "isAssign": false,
        "prefix": false,
        "postfix": false,
        "binop": null
      },
      "start": 6113,
      "end": 6114,
      "loc": {
        "start": {
          "line": 196,
          "column": 0
        },
        "end": {
          "line": 196,
          "column": 1
        }
      }
    },
    {
      "type": {
        "label": "name",
        "beforeExpr": false,
        "startsExpr": true,
        "rightAssociative": false,
        "isLoop": false,
        "isAssign": false,
        "prefix": false,
        "postfix": false,
        "binop": null
      },
      "value": "ev",
      "start": 6117,
      "end": 6119,
      "loc": {
        "start": {
          "line": 197,
          "column": 2
        },
        "end": {
          "line": 197,
          "column": 4
        }
      }
    },
    {
      "type": {
        "label": ".",
        "beforeExpr": false,
        "startsExpr": false,
        "rightAssociative": false,
        "isLoop": false,
        "isAssign": false,
        "prefix": false,
        "postfix": false,
        "binop": null,
        "updateContext": null
      },
      "start": 6119,
      "end": 6120,
      "loc": {
        "start": {
          "line": 197,
          "column": 4
        },
        "end": {
          "line": 197,
          "column": 5
        }
      }
    },
    {
      "type": {
        "label": "name",
        "beforeExpr": false,
        "startsExpr": true,
        "rightAssociative": false,
        "isLoop": false,
        "isAssign": false,
        "prefix": false,
        "postfix": false,
        "binop": null
      },
      "value": "data",
      "start": 6120,
      "end": 6124,
      "loc": {
        "start": {
          "line": 197,
          "column": 5
        },
        "end": {
          "line": 197,
          "column": 9
        }
      }
    },
    {
      "type": {
        "label": ".",
        "beforeExpr": false,
        "startsExpr": false,
        "rightAssociative": false,
        "isLoop": false,
        "isAssign": false,
        "prefix": false,
        "postfix": false,
        "binop": null,
        "updateContext": null
      },
      "start": 6124,
      "end": 6125,
      "loc": {
        "start": {
          "line": 197,
          "column": 9
        },
        "end": {
          "line": 197,
          "column": 10
        }
      }
    },
    {
      "type": {
        "label": "name",
        "beforeExpr": false,
        "startsExpr": true,
        "rightAssociative": false,
        "isLoop": false,
        "isAssign": false,
        "prefix": false,
        "postfix": false,
        "binop": null
      },
      "value": "external",
      "start": 6125,
      "end": 6133,
      "loc": {
        "start": {
          "line": 197,
          "column": 10
        },
        "end": {
          "line": 197,
          "column": 18
        }
      }
    },
    {
      "type": {
        "label": ".",
        "beforeExpr": false,
        "startsExpr": false,
        "rightAssociative": false,
        "isLoop": false,
        "isAssign": false,
        "prefix": false,
        "postfix": false,
        "binop": null,
        "updateContext": null
      },
      "start": 6133,
      "end": 6134,
      "loc": {
        "start": {
          "line": 197,
          "column": 18
        },
        "end": {
          "line": 197,
          "column": 19
        }
      }
    },
    {
      "type": {
        "label": "name",
        "beforeExpr": false,
        "startsExpr": true,
        "rightAssociative": false,
        "isLoop": false,
        "isAssign": false,
        "prefix": false,
        "postfix": false,
        "binop": null
      },
      "value": "push",
      "start": 6134,
      "end": 6138,
      "loc": {
        "start": {
          "line": 197,
          "column": 19
        },
        "end": {
          "line": 197,
          "column": 23
        }
      }
    },
    {
      "type": {
        "label": "(",
        "beforeExpr": true,
        "startsExpr": true,
        "rightAssociative": false,
        "isLoop": false,
        "isAssign": false,
        "prefix": false,
        "postfix": false,
        "binop": null
      },
      "start": 6138,
      "end": 6139,
      "loc": {
        "start": {
          "line": 197,
          "column": 23
        },
        "end": {
          "line": 197,
          "column": 24
        }
      }
    },
    {
      "type": {
        "label": "name",
        "beforeExpr": false,
        "startsExpr": true,
        "rightAssociative": false,
        "isLoop": false,
        "isAssign": false,
        "prefix": false,
        "postfix": false,
        "binop": null
      },
      "value": "code",
      "start": 6139,
      "end": 6143,
      "loc": {
        "start": {
          "line": 197,
          "column": 24
        },
        "end": {
          "line": 197,
          "column": 28
        }
      }
    },
    {
      "type": {
        "label": ")",
        "beforeExpr": false,
        "startsExpr": false,
        "rightAssociative": false,
        "isLoop": false,
        "isAssign": false,
        "prefix": false,
        "postfix": false,
        "binop": null
      },
      "start": 6143,
      "end": 6144,
      "loc": {
        "start": {
          "line": 197,
          "column": 28
        },
        "end": {
          "line": 197,
          "column": 29
        }
      }
    },
    {
      "type": {
        "label": ";",
        "beforeExpr": true,
        "startsExpr": false,
        "rightAssociative": false,
        "isLoop": false,
        "isAssign": false,
        "prefix": false,
        "postfix": false,
        "binop": null,
        "updateContext": null
      },
      "start": 6144,
      "end": 6145,
      "loc": {
        "start": {
          "line": 197,
          "column": 29
        },
        "end": {
          "line": 197,
          "column": 30
        }
      }
    },
    {
      "type": {
        "label": "}",
        "beforeExpr": false,
        "startsExpr": false,
        "rightAssociative": false,
        "isLoop": false,
        "isAssign": false,
        "prefix": false,
        "postfix": false,
        "binop": null
      },
      "start": 6146,
      "end": 6147,
      "loc": {
        "start": {
          "line": 198,
          "column": 0
        },
        "end": {
          "line": 198,
          "column": 1
        }
      }
    },
    {
      "type": {
        "label": "eof",
        "beforeExpr": false,
        "startsExpr": false,
        "rightAssociative": false,
        "isLoop": false,
        "isAssign": false,
        "prefix": false,
        "postfix": false,
        "binop": null,
        "updateContext": null
      },
      "start": 6148,
      "end": 6148,
      "loc": {
        "start": {
          "line": 199,
          "column": 0
        },
        "end": {
          "line": 199,
          "column": 0
        }
      }
    }
  ]
}